{"type":"FeatureCollection","features":[{"type":"Feature","properties":{"district":"Kebonagung"},"geometry":{"type":"MultiPolygon","coordinates":[[[[110.74697,-6.99675],[110.74697,-6.99707],[110.74697,-6.99726],[110.74696,-6.99756],[110.74699,-6.99816],[110.7471,-6.99837],[110.7477,-6.99923],[110.7479,-6.99934],[110.74842,-6.99964],[110.74854,-6.9998],[110.74858,-6.99998],[110.74853,-7.00013],[110.74848,-7.00044],[110.74849,-7.00156],[110.74863,-7.00177],[110.74888,-7.00214],[110.74892,-7.00233],[110.74891,-7.00278],[110.74886,-7.00296],[110.74879,-7.00314],[110.74871,-7.00323],[110.74866,-7.00369],[110.74855,-7.00453],[110.74853,-7.00521],[110.74852,-7.00588],[110.74852,-7.00658],[110.74855,-7.00717],[110.74861,-7.00829],[110.74868,-7.00936],[110.74876,-7.01032],[110.74882,-7.0114],[110.74885,-7.01224],[110.74889,-7.01276],[110.74896,-7.01297],[110.74941,-7.01322],[110.74954460000004,-7.013293],[110.74960250000004,-7.013324399999931],[110.75,-7.01354],[110.75029,-7.01369],[110.75059,-7.01393],[110.75079,-7.01421],[110.75093,-7.01462],[110.75094180000008,-7.014678],[110.75095060000007,-7.014720899999929],[110.75103,-7.01511],[110.75114,-7.01563],[110.75116,-7.01596],[110.75112230000008,-7.016161199999942],[110.75120240000007,-7.016401899999948],[110.75179620000006,-7.016813099999979],[110.75184190000004,-7.016813099999979],[110.752436,-7.016767799999968],[110.75289310000005,-7.016357199999959],[110.753213,-7.016403],[110.75330420000006,-7.016676899999936],[110.75357820000005,-7.016951],[110.754035,-7.017270799999949],[110.75444630000004,-7.017225399999973],[110.75513170000005,-7.017225699999926],[110.75581690000007,-7.0175],[110.75654780000008,-7.017865599999936],[110.75764390000006,-7.018916199999978],[110.75777340000008,-7.019210399999963],[110.758146,-7.020057699999938],[110.75924260000005,-7.020149599999968],[110.75956180000009,-7.02071449999994],[110.75991060000007,-7.020805799999948],[110.76049040000004,-7.02093549999995],[110.76076510000007,-7.02098559999996],[110.76091,-7.021005599999967],[110.761055,-7.02098559999996],[110.76128390000008,-7.020895899999971],[110.76158140000007,-7.020766699999967],[110.76177210000009,-7.020727099999931],[110.76197810000008,-7.020727099999931],[110.76216890000006,-7.020806799999946],[110.762413,-7.021036099999947],[110.76251220000006,-7.021225399999935],[110.76259610000005,-7.021504799999946],[110.76264950000007,-7.021733299999937],[110.76252740000007,-7.021784799999978],[110.76246640000005,-7.02181],[110.76244350000007,-7.021819099999959],[110.76219940000004,-7.02193879999993],[110.76197050000007,-7.022057],[110.761795,-7.022122399999944],[110.76156620000006,-7.02220959999994],[110.76074980000004,-7.02248469999995],[110.76047510000006,-7.022605399999975],[110.76014710000004,-7.022743699999978],[110.75967410000004,-7.022943],[110.75959010000008,-7.022984],[110.75936130000008,-7.023064099999942],[110.75932310000007,-7.023079899999971],[110.75924680000008,-7.023095099999978],[110.758728,-7.023301599999968],[110.75794980000006,-7.023634899999934],[110.75775140000007,-7.023716899999954],[110.75725550000004,-7.023919499999977],[110.75721740000006,-7.023930499999949],[110.75684360000008,-7.02403929999997],[110.75672150000008,-7.02409119999993],[110.75661470000006,-7.024137],[110.75653840000007,-7.024166099999945],[110.75646210000008,-7.024200899999926],[110.75643160000004,-7.02421419999996],[110.75637820000009,-7.024231899999961],[110.75589750000006,-7.024407399999973],[110.75564580000008,-7.024501799999939],[110.75524140000005,-7.024676799999952],[110.75510410000004,-7.024756899999943],[110.75421910000006,-7.025039599999957],[110.753067,-7.02547119999997],[110.75231170000006,-7.025773],[110.75231090000005,-7.025773399999935],[110.75168610000009,-7.026022399999931],[110.75036620000009,-7.026545],[110.75,-7.026689499999975],[110.74959560000008,-7.026850199999956],[110.74943540000004,-7.02691509999994],[110.74941250000006,-7.026925499999948],[110.74892430000006,-7.027153899999973],[110.74820710000006,-7.027417199999945],[110.74791720000007,-7.027516799999944],[110.74683380000005,-7.027864399999942],[110.74612430000008,-7.028117599999973],[110.74607090000006,-7.028135299999974],[110.74581910000006,-7.028251599999976],[110.74578960000008,-7.028262699999971],[110.74578090000006,-7.028265899999951],[110.74555970000006,-7.028325499999937],[110.74542240000005,-7.028362199999947],[110.74517820000005,-7.028467099999943],[110.74465180000004,-7.02863259999998],[110.74435270000004,-7.028746],[110.74344630000007,-7.029089399999975],[110.74241640000008,-7.029411799999934],[110.74206540000006,-7.02951],[110.74202730000007,-7.02954],[110.74191280000008,-7.02958289999998],[110.74191040000005,-7.029583899999977],[110.74179840000005,-7.02962679999996],[110.74171450000006,-7.029655399999967],[110.74088290000009,-7.029928599999948],[110.739975,-7.030169899999976],[110.73991390000003,-7.030185699999947],[110.73914340000005,-7.030375],[110.73741910000007,-7.030839399999934],[110.73659510000005,-7.031057799999928],[110.73585510000004,-7.031308599999932],[110.73580170000008,-7.031325299999935],[110.73554990000008,-7.03140209999998],[110.73429870000007,-7.031728699999974],[110.73352810000006,-7.031947099999968],[110.73300170000005,-7.032097799999974],[110.73247530000003,-7.032249899999954],[110.73226930000004,-7.03231859999994],[110.73126980000006,-7.032609],[110.73088840000008,-7.03271669999998],[110.73074340000005,-7.032756799999959],[110.73037720000008,-7.032853099999954],[110.72991940000009,-7.03288219999996],[110.72988130000005,-7.03288219999996],[110.72973050000007,-7.032894],[110.72972870000007,-7.032894099999965],[110.72950740000005,-7.032911799999965],[110.72946930000006,-7.032909899999936],[110.72875980000003,-7.032825899999978],[110.72860720000006,-7.032808299999942],[110.72794340000007,-7.032602299999951],[110.72747040000007,-7.03244019999994],[110.72708890000007,-7.032266099999958],[110.72642520000005,-7.032000499999981],[110.72592930000008,-7.031798799999933],[110.72575380000006,-7.031730599999946],[110.72515110000006,-7.031519899999978],[110.72473140000005,-7.03132439999996],[110.72362520000007,-7.030792199999951],[110.72224430000006,-7.03022569999996],[110.72080990000006,-7.029638299999931],[110.72067260000006,-7.029584399999976],[110.72032170000006,-7.02944089999994],[110.71987150000007,-7.029256299999929],[110.71926880000007,-7.028943],[110.71892550000007,-7.028805699999964],[110.71788020000008,-7.028390399999978],[110.71738440000007,-7.028183399999932],[110.71692660000008,-7.02796509999996],[110.716011,-7.027542599999947],[110.715889,-7.027513499999941],[110.71562960000006,-7.027451499999927],[110.71519470000004,-7.027230199999963],[110.71472170000004,-7.027036199999941],[110.71316530000007,-7.026374299999929],[110.71283720000008,-7.026237],[110.71270750000008,-7.026181699999938],[110.71210480000008,-7.025895099999957],[110.71154790000008,-7.025638099999981],[110.711525,-7.02562949999998],[110.71112820000008,-7.025488799999948],[110.71039580000007,-7.025203699999963],[110.70961010000008,-7.024878],[110.70961,-7.024878],[110.70930480000004,-7.024752099999944],[110.70899960000008,-7.024626199999943],[110.70853420000009,-7.024444099999926],[110.70832060000004,-7.024341099999958],[110.70755,-7.024024],[110.70721440000005,-7.023881399999937],[110.70689390000007,-7.023710199999925],[110.70668030000007,-7.02360049999993],[110.70661930000006,-7.023576699999978],[110.70629120000007,-7.02346179999995],[110.70602420000006,-7.023321599999974],[110.70562740000008,-7.023165699999936],[110.70507810000004,-7.022951599999942],[110.70500180000005,-7.022916299999963],[110.70500090000007,-7.02291589999993],[110.70450590000007,-7.022698799999944],[110.70404050000008,-7.02249519999998],[110.70361330000009,-7.022301699999957],[110.70320890000005,-7.022159599999952],[110.70310970000008,-7.02213329999995],[110.70301060000008,-7.022095199999967],[110.70294950000005,-7.022063699999933],[110.70285030000008,-7.022011199999952],[110.70267490000003,-7.021917299999927],[110.70259860000004,-7.021872],[110.70239260000005,-7.021793799999955],[110.70199590000004,-7.021607399999937],[110.70143890000008,-7.021356499999968],[110.70088960000004,-7.02113339999994],[110.700737,-7.021059],[110.70052340000007,-7.020955499999957],[110.700058,-7.020728099999928],[110.69947050000007,-7.020480099999929],[110.699379,-7.020439599999975],[110.69850920000005,-7.020110599999953],[110.69788360000007,-7.019866899999954],[110.69732670000008,-7.01963139999998],[110.69654850000006,-7.01932329999994],[110.69633480000005,-7.019239899999945],[110.69535060000004,-7.018811699999958],[110.69480890000006,-7.018567099999927],[110.69366450000007,-7.018229499999961],[110.69356540000007,-7.018275699999947],[110.69347290000007,-7.018706499999951],[110.69339750000006,-7.019057699999962],[110.69335170000005,-7.019249399999978],[110.693374,-7.019262599999934],[110.69320060000007,-7.020055],[110.69570240000007,-7.020922499999926],[110.69596090000005,-7.02106619999995],[110.69599480000005,-7.021085],[110.69647130000004,-7.02123679999994],[110.69661560000009,-7.021309],[110.69675290000004,-7.02137769999996],[110.69703780000009,-7.021438899999964],[110.69703050000004,-7.021470799999975],[110.69738190000004,-7.02158559999998],[110.69737820000006,-7.021677],[110.69757610000005,-7.021720099999925],[110.69760910000008,-7.021644599999945],[110.69846690000008,-7.021914299999935],[110.69854530000003,-7.021931399999971],[110.69864430000007,-7.021317299999964],[110.69878740000007,-7.021376299999929],[110.69919120000009,-7.021477399999981],[110.69919130000005,-7.021334499999966],[110.69961190000004,-7.021502899999973],[110.69957820000008,-7.021578599999941],[110.69942680000008,-7.021519599999976],[110.69929250000007,-7.022094299999935],[110.699317,-7.022099599999933],[110.69942640000005,-7.02213329999995],[110.69942630000008,-7.022234199999957],[110.69933380000003,-7.022217399999931],[110.69921570000008,-7.022646],[110.69908110000006,-7.022603899999979],[110.69895440000005,-7.023268],[110.69873570000004,-7.023192199999926],[110.698512,-7.023831499999972],[110.69864270000005,-7.023847899999964],[110.698204,-7.025545899999941],[110.69861610000004,-7.025907699999948],[110.69664320000004,-7.025542799999926],[110.69664220000004,-7.025562499999978],[110.69664080000007,-7.025588499999969],[110.69528620000006,-7.025379399999963],[110.69214570000008,-7.024894599999925],[110.69212230000005,-7.02496],[110.69211030000008,-7.024954099999945],[110.69118370000007,-7.028879],[110.69115950000008,-7.028871799999934],[110.69091840000004,-7.029994599999952],[110.69136050000009,-7.030042199999968],[110.69268040000009,-7.030258599999968],[110.69389340000004,-7.03059959999996],[110.69417570000007,-7.030690199999981],[110.69446560000006,-7.030752199999938],[110.69461820000004,-7.030793599999981],[110.69462520000008,-7.030834099999936],[110.69464870000007,-7.030969599999935],[110.69453430000004,-7.031238099999939],[110.69429780000007,-7.031806399999937],[110.69389340000004,-7.032632799999931],[110.69348910000008,-7.033263199999965],[110.69326020000005,-7.033593599999961],[110.69317630000006,-7.033728099999962],[110.69304660000006,-7.033769099999972],[110.69300790000005,-7.033761799999979],[110.69264220000008,-7.033692299999927],[110.69219970000006,-7.033465799999931],[110.69072720000008,-7.03274719999996],[110.69033050000007,-7.032431599999938],[110.69010160000005,-7.032222299999944],[110.68994140000007,-7.032156899999961],[110.68929290000005,-7.033130599999936],[110.68929060000005,-7.033133199999952],[110.68916320000005,-7.03327319999994],[110.68903350000005,-7.033416299999942],[110.688652,-7.033819599999958],[110.68801880000007,-7.034474399999965],[110.687973,-7.034530099999927],[110.68657680000007,-7.036222499999951],[110.68600460000005,-7.036820399999954],[110.685463,-7.037442699999929],[110.68510440000006,-7.037933299999963],[110.685051,-7.03799719999995],[110.68473820000008,-7.038360099999977],[110.68434140000005,-7.038804499999969],[110.68370060000007,-7.039498299999934],[110.68321230000004,-7.040038099999947],[110.68218990000008,-7.041147699999954],[110.68177790000004,-7.041545399999961],[110.68130490000004,-7.042047],[110.68061830000005,-7.042745599999932],[110.68045040000004,-7.042910099999972],[110.68041230000006,-7.042959199999927],[110.679657,-7.043883299999948],[110.67905420000005,-7.044488899999976],[110.67871090000006,-7.044833199999971],[110.67813110000009,-7.045382],[110.677742,-7.045762499999967],[110.677681,-7.045822099999953],[110.67713160000005,-7.046371],[110.67716140000005,-7.046395899999936],[110.67765810000009,-7.046812],[110.67875670000006,-7.047584499999971],[110.678566,-7.047874],[110.67843570000008,-7.048066099999971],[110.67740430000003,-7.050068799999963],[110.67704040000007,-7.050775399999964],[110.67626330000007,-7.050279499999931],[110.67626190000004,-7.050280099999952],[110.67610170000006,-7.050301],[110.67585750000006,-7.050269599999979],[110.67557520000008,-7.050279599999953],[110.67549820000005,-7.050309899999945],[110.67420670000007,-7.04950649999995],[110.67397030000006,-7.04969269999998],[110.67367170000006,-7.050040199999955],[110.67331270000005,-7.050410699999929],[110.67331090000005,-7.050412599999959],[110.67288790000003,-7.050809799999968],[110.67256440000006,-7.05114489999994],[110.67262560000006,-7.051442699999939],[110.67245480000008,-7.051523699999962],[110.67241670000004,-7.051524099999938],[110.67205050000007,-7.051542299999937],[110.67200470000006,-7.051567],[110.67186740000005,-7.051701],[110.671608,-7.052069199999949],[110.67123410000005,-7.052516899999944],[110.67053990000005,-7.053229299999941],[110.67024230000004,-7.053573099999937],[110.67002110000004,-7.053782],[110.66991430000007,-7.053815799999938],[110.66979220000007,-7.053818699999965],[110.66976160000007,-7.053953599999943],[110.66960140000003,-7.054214899999977],[110.66946410000008,-7.054338899999948],[110.66891480000004,-7.05399749999998],[110.66841130000006,-7.053666599999929],[110.66810610000005,-7.053376699999944],[110.66783140000007,-7.053097699999967],[110.66780090000009,-7.052901199999951],[110.66788480000008,-7.052777299999946],[110.66807560000007,-7.052705299999957],[110.66853330000004,-7.052581299999929],[110.669014,-7.052426799999978],[110.66934210000005,-7.052178799999979],[110.66945650000008,-7.052034399999968],[110.66947940000006,-7.051817399999948],[110.66946410000008,-7.051620899999932],[110.66931920000007,-7.051372499999957],[110.66909790000005,-7.051104],[110.66870120000004,-7.050865599999952],[110.66840360000003,-7.050700199999937],[110.66814420000009,-7.050493199999949],[110.668144,-7.050491199999954],[110.66812130000005,-7.050317699999937],[110.66815950000006,-7.050152299999979],[110.66827390000009,-7.049976799999968],[110.66852570000009,-7.049759799999947],[110.66885370000006,-7.049697899999956],[110.66939540000004,-7.049667299999953],[110.66995240000006,-7.049595299999964],[110.67024230000004,-7.049502799999971],[110.67046360000006,-7.04934789999993],[110.67054750000005,-7.049130899999966],[110.67054750000005,-7.048831],[110.670517,-7.048614],[110.67038730000007,-7.048293499999943],[110.67002110000004,-7.047848699999975],[110.66965480000005,-7.047548799999959],[110.66934210000005,-7.04730079999996],[110.66924290000009,-7.047114299999976],[110.66925050000009,-7.046814899999958],[110.66932680000008,-7.046659899999952],[110.66950990000004,-7.04648439999994],[110.66991430000007,-7.046216],[110.67005920000008,-7.046050499999978],[110.67019650000009,-7.045761599999935],[110.67025760000007,-7.045379099999934],[110.67028040000008,-7.044986199999926],[110.67028040000008,-7.044810299999938],[110.67028040000008,-7.04481009999995],[110.67027280000008,-7.044210899999939],[110.670311,-7.043684],[110.67035680000004,-7.043115599999965],[110.670433,-7.04274369999996],[110.670578,-7.042557699999975],[110.67089840000006,-7.042382199999963],[110.67117310000003,-7.042289199999971],[110.671463,-7.042258699999934],[110.67189790000003,-7.042331199999978],[110.67241670000004,-7.042486599999961],[110.67283630000009,-7.042466099999956],[110.67335510000004,-7.042290699999967],[110.673851,-7.041991699999926],[110.67417140000003,-7.041754199999957],[110.67449950000008,-7.041351299999974],[110.67470550000007,-7.040968899999939],[110.67477420000006,-7.040700399999935],[110.67475890000009,-7.040431499999954],[110.67469020000004,-7.040049099999976],[110.67454530000003,-7.039449699999977],[110.674469,-7.038963799999976],[110.67444610000007,-7.038674299999968],[110.67452240000006,-7.03844689999994],[110.67469790000007,-7.03824039999995],[110.67481560000004,-7.038154199999951],[110.67482430000007,-7.038147799999933],[110.67483620000007,-7.038139199999932],[110.67489990000007,-7.038092499999948],[110.67495940000003,-7.038049],[110.67496490000008,-7.038044899999932],[110.675148,-7.03791],[110.67562870000006,-7.0376],[110.67610170000006,-7.037342099999933],[110.67646790000003,-7.03720809999993],[110.676796,-7.037167],[110.67700190000005,-7.037167],[110.67716220000005,-7.037270499999977],[110.67723080000007,-7.037436],[110.67727660000008,-7.037704899999937],[110.67738340000005,-7.037973399999942],[110.67769620000007,-7.038221799999974],[110.67797850000005,-7.03832529999994],[110.67826840000004,-7.038356699999952],[110.67868810000004,-7.038294699999938],[110.67919160000008,-7.038109299999974],[110.67938230000004,-7.037943799999937],[110.67948910000007,-7.037726899999939],[110.67934420000006,-7.037344399999938],[110.67896270000006,-7.036620599999935],[110.67890170000004,-7.036269199999936],[110.67893980000008,-7.03577329999996],[110.67910770000009,-7.03551479999993],[110.67940520000008,-7.035235899999975],[110.67983240000007,-7.034729899999945],[110.68003080000005,-7.034378499999946],[110.68022920000004,-7.034130499999947],[110.68038940000008,-7.034058499999958],[110.68063350000006,-7.03415149999995],[110.68093110000007,-7.03467889999996],[110.68116760000004,-7.035164799999961],[110.68139650000006,-7.035485199999925],[110.68173980000006,-7.035599199999979],[110.68223570000004,-7.035537699999963],[110.682869,-7.035269199999959],[110.68338780000005,-7.034856299999944],[110.68350980000008,-7.034618799999976],[110.68347930000004,-7.034432899999956],[110.683136,-7.034132899999975],[110.68267820000005,-7.033874],[110.68197630000009,-7.033542599999976],[110.68164820000004,-7.033315199999947],[110.68161770000006,-7.033160199999941],[110.681633,-7.032963699999925],[110.68170170000008,-7.032777799999963],[110.68191530000007,-7.032426799999939],[110.68216710000007,-7.03207539999994],[110.68242640000005,-7.031796399999962],[110.68268580000006,-7.031579499999964],[110.68315890000008,-7.031342],[110.68370820000007,-7.031043],[110.68405770000004,-7.030795299999966],[110.68420410000004,-7.030691599999955],[110.684433,-7.030444099999954],[110.68477630000007,-7.030020699999966],[110.68539430000004,-7.029338799999948],[110.68546420000007,-7.029246699999931],[110.68594360000009,-7.028615499999944],[110.68645480000004,-7.027975099999935],[110.68697360000004,-7.027469099999962],[110.68746190000007,-7.027014699999938],[110.68802640000007,-7.026549799999941],[110.68859860000003,-7.026157399999931],[110.68917080000006,-7.025734399999976],[110.68928530000005,-7.02562949999998],[110.68928640000007,-7.025628499999925],[110.68936160000004,-7.025558899999965],[110.68965150000008,-7.025197],[110.68989560000006,-7.02467009999998],[110.69001770000006,-7.024256699999967],[110.6903,-7.023626799999931],[110.69059750000008,-7.022965399999975],[110.69078830000007,-7.022252],[110.69087980000006,-7.021622199999968],[110.69090270000004,-7.021105299999931],[110.69082640000005,-7.02072279999993],[110.69052890000006,-7.020432899999946],[110.69027710000006,-7.020164499999964],[110.69026190000005,-7.020019499999933],[110.69029240000003,-7.019854],[110.69049840000008,-7.019379099999981],[110.69067380000007,-7.018924199999958],[110.69075010000006,-7.018562799999927],[110.69081880000005,-7.017983899999933],[110.69084170000008,-7.017291499999942],[110.69076540000009,-7.017074599999944],[110.69046020000008,-7.016826099999946],[110.69001,-7.016381199999955],[110.68967440000006,-7.016009299999951],[110.68939210000008,-7.015616399999942],[110.68910220000004,-7.015182],[110.68887330000007,-7.014933599999949],[110.68837740000004,-7.014540599999975],[110.68806460000008,-7.014271699999938],[110.68774410000009,-7.014050899999972],[110.68774040000005,-7.014048399999979],[110.687645,-7.013982299999952],[110.68737790000006,-7.013857799999926],[110.68712620000008,-7.013826799999947],[110.68695830000007,-7.013867799999957],[110.68668360000004,-7.014094799999953],[110.68626410000007,-7.014404699999943],[110.68568420000008,-7.014745699999935],[110.68555140000007,-7.014796399999966],[110.68527980000005,-7.014900199999943],[110.68504330000007,-7.014869199999964],[110.68504050000007,-7.014866499999926],[110.68486790000009,-7.014703699999927],[110.68471530000005,-7.014548799999943],[110.684494,-7.014424299999973],[110.68411260000005,-7.014434299999948],[110.68350980000008,-7.01444429999998],[110.68304440000009,-7.014443899999947],[110.68270110000009,-7.014402399999938],[110.68172460000005,-7.014174399999945],[110.68096160000005,-7.013967],[110.68029020000006,-7.013729099999978],[110.68011470000005,-7.013574099999971],[110.68000030000007,-7.013284699999929],[110.68002320000005,-7.012964199999942],[110.68008420000007,-7.012633299999948],[110.680138,-7.012305699999956],[110.68016050000006,-7.01216839999995],[110.68011470000005,-7.011878899999942],[110.67996220000003,-7.011713499999928],[110.67976380000005,-7.011672],[110.67956730000009,-7.011729699999933],[110.67941290000005,-7.011775],[110.67895510000005,-7.01193],[110.67848970000006,-7.012033],[110.678411,-7.012025899999969],[110.67809990000006,-7.011997799999961],[110.67802430000006,-7.011991],[110.67769620000007,-7.011898],[110.67749790000005,-7.011784099999943],[110.67736730000007,-7.011563099999933],[110.67700630000007,-7.011497199999951],[110.67655790000003,-7.011496899999941],[110.67593040000008,-7.011138099999926],[110.67539270000009,-7.010689799999966],[110.67519850000008,-7.010514899999976],[110.67449650000009,-7.009882799999957],[110.67368260000006,-7.008846399999925],[110.67346960000003,-7.008670299999949],[110.673233,-7.008194899999978],[110.67311860000007,-7.007791499999939],[110.67304990000008,-7.007368099999951],[110.673027,-7.006820199999936],[110.67301180000004,-7.006437799999958],[110.673035,-7.006298],[110.67308040000006,-7.006024299999979],[110.67317040000006,-7.005760099999975],[110.673172,-7.005755399999941],[110.67330930000008,-7.005528399999946],[110.67344670000006,-7.005435499999976],[110.67371370000006,-7.005445899999927],[110.67395020000004,-7.005476899999962],[110.67431640000007,-7.005466899999931],[110.67464450000006,-7.005405399999972],[110.67498780000005,-7.005188399999952],[110.67523190000009,-7.004940499999975],[110.67556,-7.004413599999964],[110.67581940000008,-7.003773199999955],[110.67610930000006,-7.003111799999942],[110.67628480000008,-7.002615899999967],[110.67641450000008,-7.002202499999953],[110.67649840000007,-7.00181],[110.67659760000004,-7.00159309999998],[110.67669680000006,-7.001427599999943],[110.67697910000004,-7.00119019999994],[110.67732240000004,-7.001014699999928],[110.67766740000008,-7.000877799999955],[110.67767330000004,-7.00087549999995],[110.67800140000008,-7.00074619999998],[110.67852020000004,-7.000488299999972],[110.67891690000005,-7.000188799999933],[110.67912290000004,-7.000000399999976],[110.67934420000006,-6.99969],[110.67955020000005,-6.999367199999938],[110.67971040000003,-6.999033399999973],[110.67993160000009,-6.998387299999933],[110.68009950000004,-6.997902899999929],[110.68032070000004,-6.997332099999937],[110.68041230000006,-6.996782799999949],[110.68038180000008,-6.996491899999967],[110.68032070000004,-6.996384099999943],[110.679985,-6.996125199999938],[110.67970270000006,-6.99593109999995],[110.67952730000007,-6.995737099999928],[110.67947390000006,-6.9955],[110.67935940000007,-6.994950699999947],[110.67912290000004,-6.994369],[110.67892460000007,-6.99381969999996],[110.67877960000004,-6.993367199999966],[110.67859650000008,-6.992979],[110.67834470000008,-6.99252649999994],[110.67810060000005,-6.992278599999963],[110.67749790000005,-6.991858],[110.67699430000005,-6.991545199999962],[110.67675780000008,-6.991211399999941],[110.67670440000006,-6.99085569999994],[110.67671970000004,-6.990414099999953],[110.67681890000006,-6.990123199999971],[110.67695620000006,-6.989940599999954],[110.67733770000007,-6.989563399999952],[110.67787170000008,-6.98893929999997],[110.67810060000005,-6.988637899999958],[110.67842860000007,-6.988056099999937],[110.67851260000003,-6.987743799999976],[110.67851260000003,-6.987399499999981],[110.67843630000004,-6.987184],[110.67817690000004,-6.986925099999951],[110.67786410000008,-6.986774399999945],[110.67758180000004,-6.986681],[110.67757980000005,-6.986680299999932],[110.67746740000007,-6.986644699999943],[110.67738340000005,-6.986641399999939],[110.67713930000008,-6.986622799999964],[110.67684180000003,-6.986676699999975],[110.67659,-6.98677349999997],[110.676033,-6.987074399999926],[110.67565160000004,-6.987225],[110.675293,-6.987321799999961],[110.67507170000005,-6.987321799999961],[110.674736,-6.987235],[110.67449950000008,-6.987084399999958],[110.67442320000004,-6.987019499999974],[110.67439270000006,-6.986944199999925],[110.67434690000005,-6.986653299999944],[110.67430110000004,-6.986341],[110.67417140000003,-6.986082],[110.67400360000005,-6.985877499999958],[110.67369840000003,-6.985661899999968],[110.67320250000006,-6.985403099999928],[110.67288210000004,-6.98524139999995],[110.67259220000005,-6.985165599999959],[110.67210390000008,-6.985111199999949],[110.67121120000007,-6.985067799999968],[110.67090610000008,-6.985013399999957],[110.67046360000006,-6.984851799999944],[110.67006680000009,-6.98464679999995],[110.66968540000005,-6.984398799999951],[110.66949460000006,-6.984215699999936],[110.66922,-6.983892399999945],[110.66899870000009,-6.98369839999998],[110.66844940000004,-6.983331699999951],[110.66826630000008,-6.983126599999935],[110.66814420000009,-6.982879199999957],[110.66809840000008,-6.982555799999943],[110.66809840000008,-6.982243499999981],[110.66816710000006,-6.982092899999941],[110.66838070000006,-6.982039],[110.668663,-6.982060899999965],[110.66918180000005,-6.982136199999957],[110.66941830000007,-6.982115199999953],[110.66957090000005,-6.982061399999964],[110.66977690000004,-6.98192169999993],[110.67007450000006,-6.981619799999976],[110.670372,-6.981297],[110.67081450000006,-6.981006599999944],[110.67103570000006,-6.980834499999958],[110.67113490000008,-6.98062989999994],[110.67114260000005,-6.980457299999955],[110.67107390000007,-6.980263699999966],[110.67082980000004,-6.979972299999929],[110.67050170000005,-6.979692399999976],[110.67030330000006,-6.979595199999949],[110.66998290000004,-6.979541299999937],[110.66950990000004,-6.979465499999947],[110.66941070000007,-6.979422099999965],[110.66935730000006,-6.979303799999968],[110.66936490000006,-6.979131199999927],[110.66947180000005,-6.978905199999929],[110.66965480000005,-6.97874349999995],[110.67013550000007,-6.978539399999931],[110.67053220000008,-6.978399699999954],[110.67109680000004,-6.978227599999968],[110.67153930000006,-6.977980099999968],[110.67165380000006,-6.977883299999974],[110.67178340000004,-6.97738789999994],[110.67185210000008,-6.976784699999939],[110.67183690000007,-6.976375599999926],[110.67174530000005,-6.976106099999981],[110.67154690000007,-6.97587969999995],[110.67134090000008,-6.975825799999939],[110.67115780000006,-6.975858199999948],[110.67079160000009,-6.975986899999953],[110.67065430000008,-6.976029799999935],[110.67036440000004,-6.976062299999967],[110.67013550000007,-6.976040299999966],[110.66993710000008,-6.975986499999976],[110.66979380000004,-6.975932199999932],[110.66979,-6.97593],[110.66962,-6.97583],[110.66947,-6.9757],[110.66943,-6.97553],[110.66944,-6.97531],[110.66951,-6.97512],[110.66967,-6.97488],[110.66988,-6.9747],[110.67036,-6.97429],[110.67062,-6.97398],[110.67075,-6.97375],[110.67077,-6.97346],[110.67076,-6.97323],[110.67067,-6.97278],[110.67044,-6.97203],[110.67028,-6.97145],[110.67019,-6.971],[110.67016,-6.97055],[110.67019,-6.97028],[110.67027,-6.97017],[110.67039,-6.97007],[110.67064,-6.97002],[110.67111,-6.96994],[110.67132,-6.96985],[110.67142,-6.96971],[110.67145,-6.96958],[110.67145,-6.96931],[110.67142920000003,-6.969147199999952],[110.67136620000008,-6.969049199999972],[110.67118240000008,-6.968681099999969],[110.67123270000008,-6.968530599999951],[110.67156770000008,-6.968229899999926],[110.67179940000005,-6.967940799999951],[110.67180030000009,-6.967939699999931],[110.67203670000004,-6.967644899999925],[110.67216260000004,-6.967603],[110.67228780000005,-6.967561399999965],[110.67232560000008,-6.967537],[110.67257250000006,-6.967377699999929],[110.67312440000006,-6.967863],[110.67359210000006,-6.968245899999943],[110.67367640000003,-6.968314899999939],[110.67454630000009,-6.968934299999944],[110.675751,-6.969553899999937],[110.67616930000008,-6.969704699999966],[110.67660430000006,-6.969922399999973],[110.67722350000008,-6.970073299999967],[110.67795970000009,-6.970358099999942],[110.67874610000007,-6.970659699999942],[110.67859530000004,-6.970943899999952],[110.67961580000008,-6.971580099999926],[110.67990640000005,-6.971684],[110.68034580000005,-6.971925],[110.68069010000005,-6.97192519999993],[110.68107560000004,-6.972131899999965],[110.68277010000008,-6.973184],[110.682783,-6.972642299999961],[110.68400870000005,-6.972753199999943],[110.68400870000005,-6.97289939999996],[110.68402240000006,-6.972890599999971],[110.68402230000004,-6.973055899999963],[110.68457310000008,-6.97327649999994],[110.68582080000004,-6.97314659999995],[110.686281,-6.97309869999998],[110.68692840000006,-6.97296149999994],[110.68787910000009,-6.972508],[110.68875260000004,-6.97196729999996],[110.68888,-6.97206],[110.68909,-6.97214],[110.68962,-6.97221],[110.68999,-6.97232],[110.69025,-6.97246],[110.69056,-6.97262],[110.69093,-6.97289],[110.69149,-6.97324],[110.69153330000006,-6.973167899999964],[110.69158,-6.97309],[110.69173,-6.97299],[110.69197,-6.97283],[110.69202270000005,-6.972737799999948],[110.69203270000008,-6.972720199999969],[110.69213,-6.97255],[110.69238,-6.97194],[110.69245,-6.97162],[110.69251,-6.97162],[110.6926,-6.97155],[110.69304,-6.97185],[110.69343140000007,-6.972224799999935],[110.69348390000005,-6.972275],[110.69351780000005,-6.972225599999945],[110.69352380000004,-6.972216899999978],[110.69352340000006,-6.972216399999979],[110.69351930000005,-6.972211499999958],[110.69352190000006,-6.97218659999993],[110.69353,-6.97211],[110.69347,-6.97186],[110.693386,-6.971518899999978],[110.69339930000007,-6.971524199999976],[110.69338270000009,-6.971499299999948],[110.693318,-6.971256099999948],[110.69331810000006,-6.971126399999946],[110.69331810000006,-6.970996699999944],[110.69336690000006,-6.970867],[110.69339940000003,-6.97080219999998],[110.69349680000005,-6.97070489999993],[110.69365910000005,-6.970705],[110.69382140000005,-6.970721399999945],[110.69393490000004,-6.970786299999929],[110.69382130000008,-6.970867299999952],[110.69734150000005,-6.972312599999952],[110.69735430000009,-6.972127799999953],[110.69745310000008,-6.970692399999962],[110.69748890000005,-6.970172499999933],[110.69860830000005,-6.970659599999976],[110.69833220000004,-6.971064799999965],[110.69866940000009,-6.971265799999969],[110.69906670000006,-6.971502599999951],[110.69909450000006,-6.971519199999932],[110.69893460000009,-6.971939599999928],[110.70014440000006,-6.972357299999942],[110.70088970000006,-6.972614599999929],[110.70109860000008,-6.971754499999975],[110.70152890000008,-6.971907399999964],[110.70161250000007,-6.971546699999976],[110.70175130000007,-6.971588399999973],[110.70182090000009,-6.971394199999963],[110.70182090000009,-6.971283199999959],[110.70179320000005,-6.971172199999955],[110.70179330000008,-6.971047299999952],[110.70194620000007,-6.970769899999937],[110.70200190000008,-6.970589599999926],[110.70194640000005,-6.970492399999955],[110.701877,-6.970450699999958],[110.70168250000006,-6.970547699999941],[110.70137710000006,-6.970505899999978],[110.70151640000006,-6.969687399999941],[110.70040460000007,-6.96935609999997],[110.69983650000006,-6.969186799999932],[110.69969790000005,-6.968770499999948],[110.69972580000007,-6.968645599999945],[110.69976270000006,-6.968324699999926],[110.70050270000007,-6.96851],[110.70053,-6.96847],[110.70054130000005,-6.968460199999981],[110.70104,-6.96803],[110.70176,-6.96739],[110.70218,-6.96703],[110.70275,-6.96655],[110.703,-6.96631],[110.70321,-6.96598],[110.70363,-6.96549],[110.70401,-6.96511],[110.70454,-6.96469],[110.70503,-6.96444],[110.70563,-6.96426],[110.70607,-6.96417],[110.7064,-6.96446],[110.70719,-6.96518],[110.70791,-6.96584],[110.70874,-6.96662],[110.70936,-6.9672],[110.71038,-6.96813],[110.71109,-6.96875],[110.71136,-6.96906],[110.71175,-6.96953],[110.71176820000005,-6.969547199999965],[110.71212,-6.96988],[110.71243,-6.97011],[110.71292,-6.97052],[110.71368,-6.97118],[110.71436,-6.97189],[110.71518,-6.97259],[110.71596,-6.97332],[110.71669,-6.97405],[110.71732,-6.97469],[110.71754080000005,-6.974913599999979],[110.7181,-6.97548],[110.71897,-6.97633],[110.7196,-6.97696],[110.72025,-6.97751],[110.72088,-6.97812],[110.72188,-6.97906],[110.72276,-6.97988],[110.7235,-6.98061],[110.7243,-6.98141],[110.72474,-6.98177],[110.7256,-6.98238],[110.72583,-6.98258],[110.72653,-6.98328],[110.72714,-6.98396],[110.72786,-6.98464],[110.72848,-6.98526],[110.72908,-6.9858],[110.72961,-6.98621],[110.7301,-6.9866],[110.73074,-6.98722],[110.73149,-6.98793],[110.73186520000007,-6.988285899999937],[110.73188380000005,-6.98828919999994],[110.73188560000006,-6.988289599999973],[110.73188510000006,-6.988290799999959],[110.73217770000008,-6.988342499999931],[110.73235260000007,-6.988517399999978],[110.73232730000007,-6.989066799999932],[110.73230220000005,-6.989266599999951],[110.732527,-6.989491499999929],[110.73275190000004,-6.989541499999973],[110.73270890000003,-6.992072499999949],[110.73278380000005,-6.992173399999956],[110.73278920000007,-6.992180699999949],[110.73286690000003,-6.993082299999969],[110.73337,-6.99307],[110.73339110000006,-6.993109299999958],[110.73359,-6.99348],[110.73386,-6.99413],[110.73409,-6.99464],[110.73412480000007,-6.994738199999972],[110.73426,-6.99512],[110.73439,-6.99559],[110.73448,-6.99608],[110.73451,-6.99632],[110.73446,-6.99662],[110.73442,-6.99708],[110.73453,-6.99757],[110.73471,-6.99778],[110.73513,-6.99786],[110.73535,-6.99805],[110.73549,-6.99826],[110.73553,-6.99855],[110.73549,-6.99899],[110.73555,-6.9993],[110.7357,-6.99947],[110.73607,-6.99956],[110.73658,-6.99955],[110.73686,-6.99965],[110.7375,-6.99979],[110.73803,-6.99987],[110.73838,-6.99991],[110.73879,-6.99992],[110.73891,-6.99974],[110.73893,-6.99942],[110.73885,-6.99901],[110.73869,-6.99846],[110.73846,-6.99742],[110.73829,-6.99656],[110.73809,-6.99567],[110.738,-6.99497],[110.73803,-6.9946],[110.73826,-6.99412],[110.73861,-6.99377],[110.73892,-6.99356],[110.73924,-6.99345],[110.73975,-6.99338],[110.74045,-6.99343],[110.74103,-6.99355],[110.74149,-6.9937],[110.74198,-6.99389],[110.7424,-6.99402],[110.7426,-6.99406],[110.74302,-6.99396],[110.74335,-6.99386],[110.74371,-6.99364],[110.74426,-6.99335],[110.7447,-6.99322],[110.74531,-6.99316],[110.7459,-6.99323],[110.74626,-6.99331],[110.74673,-6.99359],[110.74714,-6.99395],[110.74736,-6.99426],[110.74753,-6.99463],[110.7474,-6.99496],[110.74735,-6.99507],[110.74722,-6.99534],[110.74681,-6.99608],[110.74679,-6.99629],[110.74685,-6.99643],[110.74697,-6.99675]]]]}},{"type":"Feature","properties":{"district":"Wedung"},"geometry":{"type":"MultiPolygon","coordinates":[[[[110.66626680000007,-6.741612599999939],[110.66626740000004,-6.741613799999925],[110.66641240000007,-6.741904199999965],[110.66725160000004,-6.743208899999956],[110.66777040000005,-6.744071899999938],[110.668541,-6.745082899999943],[110.66877750000003,-6.745378499999958],[110.668808,-6.745405199999936],[110.66908160000008,-6.745734199999958],[110.66945650000008,-6.74618479999998],[110.66949460000006,-6.746247299999936],[110.66964720000004,-6.746491399999968],[110.66989140000004,-6.746970599999941],[110.67004390000005,-6.747424599999931],[110.67011260000004,-6.747860899999978],[110.67011260000004,-6.748130799999956],[110.67011260000004,-6.748547499999972],[110.67005920000008,-6.749182699999949],[110.66990660000005,-6.75],[110.669899,-6.750055299999929],[110.66978450000005,-6.750437699999964],[110.66953380000007,-6.751145199999939],[110.66953280000007,-6.751148199999932],[110.66934970000005,-6.75168229999997],[110.66931920000007,-6.752441899999951],[110.66932680000008,-6.752725599999962],[110.66931920000007,-6.752773299999944],[110.66917420000004,-6.752917299999979],[110.66908260000008,-6.752981199999965],[110.66897390000008,-6.753064499999937],[110.66896820000005,-6.75306889999996],[110.66862490000005,-6.753292099999953],[110.66819440000006,-6.753538299999946],[110.66812130000005,-6.753580099999965],[110.666954,-6.753903799999932],[110.66641240000007,-6.754060199999969],[110.66571810000005,-6.754334899999947],[110.66506960000004,-6.754850399999953],[110.66484830000007,-6.755061599999976],[110.664711,-6.75527],[110.66465210000007,-6.755441699999949],[110.66464230000008,-6.755470299999956],[110.66460420000004,-6.756033899999977],[110.66461940000005,-6.756307099999958],[110.66471860000007,-6.756613199999947],[110.66493990000004,-6.756999],[110.66513830000008,-6.757210199999975],[110.66549680000008,-6.757447199999945],[110.66558080000004,-6.757474899999977],[110.66587070000008,-6.757572599999946],[110.66622160000009,-6.757646099999931],[110.66638950000004,-6.757681399999967],[110.667923,-6.757701399999974],[110.66831210000004,-6.757738099999926],[110.66874690000009,-6.757849699999952],[110.66905210000004,-6.757943099999977],[110.66909030000005,-6.757947399999978],[110.66916190000006,-6.758028499999966],[110.66938020000003,-6.758275499999968],[110.66962430000007,-6.758610199999964],[110.66985320000003,-6.758998799999972],[110.67006680000009,-6.759682599999962],[110.670105,-6.760134199999925],[110.67008970000006,-6.760711699999945],[110.67002110000004,-6.761213299999952],[110.66996,-6.761451199999954],[110.66982270000005,-6.761665299999947],[110.66958620000008,-6.761887099999967],[110.66955220000006,-6.761905099999979],[110.66933440000008,-6.762020599999971],[110.66923520000006,-6.762070599999959],[110.669136,-6.762125],[110.667778,-6.76263],[110.66749570000007,-6.762740599999972],[110.66732790000009,-6.762871699999948],[110.66704770000007,-6.763278699999944],[110.66704560000005,-6.763281799999959],[110.666954,-6.763421],[110.66686250000004,-6.763604099999952],[110.66685570000004,-6.763684299999966],[110.666832,-6.76396509999995],[110.66686250000004,-6.764307899999949],[110.66692350000005,-6.764528699999971],[110.66708370000003,-6.76476],[110.667366,-6.765055599999926],[110.66764830000005,-6.765246799999943],[110.66825870000008,-6.765559699999926],[110.66868590000007,-6.765687399999933],[110.668889,-6.765743399999963],[110.66917420000004,-6.765821899999935],[110.670013,-6.766208699999936],[110.67064580000005,-6.76650049999995],[110.67064670000008,-6.766500899999926],[110.67086030000007,-6.766607199999953],[110.67130280000003,-6.766832799999975],[110.67156980000004,-6.766976799999952],[110.67196660000008,-6.767030199999965],[110.67233180000005,-6.766958399999965],[110.67243190000005,-6.766938699999969],[110.67287440000007,-6.766792299999963],[110.67321780000009,-6.766606299999978],[110.67346840000005,-6.766408399999932],[110.67355520000007,-6.76699009999993],[110.67355480000003,-6.767628399999978],[110.67355470000007,-6.767854899999975],[110.67450730000007,-6.768236599999966],[110.67445450000008,-6.76866119999994],[110.67448380000008,-6.76874179999993],[110.67449690000007,-6.768778],[110.67136460000006,-6.776330399999949],[110.66970420000007,-6.780506199999934],[110.66801580000003,-6.779922899999974],[110.66782,-6.78042],[110.66746,-6.78129],[110.66715,-6.7821],[110.66691,-6.78272],[110.66669,-6.78329],[110.66655,-6.78391],[110.66651,-6.78428],[110.66641,-6.78468],[110.66635,-6.78519],[110.66607,-6.78599],[110.66577,-6.78684],[110.66567090000007,-6.78738519999996],[110.66567,-6.78739],[110.66566970000008,-6.787397399999975],[110.66565,-6.78793],[110.66561,-6.78894],[110.66567,-6.78934],[110.66569,-6.79007],[110.66573,-6.79072],[110.66577,-6.79156],[110.66575,-6.79249],[110.66565,-6.79342],[110.66561,-6.79411],[110.66547,-6.79488],[110.66529,-6.79544],[110.66479,-6.79607],[110.66422,-6.79698],[110.66381,-6.79741],[110.6638,-6.79763],[110.66374,-6.79782],[110.6634,-6.79845],[110.66325,-6.79871],[110.66265,-6.79946],[110.66244,-6.79979],[110.66221,-6.80023],[110.66195,-6.80076],[110.66162,-6.80152],[110.66146,-6.8018],[110.66136,-6.80183],[110.66115170000006,-6.802092099999925],[110.66105,-6.80222],[110.66082,-6.80277],[110.66057,-6.80333],[110.66051,-6.80359],[110.66046,-6.80414],[110.66048,-6.80495],[110.66044,-6.80532],[110.66034,-6.80604],[110.66022,-6.80685],[110.66022,-6.80716],[110.66016,-6.80745],[110.66008,-6.80774],[110.65993,-6.80812],[110.65977,-6.80852],[110.65968,-6.8087],[110.65955,-6.80883],[110.65934,-6.80898],[110.65931,-6.809008299999959],[110.65933220000005,-6.809875599999941],[110.659951,-6.811114799999928],[110.66037650000004,-6.811734399999978],[110.66122770000004,-6.812896299999977],[110.66223410000003,-6.813593799999978],[110.663279,-6.814717099999939],[110.66389820000006,-6.815336899999977],[110.66459470000007,-6.816266399999961],[110.66482680000007,-6.816537499999981],[110.66583210000005,-6.81889949999993],[110.66610250000008,-6.819867399999964],[110.66610150000008,-6.82137709999995],[110.66610080000004,-6.822422199999949],[110.66614740000006,-6.822734599999933],[110.66633,-6.82276],[110.666464,-6.822802299999978],[110.666237,-6.823209899999938],[110.66623620000007,-6.82433519999995],[110.66623580000004,-6.824938],[110.66623510000005,-6.825902399999961],[110.66587280000005,-6.826545199999941],[110.665591,-6.827107599999977],[110.66559050000006,-6.827830899999981],[110.66559010000009,-6.828473899999949],[110.66558960000003,-6.829116899999974],[110.66550880000005,-6.829679499999941],[110.66534760000008,-6.830242],[110.66522650000007,-6.830925],[110.66470360000005,-6.831286399999954],[110.66446190000005,-6.831969399999934],[110.66401910000008,-6.832652199999927],[110.66393820000008,-6.833415699999932],[110.66357280000005,-6.834016199999951],[110.66325390000009,-6.83454039999998],[110.66316510000007,-6.834776599999941],[110.66278,-6.83458],[110.6623,-6.8343],[110.662208,-6.834238699999958],[110.66217280000006,-6.83421519999996],[110.66164,-6.83386],[110.66102,-6.83348],[110.66046,-6.83322],[110.65967,-6.83293],[110.65906,-6.83272],[110.65825,-6.83237],[110.65752,-6.832],[110.65679,-6.83159],[110.65588,-6.83115],[110.65495,-6.8307],[110.65446,-6.83046],[110.65427,-6.83034],[110.65336,-6.82975],[110.65244,-6.82916],[110.65176,-6.82872],[110.65093,-6.82811],[110.65016,-6.82757],[110.64965,-6.82714],[110.64924,-6.82678],[110.64884,-6.82637],[110.64843,-6.82604],[110.64815,-6.82594],[110.64787850000005,-6.82594649999993],[110.64779240000007,-6.825948499999981],[110.64774320000004,-6.825949699999967],[110.64773,-6.82595],[110.64746,-6.82607],[110.64721,-6.82624],[110.64691,-6.8266],[110.6466,-6.82707],[110.64612,-6.8276],[110.64564,-6.82803],[110.64518,-6.8283],[110.64487,-6.82846],[110.6446,-6.82852],[110.64429,-6.82845],[110.64396,-6.82829],[110.64357,-6.82803],[110.64313,-6.8277],[110.64258,-6.82726],[110.64203,-6.82685],[110.64123,-6.82627],[110.6406,-6.82588],[110.63989,-6.82534],[110.6394,-6.82489],[110.63892,-6.82447],[110.63853,-6.82402],[110.63805,-6.82348],[110.63766940000005,-6.82300209999994],[110.63762,-6.82294],[110.63728290000006,-6.822602899999936],[110.63716,-6.82248],[110.63671,-6.82203],[110.63634130000008,-6.821719899999948],[110.63627,-6.82166],[110.63576,-6.82133],[110.63521,-6.82118],[110.63486,-6.82117],[110.63448,-6.82121],[110.63389,-6.82136],[110.63323,-6.82161],[110.63274,-6.82183],[110.63252,-6.82191],[110.6316,-6.82225],[110.63079,-6.82252],[110.63018,-6.8226],[110.6298,-6.82262],[110.62950190000004,-6.822586899999976],[110.62944,-6.82258],[110.62902,-6.82253],[110.62878,-6.82248],[110.62862,-6.82243],[110.62842,-6.82235],[110.62802,-6.82212],[110.62759,-6.82184],[110.62717,-6.82168],[110.62693,-6.82162],[110.62644,-6.82161],[110.62614,-6.82169],[110.62589,-6.82221],[110.62573,-6.82254],[110.6255,-6.82299],[110.62529,-6.82343],[110.62513,-6.82388],[110.625,-6.82452],[110.62444,-6.82578],[110.62362,-6.82749],[110.62315,-6.82855],[110.6229,-6.82941],[110.622623,-6.830065199999979],[110.62243870000009,-6.830501099999935],[110.62238,-6.83064],[110.62234,-6.83089],[110.62204,-6.83165],[110.62174,-6.83261],[110.62091,-6.83487],[110.62058,-6.83611],[110.61923,-6.83546],[110.6187,-6.83522],[110.61836250000005,-6.835055799999964],[110.61893290000006,-6.834176199999945],[110.618955,-6.834142199999974],[110.61814480000004,-6.833736499999929],[110.61787540000006,-6.833601599999952],[110.61786360000008,-6.833595699999933],[110.61604940000007,-6.832687199999953],[110.61639860000008,-6.832164599999942],[110.61580210000005,-6.831817699999931],[110.61459730000007,-6.831117199999937],[110.615121,-6.83042039999998],[110.61320340000009,-6.829431099999965],[110.61244690000007,-6.83041819999994],[110.61182740000004,-6.830219599999964],[110.61165,-6.83053],[110.6112,-6.83133],[110.61052,-6.83096],[110.6098,-6.83059],[110.60941,-6.82985],[110.60913,-6.82867],[110.60917970000008,-6.827457399999957],[110.60918,-6.82745],[110.60919920000003,-6.827365799999939],[110.60952,-6.82596],[110.61025,-6.82433],[110.61085,-6.82308],[110.61119,-6.82134],[110.61093,-6.82106],[110.61007,-6.82041],[110.60903,-6.81985],[110.60885,-6.81974],[110.60857,-6.81951],[110.60818,-6.81924],[110.60786,-6.81876],[110.60783,-6.81871],[110.60777,-6.81863],[110.60692,-6.81763],[110.60622,-6.81669],[110.60580380000005,-6.816074199999946],[110.60560740000005,-6.81578369999994],[110.60549,-6.81561],[110.60527,-6.81531],[110.60486,-6.81491],[110.60458,-6.81464],[110.60426,-6.81394],[110.60363,-6.81303],[110.60323,-6.81244],[110.60261,-6.8116],[110.60204,-6.81089],[110.60152,-6.81029],[110.60126,-6.80997],[110.601,-6.80948],[110.60072,-6.80885],[110.60061,-6.80861],[110.60056,-6.80853],[110.60025,-6.80865],[110.59993,-6.80873],[110.59985,-6.80874],[110.59979,-6.80868],[110.59968,-6.80862],[110.59955,-6.80844],[110.59928,-6.80756],[110.59919,-6.80737],[110.59894,-6.80713],[110.59862,-6.80695],[110.59838,-6.80687],[110.59817,-6.80686],[110.59739,-6.80704],[110.59721,-6.80707],[110.59709560000005,-6.807034499999929],[110.59692,-6.80698],[110.59662,-6.8068],[110.59621,-6.80652],[110.59598,-6.80642],[110.59556,-6.80636],[110.59463,-6.80662],[110.59418,-6.80673],[110.5939,-6.80681],[110.59361,-6.80687],[110.59331,-6.80685],[110.59317,-6.80679],[110.59286,-6.80649],[110.59265,-6.80633],[110.59225,-6.80619],[110.59197460000007,-6.80612519999994],[110.59191,-6.80611],[110.59181,-6.8061],[110.59171,-6.80611],[110.5913,-6.80631],[110.59109,-6.80646],[110.59098,-6.80664],[110.59089,-6.80681],[110.59057,-6.80729],[110.59042,-6.80747],[110.59008,-6.80768],[110.58954,-6.80786],[110.58885,-6.80807],[110.58854,-6.80817],[110.5884,-6.80819],[110.58792,-6.80797],[110.58767,-6.80776],[110.58665,-6.80657],[110.58622,-6.80615],[110.58589,-6.80591],[110.58569,-6.80581],[110.58535,-6.80578],[110.58512,-6.80579],[110.58503,-6.80581],[110.58496,-6.80589],[110.58485,-6.80545],[110.5845,-6.80486],[110.58423,-6.80442],[110.58392,-6.80418],[110.58307,-6.80366],[110.5821,-6.80311],[110.58135,-6.80268],[110.58057,-6.80223],[110.5798,-6.8018],[110.57913,-6.8013],[110.57836,-6.80096],[110.57785,-6.80094],[110.57688,-6.80105],[110.57654,-6.80105],[110.57639,-6.80098],[110.57621,-6.80079],[110.57593,-6.79993],[110.57568,-6.79971],[110.57522,-6.79954],[110.57456,-6.79939],[110.57417,-6.79916],[110.57355,-6.79885],[110.57329,-6.79885],[110.57267,-6.79907],[110.57226,-6.79916],[110.572,-6.79914],[110.57162,-6.7989],[110.57106,-6.79843],[110.57069,-6.79832],[110.57028,-6.79832],[110.56996470000007,-6.798338499999943],[110.56943,-6.79837],[110.5691,-6.7983],[110.56885,-6.79817],[110.56839,-6.79772],[110.56805,-6.79742],[110.56775,-6.79735],[110.56738,-6.79731],[110.56612,-6.79716],[110.56571,-6.79697],[110.56507,-6.79631],[110.56438,-6.79573],[110.56397,-6.79549],[110.56332,-6.79512],[110.56253,-6.79469],[110.56215270000007,-6.794474699999967],[110.56128490000009,-6.793979499999978],[110.56247470000005,-6.79064829999993],[110.56419980000004,-6.788447299999973],[110.56497310000009,-6.787317],[110.56419980000004,-6.784878099999958],[110.56538950000004,-6.780833],[110.56598440000005,-6.777382799999941],[110.56848280000008,-6.774586899999974],[110.57211150000006,-6.772683299999926],[110.57572,-6.77206],[110.57571,-6.77193],[110.57547,-6.77083],[110.57544,-6.77048],[110.57545740000006,-6.769503199999974],[110.57383660000005,-6.76959],[110.567531,-6.770541799999933],[110.56773,-6.76353],[110.56627,-6.7635],[110.56613,-6.76338],[110.56585,-6.76316],[110.56572,-6.76315],[110.56522,-6.76313],[110.56516,-6.76308],[110.56501,-6.76292],[110.56478,-6.76287],[110.56471,-6.76275],[110.56468980000005,-6.762697799999955],[110.56223670000008,-6.764474199999938],[110.56283160000004,-6.767627],[110.563367,-6.767686499999968],[110.563367,-6.770303899999931],[110.56182030000008,-6.771553099999949],[110.55973830000005,-6.772623899999928],[110.55932190000004,-6.773099699999932],[110.55706140000007,-6.772742799999946],[110.55610960000007,-6.770779799999957],[110.55497940000004,-6.769471099999976],[110.55491990000007,-6.768162399999937],[110.55361120000003,-6.768162399999937],[110.55325430000005,-6.766972599999974],[110.55265940000004,-6.76584239999994],[110.55194550000004,-6.765188],[110.55182660000008,-6.764295699999934],[110.55063680000006,-6.764474199999938],[110.55104,-6.76293],[110.55074,-6.76289],[110.55042,-6.76277],[110.55007840000007,-6.762587899999971],[110.54932810000008,-6.763790099999937],[110.54870350000004,-6.763671099999954],[110.54840610000008,-6.763998299999969],[110.54787070000003,-6.763998299999969],[110.54787070000003,-6.763700899999947],[110.54745430000008,-6.763462899999979],[110.54703790000008,-6.763909099999978],[110.54677020000008,-6.763909099999978],[110.54555070000004,-6.763968599999941],[110.54569950000007,-6.763403399999959],[110.54558050000009,-6.763165499999957],[110.54492610000005,-6.762778799999978],[110.54453950000004,-6.762332699999945],[110.544599,-6.76147009999994],[110.54492610000005,-6.760726599999941],[110.54509230000008,-6.759272399999929],[110.54485430000005,-6.759099899999967],[110.54427180000005,-6.758198399999969],[110.54346870000006,-6.757246599999974],[110.54257640000009,-6.756711199999927],[110.54201130000007,-6.756146099999967],[110.54183280000007,-6.755551199999957],[110.54129750000004,-6.755283499999962],[110.54085130000004,-6.754867099999956],[110.54105950000007,-6.75451019999997],[110.54058360000005,-6.753885599999933],[110.54049440000006,-6.753082499999948],[110.54013750000007,-6.75296359999993],[110.53986980000008,-6.752695899999935],[110.53951290000003,-6.752309199999956],[110.53912620000006,-6.752487699999961],[110.53853130000005,-6.752547199999981],[110.53820420000005,-6.752130699999952],[110.53793650000006,-6.75120869999995],[110.537639,-6.750762599999973],[110.53784720000004,-6.750435399999958],[110.537758,-6.7499],[110.53731190000008,-6.749394399999971],[110.53752010000005,-6.749067199999956],[110.53737130000007,-6.748621],[110.53769850000003,-6.747996399999977],[110.53814470000009,-6.748204599999951],[110.53844210000005,-6.747966699999949],[110.53948310000004,-6.747371799999939],[110.539564,-6.746465799999953],[110.53986980000008,-6.746241599999962],[110.54058360000005,-6.746152399999971],[110.54117850000006,-6.746182099999942],[110.54159490000006,-6.746568799999977],[110.54201130000007,-6.746985199999926],[110.54236820000006,-6.74743129999996],[110.54293330000007,-6.74749079999998],[110.54334970000008,-6.74805589999994],[110.54346870000006,-6.749305099999958],[110.544361,-6.750881499999934],[110.54477740000004,-6.75106],[110.54534250000006,-6.750435399999958],[110.54593740000007,-6.750494899999978],[110.54641330000004,-6.75013789999997],[110.54638360000007,-6.749275399999931],[110.54700820000005,-6.748829199999932],[110.54715690000006,-6.748145199999954],[110.54727590000005,-6.747342099999969],[110.54769230000005,-6.746806699999979],[110.54796,-6.746509299999957],[110.54793020000005,-6.745765699999936],[110.54828710000004,-6.745557499999961],[110.54846560000004,-6.745765699999936],[110.54917940000007,-6.745825199999956],[110.54986350000007,-6.746568799999977],[110.550161,-6.746568799999977],[110.551202,-6.74865079999995],[110.55218350000007,-6.749037399999963],[110.55215380000004,-6.751179],[110.55361120000003,-6.751238499999943],[110.55491990000007,-6.754688699999974],[110.55524710000009,-6.754837399999928],[110.55590140000004,-6.753439499999956],[110.556764,-6.752814799999953],[110.55890550000004,-6.751654899999949],[110.55935160000007,-6.751922499999978],[110.56016,-6.75118],[110.56013,-6.75001],[110.5599,-6.74929],[110.55983,-6.74898],[110.55979,-6.74852],[110.55988,-6.74819],[110.55997,-6.74785],[110.55997,-6.74758],[110.55994,-6.74734],[110.55984,-6.74714],[110.5596,-6.7469],[110.55945,-6.74676],[110.55939,-6.74663],[110.55979,-6.74626],[110.55994,-6.7461],[110.56001,-6.74597],[110.55999,-6.74575],[110.55984,-6.74527],[110.55966,-6.74489],[110.55948,-6.74465],[110.55943,-6.74458],[110.55842,-6.74379],[110.55833,-6.74371],[110.55827,-6.74345],[110.55827,-6.74326],[110.55823,-6.74316],[110.55811,-6.74306],[110.55789,-6.74298],[110.55707,-6.7428],[110.55693,-6.74275],[110.55682,-6.7426],[110.55676,-6.74226],[110.55677,-6.74208],[110.55685,-6.74187],[110.55698,-6.74163],[110.55705,-6.74138],[110.55704,-6.74099],[110.55707,-6.74083],[110.55714,-6.74067],[110.5573,-6.74053],[110.5574,-6.74046],[110.55743,-6.74035],[110.55729,-6.73849],[110.55721510000006,-6.73840359999997],[110.55697220000008,-6.738835499999936],[110.55647,-6.7389],[110.55587170000007,-6.738240599999926],[110.55572290000003,-6.737556499999926],[110.55426550000004,-6.737050899999929],[110.55358140000004,-6.736396599999978],[110.5523,-6.73451],[110.55186,-6.73415],[110.55134,-6.73352],[110.55119,-6.73331],[110.55112,-6.7331],[110.55074,-6.7309],[110.55047,-6.73019],[110.55034,-6.72987],[110.55023,-6.72934],[110.55017,-6.72906],[110.55003,-6.72876],[110.54975,-6.72838],[110.54939,-6.72801],[110.54934520000006,-6.727974899999936],[110.549923,-6.727324899999928],[110.55034710000007,-6.726207],[110.55054760000007,-6.72557],[110.55227270000006,-6.724142299999926],[110.55274860000009,-6.724023399999965],[110.55390860000006,-6.723131099999932],[110.55447370000007,-6.722387499999968],[110.5554,-6.72262],[110.55611,-6.72369],[110.55621,-6.7239],[110.55659,-6.72475],[110.55708,-6.7255],[110.55728,-6.72583],[110.55737,-6.72609],[110.55739,-6.7266],[110.55741,-6.72672],[110.55752,-6.72685],[110.55779,-6.72696],[110.55809,-6.72717],[110.5584,-6.72731],[110.55862,-6.7274],[110.55898,-6.72783],[110.55908,-6.72797],[110.5592,-6.72803],[110.55952,-6.728],[110.5596,-6.72796],[110.5597,-6.7275],[110.55978,-6.72726],[110.55996,-6.72701],[110.56037,-6.72626],[110.56059,-6.72577],[110.56073,-6.72495],[110.56088,-6.72432],[110.56126,-6.72238],[110.56149,-6.72107],[110.56152,-6.72082],[110.56144,-6.72],[110.56182030000008,-6.719086],[110.56176080000006,-6.718729099999962],[110.562088,-6.718461399999967],[110.56253410000005,-6.718372099999954],[110.56280180000005,-6.718401899999947],[110.56301,-6.718610099999978],[110.56455670000008,-6.718848],[110.56461620000005,-6.719294199999979],[110.56488390000004,-6.719740299999955],[110.56491360000007,-6.720394699999929],[110.56541920000006,-6.720632599999931],[110.56569,-6.72114],[110.56563,-6.72124],[110.5659,-6.72165],[110.56609,-6.7219],[110.56617,-6.7221],[110.56616,-6.72246],[110.56612,-6.72282],[110.56618,-6.72345],[110.56612,-6.72446],[110.56611,-6.72463],[110.56617,-6.72472],[110.56638,-6.7249],[110.56653,-6.72509],[110.56664,-6.72542],[110.56665,-6.72561],[110.56657,-6.72582],[110.56654,-6.72587],[110.56682,-6.72615],[110.56741,-6.72646],[110.56764,-6.72662],[110.56792,-6.72697],[110.56802,-6.72713],[110.56832,-6.72723],[110.56862,-6.72721],[110.56894,-6.72709],[110.56924,-6.72694],[110.56946,-6.72689],[110.5696,-6.72692],[110.56976,-6.72702],[110.56986,-6.72714],[110.56992,-6.72734],[110.56986,-6.72762],[110.56978,-6.72789],[110.56979,-6.7281],[110.56994,-6.72837],[110.57018,-6.72893],[110.57046,-6.72956],[110.57056,-6.72977],[110.57076,-6.7299],[110.57082,-6.72993],[110.57183,-6.72992],[110.57217,-6.73],[110.57352,-6.73034],[110.57366,-6.73039],[110.5737,-6.73081],[110.57372,-6.73121],[110.57404,-6.73227],[110.5741,-6.73251],[110.5741,-6.73279],[110.57415,-6.73325],[110.57417,-6.73361],[110.57411,-6.73398],[110.57403,-6.73422],[110.57367,-6.73459],[110.57339,-6.73489],[110.5733,-6.73505],[110.57325,-6.73531],[110.57327,-6.73544],[110.57333,-6.73553],[110.57349,-6.73559],[110.57381,-6.73566],[110.57445,-6.73581],[110.57469,-6.73583],[110.57507,-6.73575],[110.57536,-6.73561],[110.57578,-6.73527],[110.57598,-6.73512],[110.57638,-6.73493],[110.57709,-6.73462],[110.57851,-6.73382],[110.57909,-6.73351],[110.57935,-6.73337],[110.57962,-6.73316],[110.57979,-6.73296],[110.58004730000005,-6.732369199999937],[110.58395280000008,-6.730831199999955],[110.58322,-6.72989],[110.58315070000003,-6.729798],[110.58380060000007,-6.729079699999943],[110.58436570000003,-6.72869309999993],[110.58406830000007,-6.727830499999925],[110.58445490000008,-6.727384399999949],[110.58445490000008,-6.727116699999954],[110.58510930000006,-6.727176199999974],[110.58552570000006,-6.726819199999966],[110.58582310000008,-6.726254099999949],[110.58692360000003,-6.725718699999959],[110.58719130000009,-6.725986399999954],[110.58808360000006,-6.725540299999977],[110.58844050000005,-6.726045899999974],[110.589541,-6.725510499999928],[110.58945180000006,-6.725153599999942],[110.59079020000007,-6.72441],[110.59225710000004,-6.724284799999964],[110.59426880000007,-6.724932599999931],[110.59668730000004,-6.726216299999976],[110.59814450000005,-6.726799899999946],[110.59849550000007,-6.726742299999955],[110.598732,-6.72650909999993],[110.59960940000008,-6.724966],[110.60004430000004,-6.724675199999979],[110.60065460000004,-6.724413399999946],[110.60176850000005,-6.724414299999978],[110.60340120000006,-6.724707099999932],[110.60389710000004,-6.724736699999937],[110.60444640000009,-6.724678499999925],[110.60471340000004,-6.724591199999963],[110.60468290000006,-6.724274099999946],[110.60490420000008,-6.723474899999928],[110.60496520000004,-6.722928499999966],[110.605011,-6.72264569999993],[110.605072,-6.722521799999981],[110.60512540000008,-6.722470299999941],[110.60526270000008,-6.722512699999925],[110.605278,-6.72244969999997],[110.60538480000008,-6.722043],[110.60557560000007,-6.721332099999927],[110.60569760000004,-6.720967799999926],[110.60581210000004,-6.720801299999948],[110.60603330000004,-6.72058149999998],[110.60623170000008,-6.720461799999953],[110.60654450000004,-6.720409399999937],[110.60729980000008,-6.720430399999941],[110.608078,-6.720451799999978],[110.60866550000009,-6.720442799999944],[110.60894010000004,-6.720383599999934],[110.60916140000006,-6.720274],[110.60939790000003,-6.720092299999976],[110.60940010000007,-6.72009],[110.60969540000008,-6.719785699999932],[110.60995480000008,-6.719453299999941],[110.61016080000007,-6.719012699999951],[110.61050420000004,-6.718016099999943],[110.61080590000006,-6.717258],[110.61093140000008,-6.71694279999997],[110.61106110000009,-6.716823499999975],[110.611557,-6.716623799999979],[110.61185450000005,-6.716527399999961],[110.61249540000006,-6.716416399999957],[110.61283110000005,-6.716439199999968],[110.613739,-6.716508399999952],[110.613945,-6.716544099999965],[110.61420440000006,-6.716533599999934],[110.61531070000007,-6.716174099999932],[110.616066,-6.71569919999996],[110.61636350000003,-6.715472699999964],[110.61664580000007,-6.715201299999933],[110.61698150000007,-6.714778399999943],[110.61711120000007,-6.714515699999936],[110.617363,-6.713892899999962],[110.61756130000003,-6.713599199999976],[110.61820220000004,-6.712724199999968],[110.61856080000007,-6.712391799999978],[110.61885830000006,-6.712238799999966],[110.61952970000004,-6.711919299999977],[110.62014010000007,-6.711609799999962],[110.62021640000006,-6.711570299999948],[110.62024690000004,-6.71155349999998],[110.62074350000006,-6.711616799999945],[110.62069240000005,-6.71130919999996],[110.62085320000006,-6.71123369999998],[110.62073060000006,-6.710808399999962],[110.62087250000008,-6.710629],[110.62103320000006,-6.710629099999949],[110.621298,-6.710440299999959],[110.62146840000008,-6.710024699999963],[110.62151530000006,-6.709460199999967],[110.621254,-6.70916219999998],[110.62124630000005,-6.708939],[110.62120820000007,-6.708577099999957],[110.620964,-6.708482699999934],[110.62048340000007,-6.708272],[110.61959840000009,-6.707773699999962],[110.61921690000008,-6.707486099999926],[110.61849210000008,-6.707012599999928],[110.61837770000005,-6.706858599999975],[110.61831670000004,-6.706745599999977],[110.61805720000007,-6.706486199999972],[110.61806490000004,-6.70612],[110.62050630000005,-6.707000199999925],[110.62191770000004,-6.70784139999995],[110.623169,-6.708642899999973],[110.62319060000004,-6.708650399999954],[110.62402340000006,-6.708936199999926],[110.625,-6.70911209999997],[110.62560950000005,-6.709153399999934],[110.62825330000004,-6.709332199999949],[110.62851710000007,-6.709350099999938],[110.62873,-6.70937],[110.62873080000008,-6.709370099999944],[110.63027240000008,-6.709518199999934],[110.63164520000004,-6.70965],[110.63320920000007,-6.710022399999957],[110.63325420000007,-6.710029299999974],[110.63514710000004,-6.710321399999941],[110.63575350000008,-6.710848399999975],[110.636261,-6.711289399999941],[110.63715360000003,-6.712182499999926],[110.63849110000007,-6.713146599999959],[110.63849640000007,-6.713150499999927],[110.63961030000007,-6.713374599999952],[110.64080050000007,-6.713523899999927],[110.64199070000006,-6.713227199999949],[110.64303590000009,-6.712856299999942],[110.64414980000004,-6.712857199999974],[110.64485990000009,-6.712958599999979],[110.645195,-6.713006499999949],[110.64568410000004,-6.713349299999948],[110.64630130000006,-6.713781799999936],[110.64645210000003,-6.713925399999937],[110.64709470000008,-6.714537599999971],[110.64780430000008,-6.715239],[110.64820860000009,-6.715706799999964],[110.64854430000008,-6.715983899999969],[110.64901730000008,-6.716154599999925],[110.649018,-6.71615479999997],[110.64958190000004,-6.716356699999949],[110.65006320000003,-6.716390699999977],[110.65086360000004,-6.71644729999997],[110.65228950000005,-6.715979899999979],[110.65251160000008,-6.715907099999981],[110.65300750000006,-6.715637199999946],[110.65308010000007,-6.715608699999962],[110.653358,-6.715499499999964],[110.65391490000007,-6.715280699999937],[110.65402280000006,-6.715238299999953],[110.65425870000007,-6.715145599999971],[110.65432080000005,-6.715149799999949],[110.65457150000009,-6.715167],[110.65458020000005,-6.715167599999972],[110.65608210000005,-6.71527],[110.65805820000008,-6.715542299999981],[110.66162870000005,-6.716110699999945],[110.66183650000005,-6.716162399999973],[110.66440580000005,-6.716801199999964],[110.66489980000006,-6.717018799999948],[110.66608430000008,-6.717540699999972],[110.66767880000003,-6.718600699999968],[110.667679,-6.718600899999956],[110.66916660000004,-6.720014499999934],[110.67102810000006,-6.722322],[110.67094420000006,-6.723722899999927],[110.67115780000006,-6.724426699999981],[110.67129010000008,-6.724748599999941],[110.67139190000006,-6.72505469999993],[110.67154480000005,-6.725309899999957],[110.67162120000006,-6.725590499999953],[110.67164440000005,-6.726132899999925],[110.67164630000008,-6.726177099999973],[110.67159490000006,-6.72671269999995],[110.67154360000006,-6.727095199999951],[110.67133960000007,-6.72786229999997],[110.67129520000009,-6.728090299999963],[110.67115020000006,-6.728648599999929],[110.67114970000006,-6.72864949999996],[110.67088320000005,-6.729083],[110.67059330000006,-6.729827899999975],[110.67044830000009,-6.730055799999946],[110.67033390000006,-6.730191199999979],[110.67033330000004,-6.730191799999943],[110.67015080000004,-6.730409099999974],[110.67011770000005,-6.730465599999945],[110.66979480000003,-6.73129629999994],[110.66978450000005,-6.73138],[110.669693,-6.732208699999944],[110.66965140000008,-6.73271079999995],[110.66989570000004,-6.73407659999998],[110.66989430000007,-6.734102199999938],[110.66990660000005,-6.734145099999978],[110.67000580000007,-6.73471829999994],[110.66998290000004,-6.735034399999961],[110.66994480000005,-6.735489299999927],[110.66983610000005,-6.73589579999998],[110.66982910000007,-6.735921899999937],[110.66980740000008,-6.73600289999996],[110.66938780000004,-6.736793],[110.66871640000005,-6.737622699999974],[110.66825870000008,-6.738136299999951],[110.66800690000008,-6.738412799999935],[110.66743470000006,-6.738787599999966],[110.66694770000004,-6.739092399999947],[110.66685490000003,-6.739150499999937],[110.66664890000004,-6.739278799999965],[110.66633610000008,-6.739645899999971],[110.66611480000006,-6.739939699999979],[110.66598510000006,-6.740582],[110.66603850000007,-6.741151299999956],[110.66614170000008,-6.741359699999975],[110.66626680000007,-6.741612599999939]]]]}},{"type":"Feature","properties":{"district":"Guntur"},"geometry":{"type":"MultiPolygon","coordinates":[[[[110.62932950000004,-6.946745],[110.62962,-6.94672],[110.62995,-6.94676],[110.62997,-6.94682],[110.6302,-6.9472],[110.63027,-6.94738],[110.63027,-6.94751],[110.63023,-6.94756],[110.63005,-6.94772],[110.62993150000005,-6.948075399999937],[110.62992020000007,-6.948109299999942],[110.62991,-6.94814],[110.62983,-6.94844],[110.62981,-6.94852],[110.62966,-6.94901],[110.62962,-6.94913],[110.62979,-6.94924],[110.63022,-6.94942],[110.63096,-6.94969],[110.631,-6.9498],[110.63171,-6.94953],[110.63225,-6.94933],[110.63309,-6.94901],[110.63346120000006,-6.948846],[110.63352,-6.94882],[110.63352850000007,-6.948815399999944],[110.63393620000005,-6.948591399999941],[110.63544760000008,-6.948309399999971],[110.63582930000007,-6.948130299999946],[110.63612110000008,-6.947973499999932],[110.63636810000008,-6.947839199999976],[110.63641320000005,-6.947592499999928],[110.63645830000007,-6.947323499999925],[110.63668280000007,-6.947144199999968],[110.63681760000009,-6.947009799999933],[110.63717660000009,-6.947054899999955],[110.63755820000006,-6.947032799999931],[110.63798450000007,-6.947145199999966],[110.63827620000006,-6.947167899999954],[110.63847820000007,-6.94710079999993],[110.63926740000005,-6.946456599999976],[110.64144240000007,-6.944681099999968],[110.64164470000009,-6.944277599999964],[110.64155530000005,-6.943784199999925],[110.641017,-6.943335299999944],[110.64115210000006,-6.942707499999926],[110.63386810000009,-6.938940099999968],[110.63401,-6.93855],[110.63429,-6.93767],[110.6346,-6.93706],[110.6349,-6.93672],[110.63526,-6.93649],[110.63539830000008,-6.936430099999939],[110.63548190000006,-6.936393799999962],[110.63556,-6.93636],[110.63585,-6.93632],[110.63612,-6.93631],[110.63665,-6.93643],[110.63706,-6.93658],[110.63794,-6.93671],[110.63852,-6.93667],[110.63892,-6.93657],[110.63924,-6.93639],[110.63941,-6.93622],[110.6396,-6.9359],[110.63976,-6.93545],[110.63988,-6.93488],[110.63987,-6.93434],[110.63977,-6.93371],[110.64029,-6.93433],[110.64058,-6.93469],[110.64104,-6.93505],[110.64136,-6.93525],[110.64223,-6.93568],[110.64244,-6.93581],[110.64263,-6.93607],[110.64305,-6.93674],[110.64321,-6.93708],[110.64323,-6.93725],[110.64321,-6.93744],[110.64305,-6.93766],[110.64255,-6.93808],[110.64194,-6.9385],[110.64177,-6.93874],[110.64173,-6.93899],[110.64176,-6.93922],[110.64196,-6.93948],[110.64253,-6.93987],[110.64303,-6.94003],[110.64347,-6.94015],[110.6436,-6.94025],[110.64371,-6.94041],[110.64374,-6.94064],[110.64372,-6.94121],[110.6438,-6.94146],[110.64411,-6.94197],[110.64448,-6.94236],[110.64492,-6.94274],[110.64515,-6.94285],[110.64593,-6.943],[110.64657,-6.94317],[110.64674,-6.94328],[110.64683,-6.94341],[110.64688,-6.94362],[110.64686,-6.94382],[110.64674,-6.94394],[110.64615,-6.94422],[110.64597,-6.94434],[110.64584,-6.94451],[110.64583,-6.94473],[110.64606,-6.94533],[110.64653,-6.94617],[110.647,-6.94698],[110.64743,-6.94759],[110.64774,-6.94799],[110.64836,-6.94855],[110.64887,-6.94898],[110.64915,-6.9491],[110.6503,-6.94943],[110.65081,-6.94955],[110.65134,-6.94964],[110.65149,-6.9497],[110.65163,-6.94985],[110.65191,-6.95032],[110.65209,-6.95067],[110.65217,-6.95089],[110.65235,-6.95136],[110.65249,-6.95161],[110.65267,-6.95178],[110.65291,-6.95188],[110.65342,-6.95189],[110.65405,-6.95184],[110.6543,-6.95186],[110.65456,-6.952],[110.65487,-6.95235],[110.65513,-6.95281],[110.65531,-6.95321],[110.65541,-6.95356],[110.6554,-6.95374],[110.6552,-6.9542],[110.65516,-6.95446],[110.65519,-6.95461],[110.65531,-6.95486],[110.65546,-6.95507],[110.65561,-6.95519],[110.65591,-6.95525],[110.65623,-6.95519],[110.65661,-6.95485],[110.65687,-6.95463],[110.65705,-6.95458],[110.65729,-6.95467],[110.65752,-6.95489],[110.65759,-6.95509],[110.65764,-6.95541],[110.65769,-6.95569],[110.65779,-6.9558],[110.65792,-6.95582],[110.6582,-6.9558],[110.65869,-6.95539],[110.65921,-6.95494],[110.65953,-6.95473],[110.65974,-6.95464],[110.65997,-6.95466],[110.66028,-6.95477],[110.66097,-6.95517],[110.66176,-6.95571],[110.66222,-6.95599],[110.66236,-6.95615],[110.66243,-6.95632],[110.66266,-6.95718],[110.66293,-6.9582],[110.66307,-6.95886],[110.66308,-6.95915],[110.66307,-6.95979],[110.66306,-6.96001],[110.66313,-6.9602],[110.66332,-6.96036],[110.66368,-6.96054],[110.66427,-6.96069],[110.665,-6.9608],[110.66577780000006,-6.960881399999948],[110.66586,-6.96089],[110.66664,-6.96094],[110.66726,-6.96101],[110.6677,-6.96106],[110.66805,-6.96111],[110.66838,-6.96114],[110.66863,-6.96116],[110.6692,-6.96121],[110.66952,-6.96124],[110.67032,-6.96133],[110.67091,-6.96129],[110.67158,-6.96123],[110.67184,-6.96123],[110.67201,-6.96131],[110.67216,-6.96143],[110.67229,-6.96173],[110.67251,-6.96212],[110.67262,-6.96223],[110.67287,-6.9624],[110.6734,-6.96271],[110.67382,-6.96292],[110.67422,-6.96304],[110.67445,-6.96316],[110.67469,-6.96336],[110.6748,-6.96362],[110.6749,-6.96402],[110.6749,-6.9644],[110.67485,-6.9647],[110.67471,-6.96505],[110.67455,-6.96539],[110.67453,-6.96555],[110.67462,-6.96581],[110.675,-6.96655],[110.67506,-6.96685],[110.67502,-6.9671],[110.67484,-6.96736],[110.67442,-6.96776],[110.67421,-6.96794],[110.67384940000005,-6.968180399999937],[110.67382,-6.9682],[110.67370940000006,-6.968226299999969],[110.67361,-6.96825],[110.67359210000006,-6.968245899999943],[110.67312440000006,-6.967863],[110.67257250000006,-6.967377699999929],[110.67232560000008,-6.967537],[110.67228780000005,-6.967561399999965],[110.67216260000004,-6.967603],[110.67203670000004,-6.967644899999925],[110.67180030000009,-6.967939699999931],[110.67179940000005,-6.967940799999951],[110.67156770000008,-6.968229899999926],[110.67123270000008,-6.968530599999951],[110.67118240000008,-6.968681099999969],[110.67136620000008,-6.969049199999972],[110.67142920000003,-6.969147199999952],[110.67145,-6.96931],[110.67145,-6.96958],[110.67142,-6.96971],[110.67132,-6.96985],[110.67111,-6.96994],[110.67064,-6.97002],[110.67039,-6.97007],[110.67027,-6.97017],[110.67019,-6.97028],[110.67016,-6.97055],[110.67019,-6.971],[110.67028,-6.97145],[110.67044,-6.97203],[110.67067,-6.97278],[110.67076,-6.97323],[110.67077,-6.97346],[110.67075,-6.97375],[110.67062,-6.97398],[110.67036,-6.97429],[110.66988,-6.9747],[110.66967,-6.97488],[110.66951,-6.97512],[110.66944,-6.97531],[110.66943,-6.97553],[110.66947,-6.9757],[110.66962,-6.97583],[110.66979,-6.97593],[110.66979380000004,-6.975932199999932],[110.66979220000007,-6.975931599999967],[110.66963960000004,-6.97599409999998],[110.66944120000005,-6.976112799999953],[110.66909030000005,-6.976366],[110.66876980000006,-6.976587299999949],[110.668663,-6.976642099999935],[110.66848760000005,-6.976660199999969],[110.66822050000007,-6.976605399999926],[110.66761020000007,-6.976394599999935],[110.66648870000006,-6.976070799999945],[110.66606140000005,-6.976000299999953],[110.66540530000009,-6.975914],[110.66455840000003,-6.975883499999952],[110.66359710000006,-6.975917799999934],[110.66324620000006,-6.975861],[110.66272740000005,-6.975736099999949],[110.66236110000006,-6.975576899999965],[110.66180420000006,-6.975338399999941],[110.66120150000006,-6.975045699999953],[110.66120060000009,-6.975044899999943],[110.66056060000005,-6.974542099999951],[110.66013340000006,-6.97421259999993],[110.65979,-6.973983799999928],[110.65934750000008,-6.973791099999971],[110.65877530000006,-6.973513599999933],[110.65843960000007,-6.973434],[110.65810390000007,-6.973399099999938],[110.65762330000007,-6.973423899999943],[110.65711210000006,-6.973513099999934],[110.65662380000003,-6.973597],[110.65595240000005,-6.973660399999972],[110.65547940000005,-6.973670499999969],[110.65483090000004,-6.97368709999995],[110.65435790000004,-6.973760099999936],[110.65387730000003,-6.973878799999966],[110.65345,-6.974097699999959],[110.65317540000007,-6.974345199999959],[110.65279740000005,-6.975008899999978],[110.65279390000006,-6.975015099999951],[110.65265660000006,-6.975075699999934],[110.65247340000008,-6.975083299999937],[110.65228270000006,-6.975011799999947],[110.652092,-6.974896899999976],[110.65187070000007,-6.974663699999951],[110.65164950000008,-6.974382899999966],[110.65139010000007,-6.974224499999934],[110.65117010000006,-6.974169499999959],[110.65116880000005,-6.974169199999949],[110.65091710000007,-6.974150599999973],[110.65069580000005,-6.974196399999926],[110.65036770000006,-6.974333199999933],[110.65005490000004,-6.974497799999938],[110.64958950000005,-6.974726199999964],[110.64930290000007,-6.974935699999946],[110.64909360000007,-6.975088599999935],[110.64905860000005,-6.975120499999946],[110.64875030000007,-6.97540239999995],[110.64823150000007,-6.975895899999955],[110.64761350000003,-6.976435199999969],[110.64697260000008,-6.977019799999937],[110.64603420000009,-6.977933899999925],[110.645462,-6.978482199999974],[110.64494320000006,-6.978825499999971],[110.64484,-6.978861799999947],[110.64474490000003,-6.978895199999954],[110.644555,-6.978965399999936],[110.64455410000005,-6.978965699999947],[110.64395140000005,-6.979023899999959],[110.64328,-6.979001499999981],[110.642662,-6.978781699999956],[110.64225010000007,-6.978589499999941],[110.641655,-6.978196099999934],[110.64085390000008,-6.97759149999996],[110.64022060000008,-6.97717],[110.63980860000004,-6.976913899999943],[110.63944250000009,-6.976730799999928],[110.63944,-6.97672979999993],[110.63889310000008,-6.976519499999938],[110.63826750000004,-6.976400299999966],[110.63777160000006,-6.976409399999966],[110.63739010000006,-6.976500499999929],[110.63699340000005,-6.976728899999955],[110.63674930000008,-6.976984499999958],[110.63645930000007,-6.977400299999942],[110.63597110000006,-6.977935299999956],[110.63541410000005,-6.978449299999966],[110.63513180000007,-6.978684399999963],[110.63477330000006,-6.978951],[110.634407,-6.979150299999958],[110.63392640000006,-6.979378699999927],[110.63337710000008,-6.979552199999944],[110.63317110000008,-6.979570399999943],[110.63281250000006,-6.979542199999969],[110.63179780000007,-6.979367199999956],[110.63139340000004,-6.979276199999958],[110.63099610000006,-6.979129899999975],[110.63093540000006,-6.979107599999963],[110.63089940000003,-6.984232199999951],[110.62953910000004,-6.984354699999926],[110.62809110000006,-6.983665199999962],[110.62689030000007,-6.983028799999943],[110.62556590000008,-6.98242769999996],[110.62402930000007,-6.982073399999933],[110.62348170000007,-6.982037699999978],[110.62243990000007,-6.981560299999956],[110.62261940000008,-6.981291599999963],[110.62207030000008,-6.981363299999941],[110.62085720000005,-6.981626],[110.62000270000004,-6.98211],[110.61943050000008,-6.982597799999951],[110.61904910000004,-6.983294],[110.618988,-6.983696],[110.61900330000009,-6.98428679999995],[110.61907960000008,-6.984467499999937],[110.61908370000003,-6.984607199999971],[110.62054480000006,-6.984945299999936],[110.62051110000004,-6.985345199999927],[110.621645,-6.985712799999931],[110.62151110000008,-6.986312599999962],[110.62077710000005,-6.986511899999925],[110.62031,-6.986544899999956],[110.62047670000004,-6.986745],[110.62067640000004,-6.987245099999939],[110.620676,-6.987778299999945],[110.62094260000003,-6.988045199999931],[110.621343,-6.987912199999926],[110.62170960000009,-6.988312399999927],[110.62147580000004,-6.988712199999952],[110.62137570000004,-6.988745399999971],[110.621809,-6.989145699999938],[110.62244250000003,-6.989412899999934],[110.62274250000007,-6.989779699999929],[110.62277540000008,-6.990246299999967],[110.62270820000003,-6.990846199999964],[110.62197430000003,-6.990978899999959],[110.62191580000007,-6.990979799999934],[110.62197310000005,-6.992412],[110.62304020000005,-6.992846199999974],[110.62367380000006,-6.993113299999948],[110.62407380000008,-6.993480199999965],[110.624156,-6.993480299999931],[110.62428990000006,-6.99412209999997],[110.62424,-6.99418019999996],[110.62423930000006,-6.995046799999955],[110.62383870000008,-6.995479699999976],[110.62317080000008,-6.99641239999994],[110.62313630000006,-6.997845499999926],[110.62293610000006,-6.997845299999938],[110.62228390000007,-6.998180699999978],[110.62236670000004,-7.000811099999964],[110.62165460000006,-7.000983],[110.62197110000005,-7.002211099999954],[110.62202450000007,-7.002531499999975],[110.62203980000004,-7.002759899999944],[110.62204230000009,-7.002764899999931],[110.62211610000008,-7.002913399999954],[110.62222760000009,-7.003012899999931],[110.62228390000007,-7.003063199999929],[110.622879,-7.003340699999967],[110.62311550000004,-7.003467099999966],[110.62351990000008,-7.003840899999943],[110.62377930000008,-7.004196099999945],[110.62386920000006,-7.004316499999959],[110.62390140000008,-7.004359699999952],[110.623901,-7.004361399999937],[110.62388610000005,-7.00443219999994],[110.62378690000008,-7.004910399999972],[110.623743,-7.005412],[110.62371830000006,-7.005694399999925],[110.62367150000006,-7.006125899999972],[110.62351990000008,-7.007524499999931],[110.623291,-7.008084699999927],[110.62285610000004,-7.009357],[110.62268060000008,-7.009858599999973],[110.62239390000008,-7.010952799999927],[110.62032850000008,-7.013401599999952],[110.62008390000005,-7.013639399999931],[110.61873920000005,-7.014946299999963],[110.61737920000007,-7.016612799999962],[110.61515240000006,-7.01905249999993],[110.61413670000007,-7.020131],[110.61388890000006,-7.020394],[110.61291070000004,-7.021532299999933],[110.61267450000008,-7.021739399999944],[110.612217,-7.022519699999975],[110.61186480000003,-7.02244909999996],[110.61183450000004,-7.022443],[110.61167,-7.02241],[110.61062,-7.02219],[110.6082,-7.02173],[110.60749,-7.02129],[110.60667,-7.02039],[110.60637590000005,-7.019957],[110.60631,-7.01986],[110.60632,-7.019768399999975],[110.60760560000006,-7.019809599999974],[110.60765280000004,-7.018115099999932],[110.60710270000004,-7.018114599999933],[110.60765390000006,-7.016786899999943],[110.60714990000008,-7.016603299999929],[110.60760940000006,-7.015183899999954],[110.60815950000006,-7.015230199999962],[110.60825180000006,-7.014497499999948],[110.60742690000006,-7.014222],[110.60779460000003,-7.013077399999929],[110.60726340000008,-7.013010599999973],[110.60727,-7.01294],[110.60745,-7.01218],[110.60758,-7.01165],[110.60766,-7.01115],[110.60749,-7.01066],[110.60732,-7.01026],[110.60645,-7.00951],[110.60606,-7.00909],[110.60571,-7.00862],[110.60508,-7.00835],[110.60448,-7.00834],[110.60316,-7.00837],[110.59907,-7.00735],[110.59819,-7.00726],[110.5972,-7.00721],[110.59673,-7.00805],[110.59636,-7.00913],[110.59617,-7.01062],[110.59542,-7.01184],[110.59505,-7.01268],[110.59448,-7.01324],[110.5935,-7.01403],[110.59294,-7.01446],[110.59224,-7.01502],[110.59015550000004,-7.016815],[110.58794370000004,-7.015670899999975],[110.58631660000009,-7.019724599999961],[110.58554,-7.01983],[110.58509610000004,-7.019727599999953],[110.58473160000005,-7.019423499999959],[110.58189060000007,-7.018184399999939],[110.58170680000006,-7.018688099999963],[110.58074780000004,-7.020458599999927],[110.58034,-7.02047],[110.57977,-7.0205],[110.57964,-7.02052],[110.57914,-7.02045],[110.5783,-7.02028],[110.57746,-7.0199],[110.5761,-7.01946],[110.57573,-7.01963],[110.57551980000005,-7.01931049999996],[110.57684040000004,-7.017006299999935],[110.57679210000003,-7.016322199999934],[110.577086,-7.015833799999939],[110.57762480000008,-7.014954699999976],[110.57845740000005,-7.013685],[110.57796850000005,-7.013440199999934],[110.57703960000003,-7.01309729999997],[110.57508410000008,-7.012167099999942],[110.574741,-7.012948699999981],[110.57317160000008,-7.015993099999946],[110.57292,-7.01564],[110.57281,-7.01549],[110.57261,-7.0152],[110.57244,-7.01497],[110.57125,-7.01338],[110.57085,-7.01273],[110.57015,-7.01169],[110.56919,-7.01062],[110.56888,-7.0104],[110.56869,-7.0102],[110.56865,-7.01006],[110.56848,-7.01028],[110.56831,-7.01018],[110.56821,-7.01011],[110.56786,-7.00989],[110.56658,-7.0091],[110.56632,-7.00894],[110.56594,-7.00872],[110.56543,-7.00845],[110.56471,-7.00809],[110.56436,-7.00793],[110.56418,-7.00784],[110.56392710000006,-7.007711099999938],[110.56367,-7.00758],[110.56363,-7.00774],[110.56345,-7.00827],[110.5634,-7.00844],[110.56348,-7.00883],[110.56356,-7.00947],[110.5636,-7.01004],[110.56354,-7.01063],[110.56342,-7.01106],[110.56331,-7.01155],[110.56326,-7.01203],[110.56327,-7.01254],[110.56326,-7.01305],[110.5636,-7.0134],[110.56403,-7.01373],[110.56442,-7.01398],[110.56483,-7.01434],[110.56521,-7.01468],[110.56557,-7.01489],[110.56627,-7.01532],[110.56621,-7.01561],[110.56608,-7.0158],[110.56563,-7.01638],[110.56526,-7.01699],[110.56492,-7.01722],[110.56453650000009,-7.017488399999934],[110.56406170000008,-7.016928299999961],[110.56350550000008,-7.017086499999948],[110.561759,-7.015815],[110.56152190000006,-7.014505199999974],[110.56136380000004,-7.013711399999977],[110.56005430000005,-7.01244029999998],[110.559936,-7.011487799999941],[110.56005630000004,-7.010337099999958],[110.56069180000009,-7.010258399999941],[110.56148590000004,-7.010536899999977],[110.56168520000006,-7.009862399999975],[110.56250850000004,-7.005473099999961],[110.56251930000008,-7.005415199999959],[110.562444,-7.005378899999926],[110.56339980000007,-7.002602],[110.56177190000005,-7.002005199999928],[110.56149320000009,-7.002798599999949],[110.56022250000007,-7.002440299999932],[110.55839690000005,-7.000970299999949],[110.55776140000006,-7.000969699999928],[110.55712560000006,-7.001365899999939],[110.55475890000008,-7.000145],[110.55492,-7],[110.55419,-6.99902],[110.55396150000007,-6.998748],[110.55314,-6.99777],[110.5524,-6.9967],[110.55191,-6.9957],[110.55163,-6.99445],[110.55148,-6.99338],[110.55123,-6.99184],[110.55088,-6.99089],[110.55041,-6.99013],[110.54956,-6.98918],[110.54887,-6.98816],[110.54831,-6.98693],[110.54785,-6.98547],[110.54762,-6.98396],[110.54748,-6.98253],[110.54746,-6.98193],[110.54748,-6.98161],[110.54755,-6.98069],[110.54786,-6.97946],[110.54811090000004,-6.978942],[110.54817,-6.97882],[110.54817420000006,-6.978812499999947],[110.5487,-6.97788],[110.54896,-6.97709],[110.54909,-6.97606],[110.54912,-6.97514],[110.54917,-6.97433],[110.54917,-6.97338],[110.54925,-6.97251],[110.549328,-6.971534599999927],[110.54933040000009,-6.971505],[110.549784,-6.96993759999998],[110.54922480000005,-6.969664],[110.54899,-6.96878],[110.54898970000005,-6.968775799999946],[110.54919090000004,-6.968819099999962],[110.54922250000004,-6.968537],[110.54941160000004,-6.96770639999994],[110.54956960000004,-6.966499499999941],[110.549696,-6.965574799999956],[110.54987350000005,-6.96450219999997],[110.54997760000003,-6.96424589999998],[110.55016220000005,-6.96437439999994],[110.55045170000005,-6.964005499999928],[110.55073310000006,-6.963708899999972],[110.55101710000008,-6.962937799999963],[110.55107120000008,-6.962962799999957],[110.55130460000004,-6.962457399999948],[110.55153810000007,-6.961847699999964],[110.55166710000009,-6.961334199999953],[110.55167530000006,-6.961101399999961],[110.55186890000004,-6.960267],[110.55202950000006,-6.960315299999934],[110.55221350000005,-6.959711099999936],[110.55222360000005,-6.95970559999995],[110.55222730000008,-6.959703599999955],[110.55250090000004,-6.959555699999953],[110.55256940000004,-6.959587299999953],[110.55447120000008,-6.96024529999994],[110.55615730000005,-6.960913099999971],[110.55697410000005,-6.961225799999966],[110.55794,-6.96168],[110.55865,-6.96196],[110.55873,-6.96198],[110.55941,-6.96224],[110.55957920000009,-6.962347099999931],[110.55964320000004,-6.962387699999965],[110.55965370000007,-6.962394299999971],[110.55977860000007,-6.962007899999946],[110.55981910000008,-6.961662899999965],[110.55992370000007,-6.961454299999957],[110.56011690000008,-6.960989],[110.56026760000009,-6.960410799999977],[110.560314,-6.960414899999932],[110.56031130000008,-6.96042529999994],[110.56059170000009,-6.960495599999945],[110.56068,-6.96022],[110.5609,-6.95915],[110.56099,-6.95878],[110.56123,-6.95808],[110.56168,-6.95716],[110.56264,-6.958],[110.56349,-6.95866],[110.56427,-6.95909],[110.56571,-6.95986],[110.56687,-6.96032],[110.56720440000004,-6.960440699999936],[110.56979690000009,-6.961641799999938],[110.56974250000007,-6.961939],[110.57265540000009,-6.963207599999976],[110.57244470000006,-6.963589399999933],[110.57317920000008,-6.964164799999935],[110.57344850000004,-6.964323699999966],[110.57397690000005,-6.964512799999966],[110.57442980000008,-6.964796199999967],[110.57524120000005,-6.965268599999945],[110.57567530000006,-6.965438699999936],[110.576336,-6.965609099999938],[110.57705350000003,-6.965609799999982],[110.57814850000005,-6.965610699999957],[110.57886610000008,-6.965460499999949],[110.57935710000004,-6.965347699999938],[110.57973480000004,-6.965234899999928],[110.58005,-6.96543],[110.58059,-6.96558],[110.58108,-6.96558],[110.5817,-6.96541],[110.58194,-6.96522],[110.58226,-6.96458],[110.58259,-6.96379],[110.58301,-6.96309],[110.58349,-6.9624],[110.58388,-6.96196],[110.58426,-6.96169],[110.58446,-6.96162],[110.58479,-6.96156],[110.58525,-6.96162],[110.58549,-6.96173],[110.58606,-6.96195],[110.58666,-6.96226],[110.58702,-6.96244],[110.58751,-6.9627],[110.58828,-6.96303],[110.58944,-6.96349],[110.59027,-6.96377],[110.59104,-6.96399],[110.59166,-6.96406],[110.59232,-6.9641],[110.59402,-6.96418],[110.59473,-6.9643],[110.59508,-6.96444],[110.59535,-6.96454],[110.59596,-6.96474],[110.59673,-6.96502],[110.59736,-6.96524],[110.59796,-6.96557],[110.59874,-6.96605],[110.59977,-6.96689],[110.60056,-6.96732],[110.60099,-6.96746],[110.60157,-6.96751],[110.60279,-6.96743],[110.60347,-6.96732],[110.60426,-6.96708],[110.60488,-6.96679],[110.60561,-6.96635],[110.60612,-6.96587],[110.60638,-6.96534],[110.60661,-6.96454],[110.6067,-6.96373],[110.60663,-6.96303],[110.60658,-6.96294],[110.60649,-6.96253],[110.60644,-6.96208],[110.6064,-6.961],[110.60634,-6.96061],[110.60625,-6.96028],[110.60603,-6.95969],[110.6059,-6.95919],[110.60585,-6.95875],[110.60581,-6.95804],[110.60574,-6.95767],[110.60561,-6.95731],[110.60524,-6.95657],[110.60506,-6.95602],[110.60493,-6.95529],[110.60488,-6.95466],[110.60481,-6.95367],[110.60481,-6.953448799999933],[110.60481,-6.95329],[110.60475,-6.95235],[110.60475,-6.95147],[110.60483,-6.95091],[110.60503,-6.9505],[110.60526,-6.9503],[110.60565,-6.95012],[110.60612,-6.95002],[110.60671,-6.95009],[110.60698,-6.95022],[110.6073,-6.9506],[110.60767,-6.95107],[110.60813,-6.95153],[110.60842110000004,-6.951694499999974],[110.60859,-6.95179],[110.60925,-6.95201],[110.60937,-6.95206],[110.61,-6.95227],[110.61013850000006,-6.952303599999937],[110.61033,-6.95235],[110.61115,-6.95258],[110.61194,-6.95284],[110.6133,-6.95329],[110.61337,-6.95331],[110.61340990000008,-6.953296299999977],[110.61427,-6.953],[110.61627,-6.9532],[110.61712,-6.95329],[110.61761,-6.95339],[110.61794,-6.95357],[110.61827,-6.95367],[110.61882,-6.95378],[110.61938,-6.95382],[110.61966,-6.95383],[110.62004,-6.95393],[110.62062,-6.95408],[110.62069,-6.95409],[110.62101,-6.95412],[110.62147,-6.95428],[110.62175,-6.95439],[110.62202,-6.95442],[110.6223,-6.95444],[110.62264,-6.95416],[110.62282,-6.95395],[110.62295,-6.95362],[110.62316,-6.95287],[110.62319,-6.95186],[110.62316,-6.95096],[110.62321,-6.94958],[110.6234,-6.94846],[110.62341,-6.94748],[110.62319,-6.94665],[110.62346,-6.94635],[110.62428,-6.94705],[110.625,-6.9476],[110.62505,-6.94764],[110.62559,-6.94806],[110.62598,-6.94844],[110.62631,-6.94882],[110.62683,-6.94941],[110.62691,-6.94933],[110.62702,-6.94916],[110.62706,-6.94909],[110.62715,-6.94897],[110.62721,-6.94876],[110.6274,-6.94856],[110.62748,-6.94848],[110.62743,-6.94827],[110.62738,-6.94813],[110.62764,-6.94772],[110.62779,-6.94748],[110.62832,-6.94714],[110.62872,-6.94691],[110.62904,-6.94677],[110.62932950000004,-6.946745]]]]}},{"type":"Feature","properties":{"district":"Mijen"},"geometry":{"type":"MultiPolygon","coordinates":[[[[110.70911560000008,-6.851557899999932],[110.70911,-6.85154],[110.70885,-6.85022],[110.70884940000008,-6.850212],[110.70883790000005,-6.850212],[110.70873950000004,-6.849748],[110.70861130000009,-6.849392599999931],[110.708414,-6.848968],[110.70811410000005,-6.848509399999955],[110.7079,-6.84835],[110.70719,-6.84786],[110.70674790000004,-6.847635399999945],[110.70656,-6.84754],[110.70551,-6.84698],[110.70479,-6.84655],[110.70431,-6.84625],[110.70391,-6.84604],[110.70314,-6.84571],[110.70244,-6.84537],[110.70156,-6.84493],[110.70056,-6.84439],[110.70013,-6.84413],[110.7001,-6.84407],[110.70010030000009,-6.844064599999967],[110.70011,-6.8439],[110.70018,-6.84366],[110.70034,-6.84331],[110.70067,-6.84268],[110.70099,-6.84214],[110.70137,-6.84147],[110.70173,-6.84076],[110.70196,-6.84027],[110.70231,-6.83958],[110.70241,-6.83924],[110.70244,-6.83902],[110.70235,-6.83881],[110.70226,-6.83869],[110.70211,-6.83855],[110.70182,-6.8384],[110.70136,-6.83819],[110.70065,-6.8379],[110.70001,-6.83759],[110.69903,-6.83703],[110.69834,-6.8366],[110.69751,-6.83616],[110.69676,-6.83577],[110.69672420000006,-6.835754],[110.69670080000009,-6.835743599999944],[110.69570860000005,-6.837464699999941],[110.69471180000005,-6.838740299999927],[110.69467990000004,-6.83871929999998],[110.69218470000004,-6.837079599999981],[110.69172450000008,-6.837998199999959],[110.69070340000007,-6.837385],[110.69093340000006,-6.83702779999993],[110.68929980000007,-6.835852599999953],[110.68950430000007,-6.835521],[110.68506270000006,-6.832761499999947],[110.68661660000004,-6.830053499999963],[110.68656830000003,-6.83001349999995],[110.68754280000007,-6.828143299999965],[110.68634310000004,-6.827376799999968],[110.68590830000005,-6.828320899999937],[110.685141,-6.828654599999936],[110.685098,-6.828617],[110.684994,-6.828718599999945],[110.68286790000008,-6.830794699999956],[110.68210230000005,-6.830028499999969],[110.68389920000004,-6.827193],[110.6839,-6.82719],[110.68409,-6.82691],[110.68437,-6.82647],[110.68466,-6.82609],[110.68611,-6.823],[110.68578,-6.82265],[110.68555,-6.82247],[110.68514,-6.82227],[110.68471,-6.82211],[110.68373,-6.82174],[110.68285,-6.82141],[110.68191,-6.82112],[110.6814,-6.82102],[110.68099,-6.82102],[110.68073,-6.82114],[110.68070520000003,-6.821158599999933],[110.68070760000006,-6.821076799999958],[110.68073840000005,-6.820023699999979],[110.68030780000004,-6.819952699999931],[110.67439380000008,-6.818976899999939],[110.67408760000006,-6.821800399999972],[110.67395670000008,-6.822582199999943],[110.67382560000004,-6.823755],[110.67334710000006,-6.82436279999996],[110.67200060000005,-6.823145599999975],[110.669915,-6.822318799999948],[110.66661220000009,-6.822012399999949],[110.66671120000007,-6.82232659999994],[110.66670610000006,-6.822367499999928],[110.666464,-6.822802299999978],[110.66633,-6.82276],[110.66614740000006,-6.822734599999933],[110.66610080000004,-6.822422199999949],[110.66610150000008,-6.82137709999995],[110.66610250000008,-6.819867399999964],[110.66583210000005,-6.81889949999993],[110.66482680000007,-6.816537499999981],[110.66459470000007,-6.816266399999961],[110.66389820000006,-6.815336899999977],[110.663279,-6.814717099999939],[110.66223410000003,-6.813593799999978],[110.66122770000004,-6.812896299999977],[110.66037650000004,-6.811734399999978],[110.659951,-6.811114799999928],[110.65933220000005,-6.809875599999941],[110.65931,-6.809008299999959],[110.65934,-6.80898],[110.65955,-6.80883],[110.65968,-6.8087],[110.65977,-6.80852],[110.65993,-6.80812],[110.66008,-6.80774],[110.66016,-6.80745],[110.66022,-6.80716],[110.66022,-6.80685],[110.66034,-6.80604],[110.66044,-6.80532],[110.66048,-6.80495],[110.66046,-6.80414],[110.66051,-6.80359],[110.66057,-6.80333],[110.66082,-6.80277],[110.66105,-6.80222],[110.66115170000006,-6.802092099999925],[110.66136,-6.80183],[110.66146,-6.8018],[110.66162,-6.80152],[110.66195,-6.80076],[110.66221,-6.80023],[110.66244,-6.79979],[110.66265,-6.79946],[110.66325,-6.79871],[110.6634,-6.79845],[110.66374,-6.79782],[110.6638,-6.79763],[110.66381,-6.79741],[110.66422,-6.79698],[110.66479,-6.79607],[110.66529,-6.79544],[110.66547,-6.79488],[110.66561,-6.79411],[110.66565,-6.79342],[110.66575,-6.79249],[110.66577,-6.79156],[110.66573,-6.79072],[110.66569,-6.79007],[110.66567,-6.78934],[110.66561,-6.78894],[110.66565,-6.78793],[110.66566970000008,-6.787397399999975],[110.66567,-6.78739],[110.66567090000007,-6.78738519999996],[110.66577,-6.78684],[110.66607,-6.78599],[110.66635,-6.78519],[110.66641,-6.78468],[110.66651,-6.78428],[110.66655,-6.78391],[110.66669,-6.78329],[110.66691,-6.78272],[110.66715,-6.7821],[110.66746,-6.78129],[110.66782,-6.78042],[110.66801580000003,-6.779922899999974],[110.66970420000007,-6.780506199999934],[110.67136460000006,-6.776330399999949],[110.67449690000007,-6.768778],[110.67448380000008,-6.76874179999993],[110.67445450000008,-6.76866119999994],[110.67450730000007,-6.768236599999966],[110.67490470000007,-6.76504],[110.67487,-6.76498],[110.67486820000005,-6.764976899999965],[110.67491470000004,-6.76493929999998],[110.67496490000008,-6.764898799999969],[110.67553710000004,-6.764406199999939],[110.67593380000005,-6.764126799999929],[110.67677310000005,-6.763548399999934],[110.67689090000005,-6.763450899999953],[110.67704010000006,-6.763327599999968],[110.67707820000004,-6.763300399999935],[110.67716980000006,-6.76305149999996],[110.67745210000004,-6.762847399999941],[110.67745650000006,-6.762852499999951],[110.67776490000006,-6.763207],[110.67818450000004,-6.763629899999955],[110.67853540000004,-6.763886899999932],[110.67863460000007,-6.764062399999943],[110.67868040000008,-6.764247399999931],[110.67866520000007,-6.764591699999926],[110.67858890000008,-6.764897799999972],[110.67830660000004,-6.765614],[110.67823030000005,-6.76592729999993],[110.67826840000004,-6.766229099999975],[110.67836,-6.766519499999958],[110.67852020000004,-6.76680609999994],[110.67877960000004,-6.767116],[110.67913820000007,-6.767468899999926],[110.67915350000004,-6.767479],[110.67954260000005,-6.767735899999934],[110.680603,-6.768434],[110.68138080000006,-6.768742599999939],[110.68154910000004,-6.76880929999993],[110.68218230000008,-6.769101599999942],[110.68295290000009,-6.76958419999994],[110.68300060000007,-6.769620499999974],[110.68331910000006,-6.769862599999954],[110.68335720000005,-6.769897],[110.68389890000009,-6.770174],[110.68425750000006,-6.770260299999961],[110.68453980000004,-6.770239299999957],[110.68492560000004,-6.770137899999952],[110.68494420000007,-6.770133],[110.68518830000005,-6.769974199999979],[110.68525690000007,-6.769901699999934],[110.68544010000005,-6.769713399999944],[110.68560030000003,-6.76939909999993],[110.68566890000005,-6.769101099999943],[110.68570710000006,-6.768350099999964],[110.68574520000004,-6.767859399999963],[110.68583680000006,-6.76744739999998],[110.68607330000009,-6.766764099999932],[110.68624880000004,-6.766560499999969],[110.68643910000009,-6.766411399999981],[110.68644710000007,-6.766405099999929],[110.686676,-6.766334499999971],[110.68695070000007,-6.766314],[110.68738560000008,-6.766369299999951],[110.68755340000007,-6.766424599999937],[110.68788910000006,-6.766536699999961],[110.68839260000004,-6.766737899999953],[110.68885040000004,-6.766986299999928],[110.68920140000006,-6.767300599999942],[110.68944550000003,-6.767604299999959],[110.68971250000004,-6.768056399999978],[110.69014740000006,-6.768754899999976],[110.69046780000008,-6.769078699999966],[110.69062810000008,-6.769155],[110.69091030000004,-6.769189799999936],[110.69142150000005,-6.769208399999968],[110.69161990000003,-6.769144],[110.69194030000006,-6.768919399999959],[110.69241330000006,-6.7686],[110.69322210000007,-6.768133599999942],[110.69352720000006,-6.768062599999951],[110.69379810000004,-6.768054599999971],[110.69400620000005,-6.767957699999954],[110.69398470000004,-6.768060599999956],[110.69427490000004,-6.768091699999957],[110.69458010000005,-6.768200899999954],[110.69467920000005,-6.768250899999941],[110.69467940000004,-6.768251],[110.69494630000008,-6.76842739999995],[110.69509670000008,-6.768547099999978],[110.69532770000006,-6.768740199999968],[110.69547270000004,-6.768968099999938],[110.69557190000006,-6.769278499999928],[110.695558,-6.769552],[110.69555660000009,-6.769579399999941],[110.69549240000003,-6.769931499999927],[110.69536590000007,-6.770625099999961],[110.69531250000006,-6.770810599999947],[110.69520150000005,-6.771199199999955],[110.69504350000005,-6.771752499999934],[110.69498440000007,-6.771959299999935],[110.69467730000008,-6.772683399999949],[110.69461820000004,-6.772822799999972],[110.69444270000008,-6.773240499999929],[110.69424820000006,-6.773684],[110.69415280000004,-6.773901399999943],[110.69407060000009,-6.774140199999977],[110.69396970000008,-6.774433099999953],[110.693985,-6.774687699999959],[110.69409940000008,-6.775093],[110.694272,-6.775388899999939],[110.69427490000004,-6.775393899999926],[110.69453430000004,-6.775692399999969],[110.69480130000005,-6.775876],[110.695015,-6.775964699999975],[110.695343,-6.776039599999933],[110.69544220000006,-6.776062899999943],[110.69572450000004,-6.776077699999973],[110.695961,-6.776067199999943],[110.69604710000004,-6.776064799999972],[110.69654850000006,-6.776051],[110.69797520000009,-6.776138299999957],[110.69850160000004,-6.776220299999977],[110.69902040000005,-6.77636],[110.699391,-6.776549599999953],[110.69939420000009,-6.776551199999972],[110.69963840000008,-6.776728599999956],[110.69978330000004,-6.776930799999946],[110.69980620000007,-6.777062899999976],[110.69978330000004,-6.777444399999979],[110.69966890000006,-6.777905],[110.69946290000007,-6.778828099999942],[110.69947130000008,-6.7789],[110.69953150000003,-6.779414199999962],[110.69950870000008,-6.779696499999943],[110.69940190000005,-6.779895299999964],[110.69916190000004,-6.78030149999995],[110.69895170000007,-6.780657299999973],[110.69872280000004,-6.781056399999954],[110.69859310000004,-6.781442199999958],[110.69856260000006,-6.781775899999957],[110.69859820000005,-6.782157699999971],[110.69863890000005,-6.782594199999949],[110.69872280000004,-6.782827399999974],[110.69921870000007,-6.783410499999945],[110.699379,-6.783480099999963],[110.69948580000005,-6.783525],[110.70001220000006,-6.78375189999997],[110.70034790000005,-6.783957499999929],[110.70097350000009,-6.784417099999928],[110.70120240000006,-6.784642699999949],[110.70134740000009,-6.784899199999927],[110.70138550000007,-6.785128099999952],[110.70137790000007,-6.785855699999956],[110.70120240000006,-6.78777789999998],[110.70118710000008,-6.787917599999957],[110.70132450000006,-6.788193699999965],[110.70161080000008,-6.788589299999956],[110.70161440000004,-6.788594199999977],[110.70196530000004,-6.789089699999977],[110.70207980000004,-6.789322299999981],[110.70228180000004,-6.789800399999933],[110.70228580000008,-6.789809699999978],[110.70240020000006,-6.790086699999961],[110.702919,-6.791194399999938],[110.70301060000008,-6.79158259999997],[110.70302580000003,-6.792091299999981],[110.70307160000004,-6.792515299999934],[110.70320130000005,-6.79300829999994],[110.703453,-6.793589099999963],[110.70364380000007,-6.79384129999994],[110.70401870000006,-6.794218199999932],[110.70417790000005,-6.794378299999948],[110.70475,-6.794756899999925],[110.70504,-6.794842699999947],[110.70522310000007,-6.794805],[110.705513,-6.794641],[110.70580290000004,-6.794364899999948],[110.70584870000005,-6.794336299999941],[110.706131,-6.794062599999961],[110.70622250000008,-6.793968599999971],[110.70734790000006,-6.792810399999951],[110.70749020000005,-6.792664],[110.70749660000007,-6.792657399999939],[110.70756070000004,-6.792632899999944],[110.707695,-6.792581499999926],[110.708168,-6.792495199999962],[110.70822140000007,-6.792495199999962],[110.70903780000003,-6.792497599999933],[110.709404,-6.79245039999995],[110.70954890000007,-6.792362199999957],[110.70963280000007,-6.792228199999954],[110.70973330000004,-6.791999699999963],[110.70986180000006,-6.791707499999973],[110.71005250000007,-6.791089499999941],[110.71008710000007,-6.790925199999947],[110.71016690000005,-6.790546399999926],[110.71028130000008,-6.790102899999965],[110.71047210000006,-6.789781499999947],[110.71073910000007,-6.789468699999929],[110.710968,-6.789327599999979],[110.71128080000005,-6.789227499999981],[110.71166020000004,-6.789158199999974],[110.71166230000006,-6.789157899999964],[110.71293640000005,-6.788923699999941],[110.71311950000006,-6.788989499999957],[110.71325680000007,-6.789129199999934],[110.713356,-6.789335699999981],[110.71340180000004,-6.789619],[110.71337130000006,-6.789990399999965],[110.713356,-6.790489199999968],[110.71342470000008,-6.791277399999956],[110.71351620000007,-6.791520099999957],[110.71368410000008,-6.791708899999946],[110.71413420000005,-6.79205079999997],[110.71463780000005,-6.792297299999973],[110.71486660000005,-6.792289699999969],[110.71531680000004,-6.792182899999943],[110.71582790000008,-6.791999799999928],[110.71612550000009,-6.79177569999996],[110.71619680000003,-6.791695299999958],[110.71657410000006,-6.790957],[110.71682860000004,-6.790509899999961],[110.71701050000007,-6.790066199999956],[110.71707150000009,-6.789943699999981],[110.71712070000007,-6.789844899999935],[110.71709710000005,-6.789718499999935],[110.71736690000006,-6.789372199999946],[110.71739120000007,-6.789325399999939],[110.71744650000005,-6.789377899999977],[110.71766910000008,-6.789211899999941],[110.71768950000006,-6.789192599999978],[110.71803280000006,-6.78904289999997],[110.71861270000005,-6.788879899999927],[110.71935460000009,-6.788639199999977],[110.71991110000005,-6.788535899999943],[110.719993,-6.788525],[110.72006940000006,-6.788508699999966],[110.72076230000005,-6.788432799999953],[110.72091160000008,-6.788447399999939],[110.720986,-6.788454699999932],[110.72119330000004,-6.788509399999953],[110.721477,-6.788684],[110.72165150000006,-6.788836799999956],[110.72177120000003,-6.789038199999936],[110.72177160000007,-6.789038599999969],[110.72191620000007,-6.78923889999993],[110.72205970000005,-6.789438899999936],[110.72228240000004,-6.789749099999938],[110.72251890000007,-6.789961799999958],[110.72286990000003,-6.790176899999949],[110.72387360000005,-6.790608],[110.72389220000008,-6.790616],[110.72521970000008,-6.790895899999953],[110.72537990000006,-6.790911599999959],[110.72561650000006,-6.790932599999962],[110.72565460000004,-6.790931699999931],[110.72621150000003,-6.791015099999981],[110.72671510000004,-6.791143399999953],[110.72708130000007,-6.791275599999949],[110.72715760000006,-6.791303099999936],[110.72746280000007,-6.791463799999974],[110.72766110000003,-6.791630699999928],[110.728157,-6.792215799999951],[110.72847750000005,-6.792602],[110.72876740000004,-6.792867199999932],[110.72923280000003,-6.793208099999958],[110.72944640000009,-6.793328699999961],[110.73025510000008,-6.793352599999935],[110.73056030000004,-6.793340699999931],[110.73074340000005,-6.793275799999947],[110.73091130000006,-6.793136599999968],[110.73110960000008,-6.79271069999993],[110.73124690000009,-6.792416599999967],[110.73142240000004,-6.792115199999955],[110.73162840000003,-6.791934899999944],[110.73185730000006,-6.791817599999945],[110.73205950000005,-6.79179449999998],[110.73316960000005,-6.791667399999938],[110.73345950000004,-6.791666],[110.73370360000007,-6.791722299999947],[110.73393250000004,-6.791849599999978],[110.73404150000005,-6.791950699999973],[110.73412320000006,-6.792026499999963],[110.73448940000009,-6.792678799999976],[110.73502350000007,-6.793229099999962],[110.73538970000004,-6.793566699999928],[110.73582460000006,-6.79381369999993],[110.73625180000005,-6.793990599999972],[110.73654170000009,-6.794035399999927],[110.73674770000008,-6.794021099999952],[110.73755650000004,-6.793627199999946],[110.73780820000007,-6.793521399999975],[110.73828890000004,-6.793458899999962],[110.73876950000005,-6.793456499999934],[110.73926540000008,-6.793504199999973],[110.73980710000006,-6.793610099999967],[110.74040220000006,-6.793789799999956],[110.74049590000004,-6.793821899999955],[110.741066,-6.79401729999995],[110.74124,-6.7941],[110.74124150000006,-6.794100699999944],[110.74131780000005,-6.794177499999932],[110.74155430000008,-6.79462],[110.74172210000006,-6.794923299999937],[110.74186710000004,-6.795141699999931],[110.74193570000006,-6.795430199999942],[110.74193570000006,-6.795676699999945],[110.74193570000006,-6.795903199999941],[110.74190520000008,-6.796090599999957],[110.74186710000004,-6.796154],[110.74185940000007,-6.796293699999978],[110.74191170000006,-6.796357199999932],[110.74191280000008,-6.796358599999962],[110.74217990000005,-6.796358599999962],[110.74259950000004,-6.796242199999938],[110.74337010000005,-6.795917499999973],[110.74418640000005,-6.79557989999995],[110.74457550000005,-6.795450199999948],[110.74508670000006,-6.795307099999945],[110.74591830000008,-6.795138799999961],[110.74665830000004,-6.795009099999959],[110.74752050000006,-6.794775499999957],[110.74826050000007,-6.794684899999936],[110.748642,-6.794698199999971],[110.74901580000005,-6.79480209999997],[110.74922940000005,-6.794919499999935],[110.74942020000009,-6.795153599999935],[110.749588,-6.795478799999955],[110.75,-6.796156899999971],[110.75056460000008,-6.796340499999928],[110.75107570000006,-6.796255599999938],[110.75222010000005,-6.795455899999979],[110.75328060000004,-6.794485499999951],[110.75382230000008,-6.793974799999944],[110.75423430000006,-6.793396],[110.75481410000003,-6.793226199999935],[110.75565340000009,-6.793396899999948],[110.75656890000005,-6.793669199999954],[110.75657,-6.793669499999965],[110.75669860000005,-6.793707299999937],[110.75670050000008,-6.793707899999958],[110.75761020000004,-6.793975599999953],[110.75738950000004,-6.795207299999959],[110.75675890000008,-6.796550199999956],[110.75972780000006,-6.798460099999943],[110.75892,-6.799639],[110.75824290000008,-6.800627199999951],[110.75704390000004,-6.801539299999945],[110.75644570000009,-6.801949899999954],[110.75641170000006,-6.80228349999993],[110.75641,-6.8023],[110.75616,-6.80289],[110.75596,-6.80332],[110.75571,-6.8037],[110.75548,-6.80412],[110.75477,-6.80492],[110.75454,-6.80499],[110.75445,-6.80499],[110.75414,-6.80495],[110.75384,-6.80484],[110.75322,-6.80455],[110.7527,-6.80433],[110.75229,-6.80421],[110.75181,-6.80413],[110.7511,-6.80398],[110.74998,-6.80379],[110.74957,-6.80372],[110.74895,-6.80349],[110.74869,-6.8034],[110.74854,-6.80336],[110.74850440000006,-6.803199899999981],[110.74848220000007,-6.803099699999962],[110.74842,-6.80282],[110.74837,-6.80259],[110.74827,-6.80246],[110.74805,-6.80242],[110.74721,-6.80258],[110.74628,-6.8028],[110.74548,-6.80294],[110.74511,-6.80302],[110.74472,-6.8031],[110.74447,-6.80316],[110.74395,-6.80324],[110.74379,-6.80306],[110.74339,-6.80272],[110.743,-6.80247],[110.74167,-6.80173],[110.74147,-6.80171],[110.74135,-6.80178],[110.7413,-6.80187],[110.7413,-6.80209],[110.7413,-6.80272],[110.74127,-6.80341],[110.7408,-6.80337],[110.7406,-6.80337],[110.74051,-6.80342],[110.74039,-6.8038],[110.74028140000007,-6.804154799999935],[110.74026390000006,-6.804211799999962],[110.74024,-6.80429],[110.74012,-6.80468],[110.73994,-6.80515],[110.7399,-6.80521],[110.73987,-6.80578],[110.73988,-6.80607],[110.73995,-6.80621],[110.74002940000008,-6.806300199999953],[110.74017,-6.80646],[110.7404,-6.80662],[110.74073,-6.80675],[110.7412,-6.80686],[110.74247070000007,-6.807084699999962],[110.74284,-6.80715],[110.7435,-6.80731],[110.74391,-6.80735],[110.74471,-6.80731],[110.74509,-6.80724],[110.74519,-6.80756],[110.74505,-6.80823],[110.74465,-6.80925],[110.74435,-6.81008],[110.74399,-6.81107],[110.7437,-6.812],[110.74347840000007,-6.812495],[110.7434,-6.81267],[110.74295,-6.8136],[110.74257,-6.8145],[110.74207,-6.81559],[110.74192,-6.81587],[110.74151,-6.81579],[110.74124,-6.8158],[110.74078,-6.81585],[110.74031,-6.81594],[110.73995,-6.81596],[110.73956,-6.81595],[110.73949420000008,-6.815939299999968],[110.73911490000006,-6.816932699999938],[110.73894320000005,-6.81790239999998],[110.73865710000007,-6.819214299999942],[110.73877040000008,-6.82075459999993],[110.73871270000006,-6.821895499999926],[110.73802720000003,-6.822979],[110.73728450000004,-6.824347799999941],[110.73722730000009,-6.82469],[110.73774080000004,-6.825032599999929],[110.73853940000004,-6.825717599999962],[110.73910980000005,-6.826459499999942],[110.73953150000006,-6.826534099999947],[110.73931,-6.82684],[110.73885,-6.82727],[110.73872710000006,-6.827355099999977],[110.73844940000004,-6.827547299999935],[110.73725660000008,-6.829788599999972],[110.73565040000005,-6.83148129999995],[110.73386640000007,-6.832282499999963],[110.73208230000006,-6.833172899999965],[110.72941670000006,-6.833110899999951],[110.72941,-6.83313],[110.72939730000007,-6.833229],[110.72937910000007,-6.833370199999933],[110.72932,-6.83383],[110.72929,-6.8346],[110.72938,-6.83541],[110.72959,-6.8362],[110.72984,-6.83665],[110.73014,-6.83708],[110.72999610000005,-6.837356299999954],[110.72878090000006,-6.840110099999947],[110.72880130000004,-6.84013559999994],[110.72880120000008,-6.840276599999981],[110.72863170000005,-6.84067129999994],[110.728434,-6.840925],[110.72815170000007,-6.841291399999932],[110.72795410000003,-6.841460499999926],[110.72750250000007,-6.841798599999947],[110.72690980000004,-6.842023899999958],[110.72637360000004,-6.842390199999954],[110.72560930000009,-6.843287799999928],[110.72531080000005,-6.843770199999938],[110.72515860000004,-6.844282299999975],[110.72475970000005,-6.84500289999994],[110.72415190000004,-6.845875099999944],[110.72413280000006,-6.846045799999956],[110.72422760000006,-6.846197599999925],[110.72430340000005,-6.846387299999947],[110.72428430000008,-6.846558],[110.72417030000008,-6.84684249999998],[110.72401840000003,-6.846956199999966],[110.72367670000006,-6.847126699999933],[110.723373,-6.847145499999954],[110.72301230000005,-6.847391899999934],[110.72280330000007,-6.847771199999954],[110.72251870000008,-6.847505399999932],[110.72204630000004,-6.847179399999959],[110.72192,-6.84734],[110.72154,-6.84792],[110.7214,-6.84817],[110.72113,-6.84867],[110.72099,-6.84914],[110.72093,-6.84946],[110.72086,-6.85002],[110.72084,-6.85049],[110.72084,-6.85122],[110.72086420000005,-6.851343099999951],[110.72093240000004,-6.851690299999973],[110.72095,-6.85178],[110.72111,-6.85239],[110.72111,-6.85251],[110.72113,-6.853],[110.72111,-6.8537],[110.72099,-6.85435],[110.72065,-6.85507],[110.72022,-6.85602],[110.71973,-6.8569],[110.71945,-6.85753],[110.71909,-6.85843],[110.71866,-6.85929],[110.71821,-6.86033],[110.71785,-6.8611],[110.7174,-6.862],[110.71694,-6.86274],[110.71642,-6.86344],[110.71581,-6.86412],[110.71545,-6.86455],[110.71491,-6.86534],[110.71460740000003,-6.865888499999926],[110.71459,-6.86592],[110.71432,-6.86667],[110.71392,-6.86749],[110.71373,-6.86732],[110.71326,-6.86695],[110.7129,-6.86672],[110.71241,-6.86643],[110.71177,-6.86605],[110.71117,-6.86568],[110.71083,-6.86543],[110.71064,-6.8653],[110.71039,-6.86505],[110.71013,-6.86477],[110.70987,-6.86452],[110.70934,-6.86412],[110.70886,-6.8638],[110.70834,-6.86348],[110.70817,-6.86336],[110.70788,-6.86315],[110.708,-6.86277],[110.70808,-6.86233],[110.70822,-6.86188],[110.70836,-6.86135],[110.70856,-6.86083],[110.70869,-6.8604],[110.70886,-6.85979],[110.70908,-6.85931],[110.7095,-6.85866],[110.70974370000005,-6.858253799999943],[110.70978030000003,-6.858192799999927],[110.70989,-6.85801],[110.71016,-6.85756],[110.71024,-6.85707],[110.71034,-6.85628],[110.71048,-6.85581],[110.71062,-6.85526],[110.7107,-6.85496],[110.71082,-6.85457],[110.71087,-6.85427],[110.71076,-6.85401],[110.71042,-6.85357],[110.71005,-6.85308],[110.7097,-6.85268],[110.70934,-6.85214],[110.70927,-6.85205],[110.70911560000008,-6.851557899999932]]]]}},{"type":"Feature","properties":{"district":"Dempet"},"geometry":{"type":"MultiPolygon","coordinates":[[[[110.77710830000007,-6.933622399999933],[110.77718290000007,-6.933649599999967],[110.77725920000006,-6.93408519999997],[110.77753390000004,-6.93452149999996],[110.77802210000004,-6.934757499999932],[110.77886140000004,-6.934939699999973],[110.78015070000004,-6.934813299999973],[110.78185970000004,-6.934541499999966],[110.78284390000005,-6.934523899999931],[110.78344660000005,-6.934687399999973],[110.78411490000008,-6.935047199999929],[110.78415620000004,-6.935069399999975],[110.78462920000004,-6.935523799999942],[110.78478940000008,-6.93606879999993],[110.78476970000008,-6.936256499999956],[110.786067,-6.936722599999939],[110.78632420000008,-6.93706549999996],[110.78615240000005,-6.93757979999998],[110.78572340000005,-6.937751],[110.78379330000007,-6.938007299999981],[110.78302120000006,-6.93817839999997],[110.78259210000004,-6.938521],[110.782592,-6.938778199999945],[110.78289210000008,-6.939164099999971],[110.78320820000005,-6.93953769999996],[110.78336360000009,-6.939721399999939],[110.78417830000006,-6.940279],[110.78473540000005,-6.941136399999948],[110.78482090000006,-6.941907899999933],[110.78460630000006,-6.942164899999966],[110.78409150000005,-6.942379],[110.78344820000007,-6.942335799999967],[110.78250480000008,-6.941992499999969],[110.78190450000005,-6.941435099999978],[110.78147590000009,-6.94087769999993],[110.78087570000008,-6.940406],[110.78001790000008,-6.940362799999946],[110.77941730000003,-6.940576799999974],[110.779031,-6.941133799999932],[110.779009,-6.941407799999979],[110.77983790000008,-6.942206699999929],[110.78054750000007,-6.942970099999968],[110.780784,-6.943388299999981],[110.78083740000005,-6.943897099999958],[110.78074580000003,-6.944387199999937],[110.780021,-6.945494899999971],[110.77998780000007,-6.945545399999958],[110.77980210000004,-6.945827899999927],[110.779074,-6.94624639999995],[110.77807530000007,-6.946487799999943],[110.77740960000006,-6.946366499999954],[110.77604830000007,-6.945337799999947],[110.77456610000007,-6.944218299999932],[110.77287160000009,-6.944036099999948],[110.77226610000008,-6.944549799999947],[110.77202370000003,-6.945124199999952],[110.77193270000004,-6.945608],[110.77220480000005,-6.946091899999942],[110.77256780000005,-6.946364299999971],[110.77474630000006,-6.947091],[110.77583540000006,-6.947666099999935],[110.77656140000005,-6.94815019999993],[110.77716640000006,-6.948755299999959],[110.77746880000007,-6.949088],[110.77758960000006,-6.949662599999954],[110.77741320000007,-6.950014799999963],[110.776832,-6.950416799999971],[110.77593930000006,-6.950816],[110.77554260000005,-6.950870299999963],[110.77459650000009,-6.95094279999995],[110.77399380000008,-6.951087799999925],[110.77391520000003,-6.951181399999939],[110.77362760000005,-6.951523599999973],[110.77348260000008,-6.951923199999953],[110.77357420000004,-6.952758599999981],[110.77391750000004,-6.953612599999929],[110.77439050000004,-6.954903],[110.774444,-6.955829399999971],[110.77433720000005,-6.956592399999977],[110.77406250000007,-6.957500299999936],[110.77399380000008,-6.958100099999967],[110.77404720000004,-6.958735799999943],[110.77424560000009,-6.959371899999951],[110.77424630000007,-6.959373199999959],[110.77448210000006,-6.959825799999976],[110.77499330000006,-6.960589199999959],[110.77590110000006,-6.96164349999998],[110.77638950000005,-6.96238829999993],[110.776626,-6.962988199999927],[110.77664120000009,-6.96360569999996],[110.77646570000007,-6.964059599999928],[110.776374,-6.964140399999962],[110.77611480000007,-6.964368599999943],[110.77547390000007,-6.964650899999981],[110.77546960000006,-6.964652699999931],[110.77536710000004,-6.96469529999996],[110.77436760000006,-6.96504],[110.77343980000006,-6.965408899999943],[110.772615,-6.964691599999981],[110.77144340000007,-6.96364989999995],[110.77128570000008,-6.963509699999975],[110.76990690000008,-6.962672299999952],[110.76818260000005,-6.963409699999943],[110.76684520000003,-6.964238299999977],[110.76675370000004,-6.964295],[110.76497990000007,-6.965524499999958],[110.76379710000003,-6.966754399999957],[110.763304,-6.967787699999974],[110.76330390000004,-6.968132199999957],[110.76382640000008,-6.968875],[110.76376580000004,-6.968891499999927],[110.76387490000008,-6.96902579999994],[110.764431,-6.969334899999978],[110.76576310000007,-6.969154],[110.76557160000004,-6.969323599999939],[110.76552770000006,-6.969381299999952],[110.76684990000007,-6.969069099999956],[110.767786,-6.96852819999998],[110.769067,-6.967938199999935],[110.77034770000006,-6.967791199999965],[110.77098770000003,-6.968529699999976],[110.77118440000004,-6.969268099999965],[110.77014960000008,-6.970153499999981],[110.76945960000006,-6.970891399999971],[110.769016,-6.971580299999971],[110.76906490000005,-6.972220099999959],[110.76985270000006,-6.972909499999957],[110.77027080000005,-6.973201],[110.77053620000004,-6.973386099999971],[110.77062990000007,-6.973374299999932],[110.77199540000004,-6.973396899999955],[110.77239230000004,-6.973403399999938],[110.77259460000005,-6.973500199999933],[110.77351380000005,-6.973939899999948],[110.77399440000005,-6.974207899999953],[110.77421570000007,-6.974504399999944],[110.77431490000004,-6.974758099999974],[110.77424620000005,-6.97530839999996],[110.774215,-6.975361],[110.77390290000005,-6.975886299999956],[110.77390160000004,-6.975887599999965],[110.77336880000007,-6.976422299999967],[110.77259060000006,-6.977112699999964],[110.771759,-6.977662499999951],[110.77103430000005,-6.978014899999948],[110.76976010000004,-6.979015799999956],[110.76889040000009,-6.979706299999975],[110.76854710000003,-6.980073],[110.76806640000007,-6.980157399999939],[110.76751710000008,-6.980185],[110.76680760000005,-6.980128299999933],[110.76592250000004,-6.979944699999976],[110.76467890000004,-6.97969],[110.76403040000008,-6.979577],[110.76345830000008,-6.979576599999973],[110.76303860000007,-6.979632799999933],[110.76271060000005,-6.979759699999931],[110.76204680000006,-6.980238899999961],[110.761612,-6.980718099999933],[110.76148230000007,-6.981367099999943],[110.76139830000005,-6.982241599999952],[110.76136780000007,-6.982946399999946],[110.76142880000003,-6.983256799999936],[110.76159670000004,-6.98372269999993],[110.76165010000005,-6.984441699999934],[110.76171880000004,-6.984766499999978],[110.762146,-6.985175599999934],[110.76224520000005,-6.985246199999949],[110.76289370000006,-6.98495],[110.76390840000005,-6.984344],[110.76496890000004,-6.98394959999996],[110.76560980000005,-6.983795099999952],[110.76657870000008,-6.983795599999951],[110.76741790000005,-6.983979199999965],[110.76763150000005,-6.98416229999998],[110.76785280000007,-6.984346399999936],[110.76829530000003,-6.984854199999972],[110.76927950000004,-6.985588099999973],[110.76982880000008,-6.986053899999945],[110.77056880000004,-6.986660399999948],[110.77173610000006,-6.987775299999953],[110.77218630000004,-6.988311799999963],[110.77251430000007,-6.988918299999966],[110.77268220000008,-6.989680299999975],[110.77265170000004,-6.99031489999993],[110.77256780000005,-6.990681599999959],[110.77238770000008,-6.990958699999965],[110.77238460000007,-6.990963399999941],[110.77201840000004,-6.991160799999932],[110.77094270000003,-6.991244799999947],[110.77016450000008,-6.991244299999948],[110.76943210000007,-6.991244299999948],[110.76893620000004,-6.99124379999995],[110.76856990000005,-6.991116499999976],[110.767868,-6.990664899999956],[110.76754,-6.99049569999994],[110.76720430000006,-6.990523799999949],[110.76694490000006,-6.99066449999998],[110.76676180000004,-6.990918099999931],[110.76673360000007,-6.991098099999931],[110.76667780000008,-6.991454099999942],[110.766777,-6.992484099999956],[110.76709750000003,-6.993654699999979],[110.76749420000004,-6.994614099999978],[110.76777630000004,-6.995149799999979],[110.76777650000008,-6.995150099999933],[110.76818850000006,-6.995559699999944],[110.768425,-6.995841499999926],[110.76852420000006,-6.996138099999939],[110.768486,-6.996377399999972],[110.76830290000004,-6.996617299999969],[110.76794430000007,-6.996814699999959],[110.76731110000009,-6.996927199999959],[110.76636510000009,-6.996997299999975],[110.76545720000007,-6.997123699999975],[110.76449580000008,-6.997292499999958],[110.763977,-6.997433199999932],[110.763649,-6.997630599999979],[110.76346590000009,-6.997841799999946],[110.76336670000006,-6.99853319999994],[110.76336920000006,-6.998620499999959],[110.763382,-6.999069199999951],[110.76353460000007,-6.999619399999972],[110.76377870000005,-7.000000399999976],[110.76410680000004,-7.00034809999994],[110.76436610000007,-7.000491599999975],[110.76461790000008,-7.000563599999964],[110.76503750000006,-7.000477799999942],[110.76567080000007,-7.000191699999959],[110.766098,-7.000000399999976],[110.76667020000008,-6.999606599999936],[110.76719660000003,-6.99938149999997],[110.76777650000008,-6.999282799999946],[110.76825710000008,-6.999339599999928],[110.76950070000004,-6.999495499999966],[110.77048490000004,-6.999566099999981],[110.77143860000007,-6.999566499999958],[110.77205660000004,-6.999510699999973],[110.77253720000004,-6.999355799999933],[110.77339930000005,-6.999031499999944],[110.77396390000007,-6.99897569999996],[110.77464290000006,-6.999032499999942],[110.77502440000006,-6.999201699999958],[110.77527620000006,-6.999497899999938],[110.77548220000006,-7.000000399999976],[110.77566530000007,-7.000869699999953],[110.77571870000008,-7.001414299999965],[110.77569580000005,-7.001930699999946],[110.77558140000008,-7.002368],[110.77526090000003,-7.00291969999995],[110.77481840000007,-7.003402199999925],[110.77440640000009,-7.003654899999958],[110.77348330000007,-7.004068399999937],[110.77262880000006,-7.004320599999971],[110.77145380000007,-7.004642],[110.77095030000004,-7.004664899999966],[110.77053830000006,-7.004664899999966],[110.76998140000006,-7.004595299999949],[110.76920320000005,-7.004296299999965],[110.76839450000006,-7.003927699999963],[110.76737980000007,-7.003352599999971],[110.76678470000007,-7.003122299999973],[110.76652530000007,-7.003053199999954],[110.76586150000009,-7.003006899999946],[110.76537320000006,-7.003075599999931],[110.76493840000006,-7.003236299999969],[110.76448060000007,-7.003603899999973],[110.76419830000009,-7.003925799999934],[110.76403810000005,-7.004339699999946],[110.76396940000006,-7.004730699999925],[110.76408390000006,-7.005029699999966],[110.76454930000006,-7.005880299999944],[110.76507570000007,-7.006570299999964],[110.76567080000007,-7.007214499999975],[110.76650240000004,-7.007835799999953],[110.76726530000008,-7.008480099999929],[110.76772310000007,-7.00896309999996],[110.76790620000008,-7.00917],[110.76811220000008,-7.009331199999963],[110.76839450000006,-7.009515299999975],[110.76866910000007,-7.009791299999961],[110.76887510000006,-7.010205199999973],[110.76887510000006,-7.010550499999965],[110.76876070000009,-7.010987199999931],[110.76864620000003,-7.01124],[110.76827240000006,-7.011791699999947],[110.76799770000008,-7.012297599999954],[110.76790620000008,-7.012619499999971],[110.76792910000006,-7.01305629999996],[110.76801220000004,-7.013327599999968],[110.76802060000006,-7.013355199999978],[110.76820370000007,-7.013631299999929],[110.76838680000009,-7.013877399999956],[110.76845090000006,-7.013969399999951],[110.76846310000008,-7.013987],[110.76849360000006,-7.014007099999958],[110.76840970000006,-7.014174399999945],[110.76836390000005,-7.014147699999967],[110.76814270000006,-7.014335599999981],[110.76802830000008,-7.014510099999939],[110.76800540000005,-7.01457019999998],[110.76799450000004,-7.014593699999978],[110.76789860000008,-7.014802],[110.767807,-7.014924],[110.76767730000006,-7.014983099999938],[110.76746370000006,-7.014988899999935],[110.76690230000008,-7.014804899999945],[110.76674650000007,-7.014753799999937],[110.76651760000004,-7.014666499999976],[110.76610560000006,-7.014545],[110.76591620000005,-7.014478399999973],[110.76578520000004,-7.014432399999976],[110.76547240000008,-7.014420499999972],[110.765458,-7.014438199999972],[110.76539610000009,-7.014514399999939],[110.765152,-7.016087],[110.76509090000008,-7.016440399999965],[110.76508550000005,-7.016491199999962],[110.765007,-7.017226199999925],[110.76499940000008,-7.017278199999964],[110.76489260000005,-7.01743689999995],[110.76481630000006,-7.017499399999963],[110.76471710000004,-7.017585299999951],[110.76466370000009,-7.017630099999963],[110.76465480000007,-7.017638199999965],[110.764534,-7.017748799999936],[110.76445770000004,-7.017815499999926],[110.76438140000005,-7.01797339999996],[110.76433560000004,-7.018070199999954],[110.76420590000004,-7.018190799999957],[110.76383210000006,-7.018188399999929],[110.76332850000006,-7.018127399999969],[110.76294710000008,-7.017914299999973],[110.76264190000006,-7.017663],[110.76232150000004,-7.01742459999997],[110.76196290000007,-7.017074099999945],[110.76191640000008,-7.017030299999931],[110.76169590000006,-7.016822799999943],[110.76127180000009,-7.01673489999996],[110.76109310000004,-7.01669789999994],[110.76065830000005,-7.016691699999967],[110.76021580000008,-7.016746],[110.76017490000004,-7.016762399999948],[110.75958250000008,-7.01700059999996],[110.75910950000008,-7.017352099999925],[110.75877380000009,-7.017659599999945],[110.75850680000008,-7.017971],[110.75816340000006,-7.018422099999952],[110.75785830000007,-7.018915199999981],[110.75777340000008,-7.019210399999963],[110.75764390000006,-7.018916199999978],[110.75654780000008,-7.017865599999936],[110.75581690000007,-7.0175],[110.75513170000005,-7.017225699999926],[110.75444630000004,-7.017225399999973],[110.754035,-7.017270799999949],[110.75357820000005,-7.016951],[110.75330420000006,-7.016676899999936],[110.753213,-7.016403],[110.75289310000005,-7.016357199999959],[110.752436,-7.016767799999968],[110.75184190000004,-7.016813099999979],[110.75179620000006,-7.016813099999979],[110.75120240000007,-7.016401899999948],[110.75112230000008,-7.016161199999942],[110.75116,-7.01596],[110.75114,-7.01563],[110.75103,-7.01511],[110.75095060000007,-7.014720899999929],[110.75094180000008,-7.014678],[110.75093,-7.01462],[110.75079,-7.01421],[110.75059,-7.01393],[110.75029,-7.01369],[110.75,-7.01354],[110.74960250000004,-7.013324399999931],[110.74954460000004,-7.013293],[110.74941,-7.01322],[110.74896,-7.01297],[110.74889,-7.01276],[110.74885,-7.01224],[110.74882,-7.0114],[110.74876,-7.01032],[110.74868,-7.00936],[110.74861,-7.00829],[110.74855,-7.00717],[110.74852,-7.00658],[110.74852,-7.00588],[110.74853,-7.00521],[110.74855,-7.00453],[110.74866,-7.00369],[110.74871,-7.00323],[110.74879,-7.00314],[110.74886,-7.00296],[110.74891,-7.00278],[110.74892,-7.00233],[110.74888,-7.00214],[110.74863,-7.00177],[110.74849,-7.00156],[110.74848,-7.00044],[110.74853,-7.00013],[110.74858,-6.99998],[110.74854,-6.9998],[110.74842,-6.99964],[110.7479,-6.99934],[110.7477,-6.99923],[110.7471,-6.99837],[110.74699,-6.99816],[110.74696,-6.99756],[110.74697,-6.99726],[110.74697,-6.99707],[110.74697,-6.99675],[110.74685,-6.99643],[110.74679,-6.99629],[110.74681,-6.99608],[110.74722,-6.99534],[110.74735,-6.99507],[110.7474,-6.99496],[110.74753,-6.99463],[110.74736,-6.99426],[110.74714,-6.99395],[110.74673,-6.99359],[110.74626,-6.99331],[110.7459,-6.99323],[110.74531,-6.99316],[110.7447,-6.99322],[110.74426,-6.99335],[110.74371,-6.99364],[110.74335,-6.99386],[110.74302,-6.99396],[110.7426,-6.99406],[110.7424,-6.99402],[110.74198,-6.99389],[110.74149,-6.9937],[110.74103,-6.99355],[110.74045,-6.99343],[110.73975,-6.99338],[110.73924,-6.99345],[110.73892,-6.99356],[110.73861,-6.99377],[110.73826,-6.99412],[110.73803,-6.9946],[110.738,-6.99497],[110.73809,-6.99567],[110.73829,-6.99656],[110.73846,-6.99742],[110.73869,-6.99846],[110.73885,-6.99901],[110.73893,-6.99942],[110.73891,-6.99974],[110.73879,-6.99992],[110.73838,-6.99991],[110.73803,-6.99987],[110.7375,-6.99979],[110.73686,-6.99965],[110.73658,-6.99955],[110.73607,-6.99956],[110.7357,-6.99947],[110.73555,-6.9993],[110.73549,-6.99899],[110.73553,-6.99855],[110.73549,-6.99826],[110.73535,-6.99805],[110.73513,-6.99786],[110.73471,-6.99778],[110.73453,-6.99757],[110.73442,-6.99708],[110.73446,-6.99662],[110.73451,-6.99632],[110.73448,-6.99608],[110.73439,-6.99559],[110.73426,-6.99512],[110.73412480000007,-6.994738199999972],[110.73409,-6.99464],[110.73386,-6.99413],[110.73359,-6.99348],[110.73339110000006,-6.993109299999958],[110.73337,-6.99307],[110.73286690000003,-6.993082299999969],[110.73278920000007,-6.992180699999949],[110.73278380000005,-6.992173399999956],[110.73270890000003,-6.992072499999949],[110.73275190000004,-6.989541499999973],[110.732527,-6.989491499999929],[110.73230220000005,-6.989266599999951],[110.73232730000007,-6.989066799999932],[110.73235260000007,-6.988517399999978],[110.73217770000008,-6.988342499999931],[110.73188510000006,-6.988290799999959],[110.73188560000006,-6.988289599999973],[110.73188380000005,-6.98828919999994],[110.73186520000007,-6.988285899999937],[110.73149,-6.98793],[110.73074,-6.98722],[110.7301,-6.9866],[110.72961,-6.98621],[110.72908,-6.9858],[110.72848,-6.98526],[110.72786,-6.98464],[110.72714,-6.98396],[110.72653,-6.98328],[110.72583,-6.98258],[110.7256,-6.98238],[110.72474,-6.98177],[110.7243,-6.98141],[110.7235,-6.98061],[110.72276,-6.97988],[110.72188,-6.97906],[110.72088,-6.97812],[110.72025,-6.97751],[110.7196,-6.97696],[110.71897,-6.97633],[110.7181,-6.97548],[110.71754080000005,-6.974913599999979],[110.71732,-6.97469],[110.71669,-6.97405],[110.71596,-6.97332],[110.71518,-6.97259],[110.71436,-6.97189],[110.71368,-6.97118],[110.71292,-6.97052],[110.71243,-6.97011],[110.71212,-6.96988],[110.71176820000005,-6.969547199999965],[110.71175,-6.96953],[110.71136,-6.96906],[110.71109,-6.96875],[110.71038,-6.96813],[110.70936,-6.9672],[110.70874,-6.96662],[110.70791,-6.96584],[110.70719,-6.96518],[110.7064,-6.96446],[110.70607,-6.96417],[110.70563,-6.96426],[110.70503,-6.96444],[110.70454,-6.96469],[110.70401,-6.96511],[110.70363,-6.96549],[110.70321,-6.96598],[110.703,-6.96631],[110.70275,-6.96655],[110.70218,-6.96703],[110.70176,-6.96739],[110.70104,-6.96803],[110.70054130000005,-6.968460199999981],[110.70053,-6.96847],[110.70050270000007,-6.96851],[110.69976270000006,-6.968324699999926],[110.69972580000007,-6.968645599999945],[110.69969790000005,-6.968770499999948],[110.69983650000006,-6.969186799999932],[110.70040460000007,-6.96935609999997],[110.70151640000006,-6.969687399999941],[110.70137710000006,-6.970505899999978],[110.70168250000006,-6.970547699999941],[110.701877,-6.970450699999958],[110.70194640000005,-6.970492399999955],[110.70200190000008,-6.970589599999926],[110.70194620000007,-6.970769899999937],[110.70179330000008,-6.971047299999952],[110.70179320000005,-6.971172199999955],[110.70182090000009,-6.971283199999959],[110.70182090000009,-6.971394199999963],[110.70175130000007,-6.971588399999973],[110.70161250000007,-6.971546699999976],[110.70152890000008,-6.971907399999964],[110.70109860000008,-6.971754499999975],[110.70088970000006,-6.972614599999929],[110.70014440000006,-6.972357299999942],[110.69893460000009,-6.971939599999928],[110.69909450000006,-6.971519199999932],[110.69906670000006,-6.971502599999951],[110.69866940000009,-6.971265799999969],[110.69833220000004,-6.971064799999965],[110.69860830000005,-6.970659599999976],[110.69748890000005,-6.970172499999933],[110.69745310000008,-6.970692399999962],[110.69735430000009,-6.972127799999953],[110.69734150000005,-6.972312599999952],[110.69382130000008,-6.970867299999952],[110.69393490000004,-6.970786299999929],[110.69382140000005,-6.970721399999945],[110.69365910000005,-6.970705],[110.69349680000005,-6.97070489999993],[110.69339940000003,-6.97080219999998],[110.69336690000006,-6.970867],[110.69331810000006,-6.970996699999944],[110.69331810000006,-6.971126399999946],[110.693318,-6.971256099999948],[110.69338270000009,-6.971499299999948],[110.69339930000007,-6.971524199999976],[110.693386,-6.971518899999978],[110.69347,-6.97186],[110.69353,-6.97211],[110.69352190000006,-6.97218659999993],[110.69351930000005,-6.972211499999958],[110.69352340000006,-6.972216399999979],[110.69352380000004,-6.972216899999978],[110.69351780000005,-6.972225599999945],[110.69348390000005,-6.972275],[110.69343140000007,-6.972224799999935],[110.69304,-6.97185],[110.6926,-6.97155],[110.69251,-6.97162],[110.69245,-6.97162],[110.69238,-6.97194],[110.69213,-6.97255],[110.69203270000008,-6.972720199999969],[110.69202270000005,-6.972737799999948],[110.69197,-6.97283],[110.69173,-6.97299],[110.69158,-6.97309],[110.69153330000006,-6.973167899999964],[110.69149,-6.97324],[110.69093,-6.97289],[110.69056,-6.97262],[110.69025,-6.97246],[110.68999,-6.97232],[110.68962,-6.97221],[110.68909,-6.97214],[110.68888,-6.97206],[110.68875260000004,-6.97196729999996],[110.68936710000008,-6.971587],[110.68982170000004,-6.971449699999937],[110.69029010000008,-6.971353599999929],[110.69048290000006,-6.971298699999977],[110.69070340000007,-6.971147499999972],[110.69081370000004,-6.970886099999973],[110.69082780000008,-6.970445699999971],[110.68965890000004,-6.967733899999928],[110.68932890000008,-6.966935499999977],[110.68919950000009,-6.96476789999997],[110.68909,-6.963722],[110.68885760000006,-6.961107099999936],[110.68863670000007,-6.960931399999936],[110.68861,-6.96073],[110.68857,-6.96004],[110.6886,-6.95927],[110.68865,-6.95879],[110.68894,-6.95834],[110.68913,-6.95801],[110.68933,-6.95756],[110.68945,-6.95712],[110.68953,-6.95666],[110.68956,-6.9562],[110.68955,-6.95604],[110.68955,-6.9559],[110.68959,-6.95549],[110.68957,-6.95508],[110.68956,-6.95491],[110.68952,-6.95438],[110.6896,-6.95352],[110.68964,-6.95227],[110.68966,-6.95206],[110.68972,-6.95192],[110.68982,-6.95183],[110.69005,-6.95176],[110.69047,-6.95177],[110.69094,-6.95178],[110.69119,-6.95176],[110.69131,-6.95172],[110.69158,-6.95149],[110.69178,-6.95131],[110.69195,-6.9511],[110.69217,-6.95113],[110.69264,-6.9512],[110.69306,-6.95122],[110.69351,-6.9511],[110.69394,-6.95074],[110.69451,-6.95007],[110.6945,-6.95],[110.6945,-6.94989],[110.69465,-6.94919],[110.69481,-6.94851],[110.69487590000006,-6.948227499999973],[110.69492650000007,-6.947426599999972],[110.69511720000008,-6.947046199999932],[110.69514310000005,-6.946297899999934],[110.69535880000007,-6.946298],[110.69538470000003,-6.94548629999997],[110.69572750000009,-6.945448399999975],[110.69641320000005,-6.945030299999928],[110.69633720000007,-6.944776599999955],[110.69698460000006,-6.944726299999957],[110.69695930000006,-6.944548699999928],[110.69747980000005,-6.944498299999964],[110.69747990000008,-6.944308],[110.69807650000007,-6.944257599999958],[110.69796250000007,-6.943991199999971],[110.69788650000004,-6.943762899999967],[110.69779770000008,-6.943534499999942],[110.69779780000005,-6.943369599999926],[110.69779790000007,-6.943306199999938],[110.69828620000004,-6.943359399999963],[110.699321,-6.943472],[110.69916980000005,-6.941658099999927],[110.69962670000007,-6.941759899999965],[110.700109,-6.941849],[110.70008350000006,-6.942051899999967],[110.70078150000006,-6.942191899999955],[110.70076870000008,-6.942470899999932],[110.70097180000005,-6.942471],[110.70095890000005,-6.942737399999942],[110.70098420000005,-6.942889599999944],[110.70098410000008,-6.942991099999972],[110.70102210000005,-6.94307989999993],[110.70114910000007,-6.943105399999979],[110.70165120000007,-6.943190899999934],[110.70164510000006,-6.943177399999968],[110.70161,-6.9431],[110.70101,-6.94216],[110.70070860000004,-6.941673799999933],[110.70034520000007,-6.941399099999956],[110.70006290000003,-6.941107899999963],[110.69983360000003,-6.940957799999978],[110.69962180000005,-6.940896],[110.69941890000007,-6.940887],[110.69913650000007,-6.940860399999963],[110.69869530000005,-6.940868899999941],[110.69850110000004,-6.940904099999955],[110.69808630000006,-6.940903799999944],[110.69768920000007,-6.940859499999931],[110.69740690000003,-6.940700599999957],[110.69714230000005,-6.940479899999957],[110.69656910000003,-6.939897599999938],[110.69641790000009,-6.939594899999975],[110.696384,-6.939527099999964],[110.69620790000005,-6.938971399999957],[110.69628750000004,-6.938645199999939],[110.69638010000006,-6.938505],[110.69654370000006,-6.938257399999941],[110.69665850000007,-6.938063399999976],[110.69688810000008,-6.937851899999941],[110.69706460000003,-6.937790299999961],[110.69730290000007,-6.937772799999948],[110.69764710000004,-6.937799499999926],[110.69786760000005,-6.937861399999974],[110.69816760000003,-6.937967399999934],[110.69852050000009,-6.93810869999993],[110.69877640000004,-6.938197],[110.699013,-6.938274099999944],[110.70023930000008,-6.935455299999944],[110.70026030000008,-6.93546189999995],[110.70023940000004,-6.935293799999954],[110.70021260000004,-6.935186199999976],[110.70010490000004,-6.935078499999975],[110.69765470000004,-6.934242599999948],[110.69789750000007,-6.93357],[110.69716310000007,-6.933252899999957],[110.69515140000004,-6.932384199999944],[110.69674240000006,-6.929128899999967],[110.69703860000004,-6.929182899999944],[110.69763180000007,-6.927945399999942],[110.69766910000004,-6.927958499999932],[110.69807580000008,-6.927911799999947],[110.69837070000005,-6.92784649999993],[110.69858380000005,-6.927682899999979],[110.69873150000006,-6.927437399999974],[110.69887920000008,-6.927061],[110.69981810000007,-6.924705899999935],[110.69951970000005,-6.924589],[110.69959330000006,-6.924398199999928],[110.69775080000005,-6.923572799999931],[110.69755440000006,-6.923228799999947],[110.697584,-6.923067299999957],[110.69783210000008,-6.923242199999947],[110.69786780000004,-6.923158799999953],[110.69802260000006,-6.923252699999978],[110.698023,-6.923253099999954],[110.69802350000003,-6.923253299999942],[110.698308,-6.923425799999961],[110.69883820000007,-6.923542699999928],[110.69936510000008,-6.923729899999955],[110.69956940000009,-6.923835899999972],[110.70004180000006,-6.924040899999966],[110.70004440000008,-6.924032699999941],[110.70201270000007,-6.924795],[110.69947540000004,-6.923687899999948],[110.70068670000006,-6.920823699999971],[110.70154560000009,-6.918952199999978],[110.70182,-6.91913],[110.70221,-6.9195],[110.70249,-6.91989],[110.70263,-6.9203],[110.70275,-6.92079],[110.70287,-6.92136],[110.70292,-6.92199],[110.70299,-6.92235],[110.70299,-6.92266],[110.70291,-6.92346],[110.70297,-6.92364],[110.70328,-6.92381],[110.70357,-6.92391],[110.70403,-6.92387],[110.70426,-6.9239],[110.70445,-6.92397],[110.70481,-6.92424],[110.70566,-6.92454],[110.70616,-6.92474],[110.70638,-6.9248],[110.70644,-6.92474],[110.70648,-6.92469],[110.7084,-6.92561],[110.70918,-6.92604],[110.71018,-6.92654],[110.71078,-6.92681],[110.71114,-6.92699],[110.71156,-6.92719],[110.71196,-6.92737],[110.71212,-6.92741],[110.71213,-6.92749],[110.71220540000007,-6.927509799999939],[110.71251,-6.92759],[110.71258,-6.92784],[110.71247530000005,-6.928100599999937],[110.71239730000008,-6.928294699999981],[110.71215,-6.92891],[110.71179,-6.92995],[110.71176,-6.9302],[110.71178,-6.93028],[110.71183,-6.93039],[110.71207,-6.93069],[110.71227,-6.93085],[110.71283,-6.93108],[110.71257,-6.93186],[110.71248,-6.93237],[110.71266,-6.93283],[110.71282,-6.93298],[110.71291020000007,-6.933005799999933],[110.71296620000004,-6.933021799999949],[110.7131,-6.93306],[110.7141,-6.93325],[110.71483,-6.93336],[110.71517,-6.93345],[110.71505,-6.9336],[110.71548,-6.93386],[110.71564,-6.93388],[110.71583,-6.93384],[110.716006,-6.93376],[110.71605,-6.93374],[110.71627,-6.93355],[110.71725,-6.93255],[110.71742,-6.93216],[110.7188,-6.93251],[110.71935,-6.93264],[110.72109,-6.93304],[110.72125,-6.93308],[110.7216,-6.93318],[110.72166,-6.93362],[110.72171,-6.93448],[110.72178,-6.93539],[110.72186,-6.93644],[110.72189,-6.93737],[110.72194,-6.93852],[110.72335,-6.93882],[110.72493,-6.93918],[110.7255,-6.93928],[110.72582,-6.93933],[110.72685,-6.93953],[110.72753,-6.93967],[110.72824,-6.9398],[110.72905,-6.93997],[110.72965,-6.9401],[110.72938,-6.93929],[110.72929,-6.93856],[110.72942,-6.93779],[110.72988,-6.93731],[110.73046,-6.93704],[110.73094,-6.93653],[110.73125,-6.93608],[110.73144,-6.93547],[110.73182,-6.93502],[110.73164,-6.93448],[110.73162,-6.93423],[110.7317,-6.93353],[110.73184,-6.93289],[110.73209,-6.93241],[110.73229,-6.93214],[110.73232,-6.93192],[110.73219,-6.93178],[110.7317,-6.93173],[110.73124,-6.93163],[110.73064,-6.93137],[110.72965,-6.93062],[110.7289,-6.93022],[110.72808,-6.9299],[110.7274,-6.92976],[110.72686,-6.92967],[110.72632,-6.92891],[110.7261,-6.92856],[110.72579,-6.92802],[110.72578,-6.92781],[110.72584,-6.92764],[110.72608,-6.92709],[110.72604,-6.92695],[110.72593,-6.92683],[110.72571,-6.92671],[110.7255,-6.92669],[110.72526,-6.92674],[110.72483,-6.92682],[110.72462,-6.92677],[110.72432,-6.92661],[110.72389,-6.92642],[110.72367,-6.92642],[110.72339,-6.92647],[110.72307,-6.92654],[110.72299,-6.92649],[110.723,-6.92639],[110.72306,-6.92625],[110.72315,-6.92603],[110.72311,-6.92596],[110.723,-6.92592],[110.72273,-6.9259],[110.72255,-6.92584],[110.72239,-6.92571],[110.72213,-6.92538],[110.72205,-6.92511],[110.72197,-6.92447],[110.722,-6.92419],[110.72188,-6.92409],[110.72158,-6.92397],[110.7213,-6.92384],[110.721,-6.92371],[110.72088,-6.92359],[110.72083,-6.92342],[110.7207,-6.92308],[110.72035,-6.92233],[110.72027,-6.92202],[110.72016,-6.922],[110.71988650000009,-6.921955899999944],[110.71985,-6.92195],[110.71964,-6.92185],[110.71965,-6.92179],[110.71986,-6.92156],[110.72011,-6.92126],[110.72009,-6.92118],[110.72,-6.9211],[110.71971,-6.92086],[110.71969,-6.92076],[110.71976,-6.92066],[110.72003,-6.9204],[110.7201,-6.92028],[110.72007,-6.92019],[110.71997,-6.92012],[110.71978,-6.92005],[110.71936,-6.91993],[110.7193,-6.91982],[110.71907570000008,-6.919186199999956],[110.71907,-6.91917],[110.719071,-6.919167199999947],[110.71921,-6.91876],[110.71942,-6.91847],[110.71979,-6.91814],[110.72000070000007,-6.918048699999929],[110.72009,-6.91801],[110.72012510000008,-6.918004099999962],[110.72057,-6.91793],[110.72094,-6.91792],[110.72176,-6.91798],[110.72244,-6.91791],[110.72245830000008,-6.917902399999946],[110.72250720000005,-6.917882099999929],[110.72297,-6.91769],[110.72326,-6.91744],[110.72348,-6.91701],[110.72375,-6.9166],[110.72404,-6.91645],[110.72426,-6.91638],[110.72506,-6.91627],[110.72568,-6.91625],[110.726039,-6.916281899999944],[110.72610830000008,-6.916288099999974],[110.72613,-6.91629],[110.72675,-6.91641],[110.72757,-6.91674],[110.72826,-6.91696],[110.72866,-6.91703],[110.72894,-6.91698],[110.72954,-6.91674],[110.73022,-6.91628],[110.73085,-6.91589],[110.73122,-6.91577],[110.73174,-6.91581],[110.73334,-6.91638],[110.73383,-6.91667],[110.73434,-6.91701],[110.73457,-6.91733],[110.73465,-6.91756],[110.7347,-6.91833],[110.73492,-6.91869],[110.73519,-6.91893],[110.73546,-6.91903],[110.73616,-6.91903],[110.73679,-6.91906],[110.73734,-6.91922],[110.73784,-6.91961],[110.73819,-6.91981],[110.73847,-6.91982],[110.73876,-6.91973],[110.73888,-6.91957],[110.73895,-6.91901],[110.73911,-6.91875],[110.73948,-6.91853],[110.74004,-6.91841],[110.74046,-6.91821],[110.74072,-6.91791],[110.74104,-6.91717],[110.74135,-6.91659],[110.74169,-6.91618],[110.742,-6.91597],[110.74238,-6.91584],[110.74302,-6.91578],[110.74354,-6.9159],[110.74428,-6.91621],[110.74511,-6.9166],[110.74644,-6.91734],[110.74786,-6.91825],[110.7489,-6.91899],[110.75,-6.91968],[110.7517,-6.92077],[110.75356,-6.92173],[110.75559,-6.92273],[110.75685,-6.92318],[110.75801,-6.92329],[110.75883,-6.9232],[110.75998,-6.92309],[110.76074,-6.92309],[110.76205,-6.92346],[110.76229,-6.92353],[110.76487,-6.92408],[110.76496,-6.92415],[110.76513,-6.92555],[110.76498,-6.92776],[110.7646,-6.92978],[110.76451340000006,-6.930327099999943],[110.76441,-6.93098],[110.76443980000005,-6.930988799999966],[110.76631,-6.93154],[110.76964,-6.93251],[110.77035,-6.93196],[110.77093,-6.93162],[110.7714,-6.93156],[110.77217,-6.93178],[110.77473,-6.93287],[110.77599,-6.93335],[110.77708440000004,-6.933748],[110.77708440000004,-6.933747699999969],[110.77710830000007,-6.933622399999933]]]]}},{"type":"Feature","properties":{"district":"Mranggen"},"geometry":{"type":"MultiPolygon","coordinates":[[[[110.49863580000005,-7.022737],[110.49858090000004,-7.022386499999925],[110.49861910000004,-7.021490099999937],[110.49874880000004,-7.021308899999951],[110.49883270000004,-7.021217299999932],[110.49888610000005,-7.021123399999965],[110.49888690000006,-7.021122],[110.49890610000006,-7.021086599999933],[110.49879320000008,-7.021095199999934],[110.49862890000009,-7.021107599999937],[110.49783020000007,-7.020787499999926],[110.49784040000009,-7.020757699999933],[110.49871190000005,-7.018207099999927],[110.49948630000006,-7.016398399999957],[110.50079080000006,-7.016985299999931],[110.50374950000008,-7.014859499999943],[110.50289770000006,-7.014406199999939],[110.50343130000005,-7.013475399999948],[110.502952,-7.013341799999978],[110.50327230000005,-7.01270349999993],[110.50289960000003,-7.012570099999948],[110.50387980000005,-7.010730399999943],[110.503883,-7.010724499999981],[110.49853920000004,-7.007648899999936],[110.49882190000005,-7.00632429999996],[110.49809890000006,-7.006002299999977],[110.49741530000006,-7.006483399999979],[110.49717350000009,-7.007045199999936],[110.49576730000007,-7.006843],[110.49468290000004,-7.006239599999958],[110.49395970000006,-7.00615849999997],[110.49387960000007,-7.005877399999974],[110.49384010000006,-7.005275099999949],[110.49315740000009,-7.00487279999993],[110.49283560000003,-7.005153499999949],[110.49247380000008,-7.005233399999952],[110.49179060000006,-7.005272899999966],[110.49155010000004,-7.005179099999964],[110.49106760000006,-7.004991],[110.49078660000004,-7.004709699999978],[110.49038520000005,-7.004347899999971],[110.49127080000005,-7.002903499999945],[110.49187380000006,-7.002743499999951],[110.49259860000006,-7.001339],[110.49288090000005,-7.00041589999995],[110.49324460000008,-6.999872099999948],[110.49336390000008,-6.999693699999966],[110.49392630000006,-6.999814799999967],[110.49416740000004,-6.999895299999935],[110.49456930000008,-6.999815499999954],[110.49461010000005,-6.99925339999993],[110.49509250000006,-6.999013],[110.49549450000006,-6.998933199999954],[110.49605830000007,-6.997809599999925],[110.49658180000006,-6.996726099999933],[110.49678360000007,-6.99588319999998],[110.49698540000009,-6.995120499999928],[110.49724070000008,-6.99505],[110.49770890000008,-6.994920599999944],[110.49795030000007,-6.994679899999937],[110.49795070000005,-6.994273],[110.49795090000003,-6.99411779999997],[110.498394,-6.993114499999933],[110.49887650000005,-6.992834],[110.49907760000008,-6.992673599999932],[110.49956020000008,-6.992232499999943],[110.50024340000004,-6.992193099999952],[110.50060510000009,-6.992153299999927],[110.50120780000009,-6.992234199999928],[110.50152870000005,-6.992716399999949],[110.50164280000007,-6.992863199999931],[110.50165560000005,-6.992832199999953],[110.50167080000006,-6.992640499999936],[110.50167080000006,-6.992616199999929],[110.50163270000007,-6.992444499999976],[110.50160980000004,-6.992301],[110.50162510000007,-6.992218499999979],[110.50163270000007,-6.992147899999964],[110.50166320000005,-6.99200819999993],[110.50164030000008,-6.991863199999955],[110.50163270000007,-6.991764499999931],[110.50160980000004,-6.991684899999939],[110.50160980000004,-6.991620499999954],[110.50160220000004,-6.991570399999944],[110.50160980000004,-6.991425499999934],[110.50167080000006,-6.991153199999928],[110.50171660000007,-6.990949099999966],[110.50173190000004,-6.990637699999979],[110.50172420000007,-6.990548599999954],[110.50170140000006,-6.990264399999944],[110.50170140000006,-6.990233899999964],[110.501648,-6.99000209999997],[110.50154880000008,-6.989505699999938],[110.50154880000008,-6.989311199999975],[110.50179290000005,-6.988920199999939],[110.50202180000008,-6.988442899999939],[110.50221250000004,-6.988034199999959],[110.50230410000006,-6.987807199999963],[110.50279230000007,-6.986573699999951],[110.50291440000007,-6.986194099999977],[110.50299840000008,-6.985923299999968],[110.50301360000009,-6.985882699999934],[110.50298310000005,-6.985813099999973],[110.50287630000008,-6.985765899999933],[110.50260930000007,-6.985643799999934],[110.50241850000003,-6.985575199999971],[110.50192260000006,-6.985339099999976],[110.50153130000007,-6.985058099999947],[110.50134110000005,-6.98498189999998],[110.50143110000005,-6.984853],[110.501543,-6.984615699999949],[110.501564,-6.984394099999975],[110.50164030000008,-6.984102199999938],[110.501648,-6.98388719999997],[110.50161740000004,-6.983675],[110.50159450000007,-6.983438],[110.50161740000004,-6.982992599999932],[110.50174710000005,-6.982175299999938],[110.50192260000006,-6.98153439999993],[110.50193020000006,-6.981498699999975],[110.50205990000006,-6.979736299999956],[110.50212860000005,-6.979320499999972],[110.50219580000004,-6.979224299999942],[110.50260840000004,-6.97932069999996],[110.50262360000005,-6.979247699999974],[110.50272980000005,-6.979165299999977],[110.50286840000007,-6.979123899999934],[110.50330280000009,-6.979227399999957],[110.50345450000009,-6.979261099999974],[110.50373480000007,-6.979029199999957],[110.50440770000006,-6.977762499999926],[110.50535780000007,-6.975974],[110.50537730000008,-6.975937199999976],[110.50530760000004,-6.97629349999994],[110.50519930000007,-6.97657659999993],[110.505793,-6.976739],[110.505901,-6.976712199999952],[110.50617080000006,-6.976806899999929],[110.50634640000004,-6.97664519999995],[110.50669720000008,-6.976753499999973],[110.50688430000008,-6.976303899999948],[110.50690010000005,-6.976308899999935],[110.50699480000009,-6.976173899999935],[110.50796620000006,-6.976498599999957],[110.50928840000006,-6.976877499999944],[110.50969330000004,-6.976931899999954],[110.51005770000006,-6.976918799999964],[110.51024660000007,-6.976972899999964],[110.51082660000009,-6.977297199999953],[110.51159560000008,-6.977635099999929],[110.512432,-6.977986599999952],[110.513598,-6.978478],[110.51381640000005,-6.978514399999938],[110.51391,-6.97853],[110.51449,-6.97859],[110.51491410000006,-6.97862],[110.51548,-6.97866],[110.51617,-6.97866],[110.51666,-6.97861],[110.51784810000004,-6.978485899999953],[110.51785830000006,-6.978484799999933],[110.517864,-6.978484199999968],[110.51796520000005,-6.978383399999927],[110.51820830000008,-6.978221799999972],[110.51853230000006,-6.97808729999997],[110.51882940000007,-6.977925699999957],[110.51903220000008,-6.977615799999967],[110.51924840000004,-6.977319299999976],[110.51931630000007,-6.976887899999952],[110.51946130000005,-6.976526699999965],[110.51950580000005,-6.976416],[110.51991050000004,-6.976578299999971],[110.52051750000004,-6.976943],[110.52092840000006,-6.977003799999977],[110.52097630000009,-6.977010899999925],[110.52139480000005,-6.976916899999935],[110.52175920000008,-6.976876799999957],[110.52192130000009,-6.976742199999933],[110.52223180000004,-6.976715499999955],[110.52252860000004,-6.976810199999932],[110.52291390000005,-6.976810599999965],[110.52239380000009,-6.978406399999926],[110.52238480000005,-6.978403299999968],[110.52206870000003,-6.979420499999947],[110.52193790000007,-6.97938019999998],[110.52171060000006,-6.979900199999975],[110.52164680000004,-6.980046099999981],[110.521744,-6.980078599999956],[110.52126770000007,-6.981092599999954],[110.52086820000005,-6.980908699999929],[110.52076980000004,-6.980843],[110.51990540000008,-6.98398949999995],[110.51983360000008,-6.984250699999961],[110.522756,-6.98563189999993],[110.52286310000005,-6.985682499999939],[110.52297120000009,-6.985534199999961],[110.52329530000009,-6.985575],[110.52345730000008,-6.985342799999955],[110.52349240000007,-6.985346499999935],[110.52370090000005,-6.985008799999946],[110.52402520000004,-6.984793299999978],[110.52430880000009,-6.984672199999977],[110.524795,-6.984605199999976],[110.52560550000004,-6.984187799999972],[110.52597030000004,-6.983972299999948],[110.52622730000007,-6.983540799999957],[110.52644370000007,-6.983325],[110.52650310000007,-6.983448599999974],[110.52651730000008,-6.983391899999958],[110.52735980000006,-6.98381379999995],[110.52835580000004,-6.984006199999953],[110.52801050000005,-6.984465299999954],[110.52804850000007,-6.984771599999931],[110.528355,-6.98481019999997],[110.52862470000008,-6.984810399999958],[110.52873820000008,-6.98481049999998],[110.52856020000007,-6.985141699999929],[110.52941190000007,-6.985601],[110.529427,-6.985599099999945],[110.52942020000006,-6.985606599999926],[110.52945380000006,-6.985613199999932],[110.52951340000004,-6.985624899999948],[110.53161560000007,-6.986322799999925],[110.53209930000008,-6.985421899999949],[110.53239,-6.98527],[110.5327,-6.98504],[110.53306,-6.98464],[110.53308430000004,-6.984606699999972],[110.53463540000007,-6.985282899999959],[110.53461870000007,-6.985783699999956],[110.53510340000008,-6.986058799999967],[110.53541010000004,-6.986559799999952],[110.535507,-6.986721499999931],[110.53560070000009,-6.986586399999965],[110.53577340000004,-6.986337699999979],[110.53579830000007,-6.986350199999947],[110.53673720000006,-6.985155799999973],[110.53746440000003,-6.985463399999958],[110.53705530000008,-6.987106399999959],[110.53701,-6.987288299999932],[110.53701140000004,-6.987285899999961],[110.53712390000004,-6.987436099999968],[110.537381,-6.988080199999956],[110.537511,-6.988171799999975],[110.53781730000009,-6.988387599999953],[110.53856110000004,-6.988259099999937],[110.53894970000005,-6.987629499999969],[110.53895020000004,-6.987112499999967],[110.53983920000007,-6.987339599999927],[110.541165,-6.987211599999966],[110.54212010000003,-6.985984899999949],[110.542315,-6.985080499999981],[110.54228980000005,-6.984886299999971],[110.54275,-6.98483],[110.54321,-6.98472],[110.54358,-6.98453],[110.54387,-6.98424],[110.54411,-6.9839],[110.54429,-6.98349],[110.54444,-6.98313],[110.54462,-6.98258],[110.5447,-6.98235],[110.54482,-6.98212],[110.54508,-6.9819],[110.54535,-6.98175],[110.54572,-6.98164],[110.54598,-6.98159],[110.54633,-6.98161],[110.54665,-6.98167],[110.54706,-6.98177],[110.54746,-6.98193],[110.54748,-6.98253],[110.54762,-6.98396],[110.54785,-6.98547],[110.54831,-6.98693],[110.54887,-6.98816],[110.54956,-6.98918],[110.55041,-6.99013],[110.55088,-6.99089],[110.55123,-6.99184],[110.55148,-6.99338],[110.55163,-6.99445],[110.55191,-6.9957],[110.5524,-6.9967],[110.55314,-6.99777],[110.55396150000007,-6.998748],[110.55419,-6.99902],[110.55492,-7],[110.55475890000008,-7.000145],[110.55712560000006,-7.001365899999939],[110.55776140000006,-7.000969699999928],[110.55839690000005,-7.000970299999949],[110.56022250000007,-7.002440299999932],[110.56149320000009,-7.002798599999949],[110.56177190000005,-7.002005199999928],[110.56339980000007,-7.002602],[110.562444,-7.005378899999926],[110.56251930000008,-7.005415199999959],[110.56250850000004,-7.005473099999961],[110.56168520000006,-7.009862399999975],[110.56148590000004,-7.010536899999977],[110.56069180000009,-7.010258399999941],[110.56005630000004,-7.010337099999958],[110.559936,-7.011487799999941],[110.56005430000005,-7.01244029999998],[110.56136380000004,-7.013711399999977],[110.56152190000006,-7.014505199999974],[110.561759,-7.015815],[110.56350550000008,-7.017086499999948],[110.56406170000008,-7.016928299999961],[110.56453650000009,-7.017488399999934],[110.56452780000006,-7.017494499999941],[110.56505710000005,-7.017969499999936],[110.56549030000008,-7.018358199999966],[110.56445730000007,-7.018674699999963],[110.564298,-7.019111099999975],[110.56461530000007,-7.019587599999966],[110.56473420000009,-7.019905199999926],[110.56433650000008,-7.020460399999934],[110.56457490000008,-7.020341499999972],[110.56385930000005,-7.021055199999978],[110.56267940000004,-7.020438699999943],[110.56266330000005,-7.020458699999949],[110.56263,-7.0205],[110.56262510000005,-7.020506],[110.56238,-7.02081],[110.56191,-7.02138],[110.56178,-7.02155],[110.56163,-7.0219],[110.5613,-7.02286],[110.56116,-7.02331],[110.56107,-7.02359],[110.5609,-7.02377],[110.56046,-7.02431],[110.56027,-7.02474],[110.55962,-7.025],[110.55933,-7.02513],[110.55922,-7.02526],[110.55879,-7.02583],[110.5583,-7.02635],[110.55771,-7.02666],[110.55637,-7.02712],[110.55602,-7.02718],[110.55568,-7.02723],[110.55546,-7.02725],[110.55512,-7.02728],[110.55453,-7.02736],[110.55414,-7.02753],[110.5538,-7.02777],[110.55342,-7.02811],[110.55331,-7.02824],[110.55289,-7.02854],[110.55273,-7.02864],[110.55219,-7.02884],[110.55182,-7.02903],[110.55141,-7.02925],[110.55098,-7.02954],[110.55069,-7.02968],[110.5505,-7.02978],[110.55018,-7.03007],[110.54974,-7.03029],[110.54928,-7.03048],[110.54895,-7.03045],[110.54852,-7.03041],[110.54781,-7.03074],[110.54755,-7.03098],[110.54692,-7.03148],[110.54657,-7.03166],[110.54592,-7.03173],[110.54547,-7.03176],[110.54467,-7.03163],[110.54428,-7.03148],[110.54393,-7.0313],[110.54311,-7.03103],[110.54265,-7.03191],[110.54227,-7.03264],[110.54193,-7.03317],[110.54169,-7.03369],[110.54159,-7.03397],[110.54205,-7.03427],[110.54272,-7.03438],[110.54322,-7.03463],[110.54374,-7.03485],[110.54426,-7.03508],[110.54495,-7.03539],[110.54522080000004,-7.03544919999996],[110.54534040000004,-7.035475399999939],[110.54505040000004,-7.036111],[110.54543640000009,-7.036293],[110.54500410000009,-7.037018799999942],[110.54595760000007,-7.037609699999962],[110.54572960000007,-7.038426499999957],[110.54659240000007,-7.038835799999958],[110.54677440000006,-7.038631799999962],[110.54956740000006,-7.039655699999969],[110.54949870000007,-7.040268399999945],[110.54961170000007,-7.040835799999968],[110.54865760000007,-7.040834899999936],[110.54833880000007,-7.041697],[110.54986020000007,-7.042288499999927],[110.54976910000005,-7.042492699999968],[110.55035950000007,-7.042788299999927],[110.55051870000005,-7.042516099999943],[110.551586,-7.042925599999933],[110.55182780000007,-7.043006399999967],[110.55003560000006,-7.051121099999932],[110.55000550000005,-7.051115099999947],[110.54998,-7.05111],[110.54936,-7.05091],[110.54899,-7.0509],[110.54887,-7.05096],[110.54806,-7.05121],[110.54751,-7.05089],[110.54698,-7.0506],[110.54656,-7.05027],[110.54515,-7.04926],[110.54485,-7.04896],[110.54445,-7.04865],[110.54427,-7.04856],[110.5441,-7.04848],[110.54357,-7.04819],[110.54292,-7.04779],[110.54276,-7.04791],[110.54267,-7.0479],[110.54252,-7.0478],[110.54249,-7.04769],[110.54241,-7.04732],[110.54233,-7.04729],[110.54212,-7.04727],[110.54198,-7.04734],[110.54176,-7.04753],[110.54157,-7.04766],[110.54145,-7.04765],[110.54122,-7.04758],[110.54108,-7.04757],[110.54091,-7.04756],[110.54084,-7.04748],[110.54066,-7.04728],[110.54049,-7.04732],[110.54034,-7.04741],[110.5402,-7.04757],[110.54013,-7.04774],[110.5399,-7.04835],[110.53973,-7.04846],[110.53935,-7.04864],[110.53896,-7.04869],[110.53843,-7.04862],[110.53826,-7.04848],[110.53809,-7.04833],[110.53796,-7.04827],[110.53789,-7.0483],[110.53754,-7.04845],[110.53732,-7.04847],[110.537,-7.04853],[110.53692,-7.04865],[110.53681,-7.04878],[110.5365,-7.04881],[110.53646,-7.04892],[110.53638,-7.049],[110.5361,-7.04891],[110.53599,-7.04891],[110.53592,-7.04901],[110.53585,-7.0492],[110.53578,-7.04927],[110.53554,-7.04928],[110.53538,-7.04923],[110.53513,-7.04917],[110.53461,-7.04936],[110.53434,-7.04944],[110.53419,-7.0499],[110.534,-7.05058],[110.53376,-7.05114],[110.53366,-7.05119],[110.53351,-7.05131],[110.53342,-7.05149],[110.53324,-7.05194],[110.53319,-7.05212],[110.53316,-7.05255],[110.53301680000004,-7.052738499999975],[110.53297,-7.0528],[110.53268,-7.05323],[110.53253,-7.05352],[110.53238,-7.05365],[110.53228,-7.05378],[110.53231,-7.05386],[110.53231,-7.05394],[110.53228,-7.05411],[110.53224,-7.05416],[110.53212,-7.05432],[110.5318,-7.05476],[110.53176,-7.05512],[110.53163,-7.05528],[110.53161,-7.0554],[110.53179,-7.0556],[110.53194,-7.05571],[110.53222,-7.0559],[110.53229,-7.05619],[110.53236,-7.0567],[110.53227,-7.05687],[110.53209,-7.0572],[110.53203,-7.0573],[110.53199,-7.05749],[110.53205,-7.05769],[110.53208,-7.05788],[110.53196,-7.05797],[110.53181,-7.058],[110.53162,-7.05807],[110.53153,-7.05819],[110.53149,-7.05832],[110.53151,-7.05855],[110.53159,-7.05875],[110.53155,-7.05883],[110.53155,-7.05891],[110.53157,-7.05907],[110.53149,-7.05919],[110.53127,-7.05942],[110.53106,-7.05956],[110.53107,-7.05962],[110.53105,-7.05986],[110.53102,-7.05991],[110.53097,-7.05999],[110.53081,-7.06015],[110.53065,-7.06019],[110.53041,-7.06012],[110.52952,-7.05988],[110.52934,-7.05991],[110.52924,-7.06],[110.52914,-7.06022],[110.52904,-7.06074],[110.52888,-7.06127],[110.52885,-7.06142],[110.52884,-7.0619],[110.5289,-7.06276],[110.52898,-7.06285],[110.52907,-7.063],[110.5291,-7.06319],[110.52907,-7.06343],[110.52898,-7.0637],[110.52885,-7.0638],[110.52843,-7.06407],[110.52835,-7.0646],[110.52841,-7.06485],[110.52846,-7.0652],[110.52832,-7.06536],[110.52795,-7.06572],[110.52781,-7.06598],[110.52769,-7.06619],[110.52771,-7.06633],[110.52786,-7.06677],[110.52809,-7.06713],[110.52842,-7.06755],[110.52863,-7.06788],[110.52855,-7.06806],[110.52845,-7.06834],[110.52845,-7.06859],[110.52843,-7.06884],[110.52835,-7.06895],[110.52824,-7.06901],[110.52798,-7.06908],[110.52765,-7.06921],[110.52759,-7.06929],[110.52761,-7.06939],[110.52773,-7.06962],[110.52784,-7.06989],[110.52784,-7.07006],[110.52776,-7.07016],[110.52761,-7.07022],[110.5273,-7.07036],[110.52721,-7.07047],[110.52715,-7.07066],[110.52706,-7.07097],[110.5267,-7.07126],[110.52663,-7.07142],[110.52654,-7.07183],[110.5266,-7.07195],[110.52674,-7.0721],[110.52699,-7.07227],[110.52727,-7.07254],[110.52746,-7.07281],[110.52763,-7.07315],[110.52764,-7.07332],[110.52767,-7.07358],[110.52777,-7.07375],[110.52767,-7.07471],[110.52733,-7.07524],[110.52703,-7.07563],[110.5264,-7.07659],[110.52555,-7.07779],[110.525,-7.0785],[110.52481,-7.0792],[110.52439,-7.0802],[110.52413,-7.08074],[110.52405,-7.08133],[110.52402,-7.08196],[110.52393,-7.08243],[110.52368,-7.08299],[110.52322,-7.08371],[110.523,-7.08435],[110.52271,-7.08505],[110.52256,-7.08557],[110.52237,-7.08604],[110.52212,-7.08644],[110.52206,-7.08696],[110.5217,-7.08872],[110.52137,-7.08917],[110.52118,-7.08959],[110.52096,-7.09063],[110.52094,-7.09117],[110.5207,-7.09232],[110.52066,-7.09237],[110.52045,-7.09282],[110.52024,-7.09336],[110.51968,-7.09426],[110.51929,-7.0949],[110.51907,-7.0954],[110.51882,-7.09583],[110.51853,-7.09623],[110.51838,-7.09671],[110.51833,-7.09718],[110.51802,-7.09802],[110.51776,-7.09846],[110.51756,-7.0994],[110.51738,-7.10024],[110.51731,-7.10122],[110.51718,-7.10186],[110.51689,-7.10246],[110.51673,-7.10294],[110.51654,-7.10334],[110.5166,-7.10382],[110.51665,-7.10434],[110.51649,-7.10479],[110.5161,-7.10549],[110.51595,-7.10582],[110.51593,-7.10588],[110.51571,-7.10649],[110.51567,-7.10695],[110.51552,-7.10748],[110.51526,-7.10796],[110.51495,-7.10844],[110.51482,-7.10876],[110.51477,-7.10925],[110.51453,-7.10973],[110.51403,-7.1102],[110.51371,-7.11043],[110.51327,-7.11086],[110.51313,-7.11115],[110.51285,-7.11174],[110.51294,-7.11229],[110.51289,-7.113],[110.51268,-7.11362],[110.51241,-7.11403],[110.51224,-7.11452],[110.51206,-7.11506],[110.51213,-7.11571],[110.5121,-7.11629],[110.51206,-7.11683],[110.51205,-7.11724],[110.51177,-7.11818],[110.51157,-7.11864],[110.51143,-7.11901],[110.51124,-7.11946],[110.51126,-7.11976],[110.5111,-7.12065],[110.51081,-7.12114],[110.51021,-7.12193],[110.51020630000005,-7.121934899999928],[110.509964,-7.122002099999975],[110.50951380000004,-7.122068799999965],[110.50902560000009,-7.122126599999945],[110.50858310000007,-7.122223799999972],[110.50816350000008,-7.122328699999969],[110.507576,-7.122630099999981],[110.50709530000006,-7.122790799999962],[110.50660710000005,-7.123072599999944],[110.50598910000008,-7.123264699999936],[110.50536350000004,-7.123053499999969],[110.504982,-7.122730199999978],[110.50479130000008,-7.122334899999942],[110.50432590000008,-7.121983499999942],[110.50392910000005,-7.121951099999933],[110.50216670000009,-7.120488099999932],[110.50200650000005,-7.120415199999968],[110.50192260000006,-7.120205899999974],[110.50168610000009,-7.120065699999941],[110.50161740000004,-7.119863499999951],[110.50157930000006,-7.119790099999932],[110.50145720000006,-7.11973519999998],[110.50118260000005,-7.119798199999934],[110.50117980000005,-7.119798799999955],[110.50110630000006,-7.119815299999971],[110.500885,-7.119859699999949],[110.50081640000008,-7.119844399999977],[110.50078580000007,-7.119517799999926],[110.50077060000007,-7.119287499999928],[110.50068670000007,-7.119035199999928],[110.50060270000006,-7.118912699999953],[110.50038910000006,-7.118762899999979],[110.50016790000006,-7.118648],[110.5,-7.118614699999966],[110.49984740000008,-7.118601299999966],[110.49978640000006,-7.118557899999928],[110.49980160000007,-7.118371899999943],[110.49984740000008,-7.117976599999963],[110.49983980000007,-7.117784499999971],[110.49977880000006,-7.117703399999925],[110.49964140000009,-7.117640499999936],[110.49964910000006,-7.117143099999964],[110.49970250000007,-7.116812699999969],[110.49972540000005,-7.11648219999995],[110.49967190000007,-7.11627429999993],[110.49959808100004,-7.116085924999936],[110.49953050000005,-7.116086099999961],[110.49952260000003,-7.116014599999971],[110.499268,-7.115517699999941],[110.49905920000003,-7.115135],[110.499044,-7.115107099999932],[110.49902040000006,-7.11495629999996],[110.49905190000004,-7.114528299999961],[110.49905630000006,-7.114468699999975],[110.49927680000008,-7.113783399999932],[110.49928640000007,-7.113743199999931],[110.499323,-7.113417799999979],[110.49932460000008,-7.113403199999937],[110.49932470000005,-7.113399199999947],[110.49937560000006,-7.112854399999947],[110.49955350000005,-7.112034799999947],[110.49964140000009,-7.111833299999944],[110.49972030000004,-7.111783099999968],[110.49991850000004,-7.111656799999935],[110.500229,-7.111775899999941],[110.50025130000006,-7.111784399999976],[110.50025940000006,-7.111783],[110.50026280000009,-7.111788899999965],[110.50035860000008,-7.111952299999928],[110.50052570000008,-7.112201699999957],[110.50073240000006,-7.112510199999974],[110.50098420000006,-7.113050899999962],[110.501358,-7.113287899999932],[110.50155640000008,-7.113276799999937],[110.501648,-7.113271699999927],[110.502037,-7.112916899999959],[110.50237270000008,-7.112613199999942],[110.50264740000006,-7.112225],[110.50281520000004,-7.111785899999973],[110.50289920000006,-7.111363399999959],[110.50274660000008,-7.111143599999934],[110.50255680000004,-7.11101309999998],[110.50252530000006,-7.110991499999955],[110.502037,-7.110787799999969],[110.50161740000004,-7.110618599999952],[110.50113680000004,-7.110483199999976],[110.50046540000005,-7.110228499999948],[110.5,-7.10998479999995],[110.49987030000005,-7.109946199999968],[110.49971770000008,-7.109886599999925],[110.49943540000004,-7.10992],[110.499176,-7.11003919999996],[110.49891410000004,-7.110168299999941],[110.49877930000008,-7.110234699999978],[110.498291,-7.110642899999959],[110.49782560000006,-7.110889399999962],[110.49759570000003,-7.110936099999947],[110.49736780000006,-7.110982399999955],[110.49705510000007,-7.110990499999957],[110.49685670000008,-7.110956199999976],[110.49623110000005,-7.110512699999958],[110.49578090000006,-7.109907599999929],[110.49575810000005,-7.109660599999927],[110.49591830000008,-7.109430799999927],[110.49602510000005,-7.109363099999939],[110.49613190000008,-7.109337299999936],[110.49689480000006,-7.109457499999962],[110.49719240000007,-7.109534699999926],[110.49737550000009,-7.109492299999943],[110.49787140000007,-7.109211399999936],[110.49864960000008,-7.108812299999954],[110.49890140000008,-7.108497599999964],[110.49913030000005,-7.108071799999948],[110.49926760000005,-7.107671699999969],[110.49935150000005,-7.107203499999969],[110.49943540000004,-7.106786199999931],[110.49954990000003,-7.106556399999931],[110.49987030000005,-7.106139599999949],[110.5,-7.105963699999961],[110.50053410000004,-7.105353799999932],[110.50095370000008,-7.104818799999975],[110.50140380000005,-7.104255699999953],[110.50204470000006,-7.10351849999995],[110.50243380000006,-7.102940499999931],[110.502594,-7.102767],[110.50262450000008,-7.102579099999957],[110.50262450000008,-7.102362099999937],[110.50262450000008,-7.102072699999951],[110.50256520000005,-7.101805899999931],[110.50256350000006,-7.101798],[110.50241090000009,-7.101624499999957],[110.50217440000006,-7.101594899999952],[110.50196080000006,-7.101609199999928],[110.501564,-7.10184049999998],[110.50138710000004,-7.101892699999951],[110.50117490000008,-7.101955399999952],[110.500824,-7.10202739999994],[110.50028990000004,-7.102056],[110.5,-7.101933499999973],[110.49983980000007,-7.10187389999993],[110.49978640000006,-7.101811899999973],[110.49975590000008,-7.10171269999995],[110.49974820000006,-7.101489],[110.49975590000008,-7.101117099999954],[110.49976350000009,-7.101030299999934],[110.49980160000007,-7.100887799999953],[110.49987030000005,-7.100695599999938],[110.49996180000005,-7.100509599999953],[110.49996180000005,-7.100298899999927],[110.49996180000005,-7.10010049999994],[110.49990080000003,-7.09987069999994],[110.499733,-7.099697099999958],[110.49938970000005,-7.099484899999936],[110.49921420000004,-7.099371399999939],[110.49914550000005,-7.099257899999941],[110.49912260000008,-7.099119599999938],[110.49919890000007,-7.09899379999996],[110.49951170000008,-7.098654299999964],[110.49967960000004,-7.098414899999966],[110.49980160000007,-7.098012399999959],[110.49987030000005,-7.097710099999972],[110.49987030000005,-7.097433099999932],[110.49983220000007,-7.097143599999981],[110.49977880000006,-7.096916599999929],[110.49966430000006,-7.096715399999937],[110.49951170000008,-7.096542799999952],[110.49828340000005,-7.095625799999937],[110.49737550000009,-7.094666],[110.49691770000004,-7.094221599999969],[110.49643710000004,-7.093999799999949],[110.49539180000005,-7.093609799999967],[110.49355320000006,-7.093022299999973],[110.49280550000009,-7.092741499999931],[110.49208830000003,-7.092530699999941],[110.49154660000005,-7.092418599999974],[110.49095150000005,-7.092269399999964],[110.49012760000005,-7.09179869999997],[110.48976040000008,-7.09164329999993],[110.48955540000009,-7.091556499999967],[110.48880670000005,-7.091310399999941],[110.48879360000006,-7.09130609999994],[110.48876190000004,-7.091295699999932],[110.48874070000005,-7.091291599999977],[110.48818970000008,-7.091184099999964],[110.48764040000009,-7.090951399999938],[110.486084,-7.090652],[110.48526,-7.09058],[110.48454280000004,-7.090509399999974],[110.48454030000005,-7.090509099999963],[110.48420720000007,-7.090476499999966],[110.483551,-7.090551399999981],[110.48338320000005,-7.090492199999971],[110.483139,-7.090508899999975],[110.48275760000007,-7.090630499999975],[110.48255920000008,-7.090703499999961],[110.48240660000005,-7.090713],[110.48223110000004,-7.090649599999949],[110.48207850000006,-7.090542299999981],[110.48194890000008,-7.090341099999932],[110.48177340000007,-7.090008699999942],[110.48165890000007,-7.089864699999964],[110.48132320000008,-7.089649699999939],[110.48078920000006,-7.089547599999946],[110.48057560000007,-7.089500399999963],[110.48041530000006,-7.089422699999943],[110.47969820000009,-7.088693599999942],[110.479538,-7.088548099999969],[110.47917940000008,-7.088464199999976],[110.47905730000008,-7.088429399999939],[110.47884370000008,-7.088241099999948],[110.47860720000006,-7.088115699999946],[110.47842410000004,-7.087949199999969],[110.47828670000007,-7.087857199999974],[110.47817230000004,-7.087792399999955],[110.47805790000007,-7.087632599999949],[110.47796630000005,-7.087467199999935],[110.47787480000005,-7.087390399999947],[110.477539,-7.086283199999968],[110.47758480000005,-7.085433899999941],[110.47882840000005,-7.084637599999951],[110.47915650000004,-7.084431099999961],[110.47996520000004,-7.083981499999936],[110.48100280000006,-7.083470299999931],[110.48103520000006,-7.083451599999933],[110.48200230000003,-7.082893299999967],[110.48270420000006,-7.082458],[110.48362730000008,-7.081971099999976],[110.48468020000007,-7.081281599999954],[110.48513790000004,-7.080822],[110.485257,-7.080717799999945],[110.48543550000005,-7.080561599999953],[110.485878,-7.08014819999994],[110.486023,-7.080019],[110.48635860000007,-7.079705699999977],[110.48736570000005,-7.078784],[110.48737340000008,-7.07871339999997],[110.48741150000006,-7.078415399999926],[110.487503,-7.078163099999927],[110.48770140000005,-7.07758709999996],[110.48774720000006,-7.077492199999938],[110.48789980000004,-7.077413099999944],[110.48829650000005,-7.077370599999938],[110.489151,-7.077341099999956],[110.48923490000004,-7.077316699999926],[110.48947910000004,-7.076847099999952],[110.48966980000006,-7.076423199999965],[110.48985290000007,-7.076113699999951],[110.48998260000008,-7.075995399999954],[110.49015050000008,-7.075929599999938],[110.49041750000004,-7.075882399999955],[110.49056240000004,-7.075815199999965],[110.49089810000004,-7.075382699999977],[110.49102780000004,-7.075179099999957],[110.491188,-7.074442399999953],[110.49123380000009,-7.074160499999948],[110.491394,-7.074018399999943],[110.49156950000008,-7.073955],[110.49212650000004,-7.073328],[110.49278260000006,-7.072810599999968],[110.49334720000007,-7.072298],[110.49356840000007,-7.071884599999976],[110.493721,-7.071596099999965],[110.49390410000007,-7.071322899999927],[110.49406080000006,-7.071124899999973],[110.49406330000005,-7.071121799999958],[110.49415590000007,-7.071004799999969],[110.49429320000007,-7.070913799999971],[110.49438480000003,-7.070891399999937],[110.49447630000009,-7.070925199999976],[110.49459080000008,-7.071073499999954],[110.49466760000007,-7.071156299999927],[110.49467080000005,-7.07115959999993],[110.49472810000009,-7.071221299999934],[110.49492650000008,-7.071301399999925],[110.49515530000008,-7.071290499999975],[110.49529270000005,-7.071233699999937],[110.49536130000007,-7.071131199999968],[110.49543,-7.070915199999945],[110.49549870000004,-7.070733],[110.495636,-7.070562799999948],[110.49579620000009,-7.070357799999954],[110.49599460000007,-7.070119399999953],[110.49612430000008,-7.069925799999965],[110.49620820000007,-7.069732699999975],[110.49623870000005,-7.069539],[110.49623110000005,-7.069334499999968],[110.49616240000006,-7.069140899999979],[110.49607080000004,-7.068924899999956],[110.49597170000004,-7.06881089999996],[110.49575040000008,-7.068651199999977],[110.49552150000005,-7.068514299999947],[110.49547930000006,-7.068464899999981],[110.495477,-7.068462299999965],[110.49541470000008,-7.068389399999944],[110.49539180000005,-7.068332199999929],[110.49542240000005,-7.068275399999948],[110.49548340000007,-7.068241599999965],[110.49565120000005,-7.068253],[110.49581910000006,-7.068332599999962],[110.49588060000008,-7.068380799999943],[110.49597930000004,-7.068458],[110.49626920000009,-7.068572],[110.49627140000007,-7.068572499999959],[110.49638370000008,-7.068594899999937],[110.49644470000004,-7.068561099999954],[110.49655150000007,-7.068413199999952],[110.496666,-7.068231099999934],[110.496694,-7.06814739999993],[110.49671170000005,-7.068094699999961],[110.49671930000005,-7.067935399999953],[110.49673550000006,-7.067831399999932],[110.49674220000009,-7.067787599999974],[110.49681090000007,-7.067719499999953],[110.49690250000003,-7.067708],[110.49703980000004,-7.067708499999981],[110.49718950000005,-7.067764199999942],[110.49722290000005,-7.067776599999945],[110.49736020000006,-7.067867699999965],[110.49742130000004,-7.067981699999962],[110.497406,-7.068107099999963],[110.49733730000008,-7.068220599999961],[110.49723820000008,-7.068334099999959],[110.49720840000003,-7.068357099999957],[110.49703220000004,-7.068493299999943],[110.49694820000008,-7.068573],[110.49690250000003,-7.068709299999966],[110.49690250000003,-7.068834699999968],[110.49694060000007,-7.068971099999942],[110.49703980000004,-7.069108],[110.49722290000005,-7.069232899999975],[110.49746410000006,-7.069339299999967],[110.49748230000006,-7.06934739999997],[110.49777220000004,-7.069393099999957],[110.49817660000008,-7.069416],[110.49838260000007,-7.069382099999928],[110.498497,-7.069314],[110.49853520000005,-7.069245799999976],[110.49853520000005,-7.069132299999978],[110.49848940000004,-7.069018299999925],[110.49835210000003,-7.068827099999965],[110.49829870000008,-7.068771799999979],[110.49820710000006,-7.068716499999937],[110.498085,-7.06867219999998],[110.497879,-7.068616799999972],[110.49779510000008,-7.068550099999925],[110.49777990000007,-7.068494799999939],[110.49777990000007,-7.068395599999974],[110.49780270000008,-7.068240599999967],[110.497818,-7.068085599999961],[110.497818,-7.067953099999954],[110.49778750000007,-7.06777569999997],[110.49776460000004,-7.067598799999928],[110.49776460000004,-7.067510599999935],[110.49781040000005,-7.067421899999943],[110.49784090000009,-7.067333699999949],[110.49792480000008,-7.067245],[110.49794510000004,-7.067236299999934],[110.49800110000007,-7.067212099999949],[110.49810030000003,-7.067212099999949],[110.49822240000009,-7.067245499999956],[110.49880980000006,-7.067423299999973],[110.49898120000006,-7.067469],[110.49898810000008,-7.067470799999967],[110.49918370000006,-7.067523],[110.49934390000004,-7.067545399999972],[110.49945070000007,-7.067512499999964],[110.499527,-7.067457199999978],[110.49957280000007,-7.067313199999944],[110.49960330000005,-7.06712529999993],[110.49961850000005,-7.066926],[110.49963450000007,-7.066893],[110.49967190000007,-7.066815799999972],[110.49983980000007,-7.066749499999958],[110.49990850000006,-7.066716199999973],[110.5,-7.06671659999995],[110.50004580000007,-7.06674529999998],[110.50015260000004,-7.066817699999945],[110.50028790000005,-7.067100799999935],[110.50029760000007,-7.067121],[110.50030520000007,-7.067155599999978],[110.50033570000005,-7.067292699999939],[110.50048070000008,-7.067345599999953],[110.50059510000006,-7.067352299999925],[110.500679,-7.067326],[110.50079350000004,-7.067279799999937],[110.50079940000006,-7.067276499999934],[110.50081640000008,-7.067266899999936],[110.50086970000007,-7.067214],[110.50089260000004,-7.067161499999941],[110.50092320000005,-7.067042799999967],[110.50092320000005,-7.06685159999995],[110.50090030000007,-7.066601299999945],[110.50085450000006,-7.066429599999935],[110.500557,-7.066270799999927],[110.50016790000006,-7.066152099999954],[110.5,-7.066001899999947],[110.49993130000007,-7.065964199999939],[110.49989320000009,-7.065875499999947],[110.499855,-7.065643299999977],[110.49978640000006,-7.065433],[110.49971010000007,-7.065056799999979],[110.49967190000007,-7.064813599999979],[110.49967190000007,-7.064647699999966],[110.499733,-7.064382],[110.49971010000007,-7.06405019999994],[110.499733,-7.063795499999969],[110.49941250000006,-7.063315799999941],[110.49919150000005,-7.063238599999977],[110.498848,-7.063118399999951],[110.49792480000008,-7.063171799999964],[110.49712370000009,-7.063456],[110.49619290000004,-7.063541399999963],[110.49553680000008,-7.063354899999979],[110.49491880000005,-7.062597299999936],[110.49411770000006,-7.061830499999928],[110.493309,-7.061419899999976],[110.49213410000004,-7.060958899999946],[110.49144750000005,-7.060323699999969],[110.49093630000004,-7.059389099999976],[110.49096680000008,-7.058397799999966],[110.49117280000007,-7.057741599999929],[110.49150850000007,-7.057006299999955],[110.49143220000008,-7.056424599999957],[110.49099730000006,-7.05525629999994],[110.49012760000005,-7.054098599999975],[110.48952130000004,-7.053313099999968],[110.48921970000004,-7.052922199999955],[110.488678,-7.052300899999977],[110.48789210000007,-7.051368699999955],[110.486763,-7.050243399999943],[110.48667910000006,-7.050144199999977],[110.48659510000005,-7.050230899999974],[110.48657990000004,-7.05025379999995],[110.486496,-7.050323499999934],[110.48648740000004,-7.050332699999956],[110.48642730000006,-7.050397399999952],[110.48636630000004,-7.050660099999959],[110.48634340000007,-7.050926699999934],[110.48640440000008,-7.051095499999974],[110.48661040000007,-7.051728699999956],[110.48661040000007,-7.051926099999946],[110.48650360000005,-7.052292799999975],[110.48637390000005,-7.052765299999976],[110.48588560000007,-7.054138699999953],[110.48576350000008,-7.054456699999946],[110.48551940000004,-7.055109],[110.48541260000007,-7.055203399999925],[110.484993,-7.055477599999961],[110.48471070000005,-7.055730299999937],[110.48449710000006,-7.05587479999997],[110.48435210000008,-7.055984499999965],[110.48415370000004,-7.056088899999963],[110.48398590000005,-7.056188099999929],[110.48368070000004,-7.056392199999948],[110.48339840000006,-7.056557599999962],[110.48319240000006,-7.05659049999997],[110.48306270000006,-7.05655859999996],[110.482872,-7.056472699999972],[110.48252870000005,-7.056314399999962],[110.48230740000008,-7.056292],[110.48194120000005,-7.056310599999961],[110.48189540000004,-7.056325899999933],[110.48145290000008,-7.056548099999929],[110.48126220000006,-7.056714499999941],[110.48120120000004,-7.056873799999948],[110.48117830000007,-7.057045],[110.48115540000003,-7.05723809999995],[110.48094180000004,-7.05743259999997],[110.48083120000007,-7.057372699999974],[110.48082730000004,-7.057370599999956],[110.48080440000007,-7.057360599999981],[110.48074340000005,-7.057135099999925],[110.48068240000003,-7.056777],[110.48073580000005,-7.056510399999979],[110.48084260000007,-7.056315899999959],[110.48107150000004,-7.056028799999979],[110.48114780000009,-7.05590959999995],[110.48119350000007,-7.055686],[110.48114780000009,-7.055283],[110.48107910000004,-7.054925],[110.48097230000008,-7.054686499999946],[110.48078920000006,-7.054298399999936],[110.48075110000008,-7.054059499999937],[110.48073580000005,-7.053910199999962],[110.48081210000004,-7.053654199999926],[110.48081330000008,-7.053650799999957],[110.480896,-7.05343339999996],[110.48104860000007,-7.053150199999948],[110.48117060000004,-7.053016199999945],[110.48142240000004,-7.052911699999981],[110.48167420000004,-7.052807799999925],[110.481926,-7.052763399999947],[110.48224640000007,-7.052778699999976],[110.48268890000008,-7.052793899999926],[110.482811,-7.052764399999944],[110.482872,-7.052704799999958],[110.48290250000008,-7.05260039999996],[110.48290250000008,-7.052421099999947],[110.482811,-7.052197399999955],[110.48268890000008,-7.051988599999959],[110.482666,-7.051868899999931],[110.48269650000009,-7.051720099999955],[110.48279570000005,-7.051481199999955],[110.48294830000009,-7.051258],[110.48307040000009,-7.051183199999969],[110.48332210000007,-7.051109299999951],[110.483706,-7.051109699999927],[110.48371570000006,-7.051109699999927],[110.48374170000005,-7.051109799999949],[110.48403930000006,-7.051169399999935],[110.48427580000003,-7.051244199999928],[110.48461910000009,-7.051424],[110.48481750000008,-7.051573299999973],[110.48491670000004,-7.051737299999957],[110.48493190000005,-7.05191659999997],[110.48491670000004,-7.052020499999969],[110.484787,-7.052139699999941],[110.48460390000008,-7.05225889999997],[110.48442840000007,-7.052392899999973],[110.48423,-7.052587],[110.48419950000005,-7.052751],[110.48421480000007,-7.052899799999977],[110.48441310000004,-7.053138699999977],[110.48464970000003,-7.05333319999994],[110.484835,-7.053382399999975],[110.48485430000005,-7.053387499999928],[110.48493190000005,-7.053408099999956],[110.48509980000006,-7.05342289999993],[110.48522950000006,-7.053393299999925],[110.48533630000009,-7.053274099999953],[110.48547360000003,-7.053005699999972],[110.48563390000004,-7.052767299999971],[110.48581690000009,-7.052454399999931],[110.48596190000006,-7.05220079999998],[110.48600770000007,-7.051991899999962],[110.48596190000006,-7.051544699999965],[110.48589320000008,-7.050947599999972],[110.48577120000004,-7.050351099999943],[110.485672,-7.050057399999957],[110.48567170000007,-7.050057],[110.48553470000007,-7.049885199999949],[110.48530580000005,-7.049587199999962],[110.48507690000008,-7.049404099999947],[110.484848,-7.049254899999937],[110.48459620000006,-7.049105599999962],[110.48450470000006,-7.049014099999965],[110.48432160000004,-7.048865299999932],[110.48420720000007,-7.048773299999937],[110.48408510000007,-7.04875039999996],[110.483818,-7.048738499999956],[110.48376590000004,-7.048731099999941],[110.48372040000004,-7.04872469999998],[110.48357390000007,-7.048704099999952],[110.48347470000004,-7.048658299999943],[110.48345760000007,-7.048619599999938],[110.483452,-7.048606899999925],[110.48324340000005,-7.048559],[110.48308620000006,-7.048524699999973],[110.48297690000004,-7.04846989999993],[110.48293590000009,-7.048415199999965],[110.48291550000005,-7.048319599999957],[110.482943,-7.048169299999927],[110.48301850000007,-7.047923499999968],[110.48310760000004,-7.047698199999957],[110.48321050000004,-7.047466099999951],[110.48355290000006,-7.046967799999948],[110.48360770000005,-7.04681759999994],[110.48361860000006,-7.046704599999941],[110.48361260000007,-7.046703799999932],[110.48358920000004,-7.046700899999962],[110.48329160000009,-7.046677599999953],[110.48310850000007,-7.046677599999953],[110.483029,-7.046607599999959],[110.48302270000005,-7.046602],[110.48297210000004,-7.046618799999976],[110.48279430000008,-7.046632299999942],[110.48263710000003,-7.046604799999955],[110.482562,-7.046522699999969],[110.48254850000006,-7.046379299999955],[110.48256230000004,-7.046229],[110.48269240000008,-7.046078899999941],[110.48288390000005,-7.04602449999993],[110.48312320000008,-7.04600419999997],[110.48351290000005,-7.045991],[110.483636,-7.045950199999936],[110.48380710000004,-7.045841099999961],[110.48388930000004,-7.045738699999958],[110.48388950000009,-7.045554299999935],[110.48380750000007,-7.045438099999956],[110.483688,-7.045391199999926],[110.48345190000003,-7.045407299999965],[110.48310850000007,-7.045418199999972],[110.48291780000005,-7.045394899999962],[110.48282130000007,-7.045368699999926],[110.48267950000007,-7.045368499999938],[110.48252220000006,-7.045354699999962],[110.48226940000006,-7.045265599999937],[110.48196190000004,-7.045101299999942],[110.48159970000006,-7.044889199999943],[110.48127180000006,-7.044649699999979],[110.48116960000004,-7.04439009999993],[110.48116980000009,-7.044205599999941],[110.48127250000005,-7.044028099999935],[110.48142990000008,-7.043898499999955],[110.48174460000007,-7.043762299999969],[110.48197370000008,-7.043684],[110.48236340000005,-7.043670799999973],[110.48282150000006,-7.043712199999959],[110.48342990000003,-7.043788099999972],[110.48395630000005,-7.043836399999975],[110.48440750000009,-7.043891599999938],[110.48465370000008,-7.043850899999939],[110.48479060000005,-7.043734899999947],[110.48483160000006,-7.043687099999943],[110.48481810000004,-7.04353],[110.48475,-7.043352299999981],[110.48455540000003,-7.043096],[110.48437780000006,-7.042925],[110.484084,-7.042767599999934],[110.48380380000009,-7.042651199999966],[110.48352350000005,-7.042582599999946],[110.48327750000004,-7.042500299999972],[110.48312720000007,-7.04239089999993],[110.483059,-7.042226899999946],[110.48308660000004,-7.042022],[110.48316880000004,-7.041830799999957],[110.48340160000004,-7.041537299999959],[110.48357280000005,-7.041305299999976],[110.483662,-7.041066299999954],[110.48364170000008,-7.040847699999972],[110.48364820000006,-7.04063309999998],[110.48361720000008,-7.040630799999974],[110.48366250000004,-7.040540399999941],[110.48379270000004,-7.040308299999936],[110.48390850000004,-7.039879699999972],[110.48399830000005,-7.039898699999981],[110.48420330000005,-7.039926199999968],[110.48422050000005,-7.039920499999937],[110.48423,-7.03993],[110.48423130000003,-7.039931299999978],[110.48427490000006,-7.039934099999925],[110.48438120000009,-7.039878599999952],[110.48449080000006,-7.03963959999993],[110.48461430000003,-7.039298199999962],[110.48478240000009,-7.038700799999958],[110.48500840000008,-7.038427799999965],[110.48515910000003,-7.038127399999951],[110.48517290000007,-7.037997599999926],[110.48507070000005,-7.037669699999981],[110.48499570000007,-7.03752609999998],[110.48501290000007,-7.03736559999993],[110.48511590000004,-7.037051499999961],[110.48542390000006,-7.036669399999937],[110.48575250000005,-7.036328199999957],[110.48580050000004,-7.036271799999952],[110.485891,-7.03611849999993],[110.486053,-7.035760599999946],[110.48613070000005,-7.035423699999967],[110.48615640000008,-7.03531339999995],[110.48618950000008,-7.034978499999966],[110.48621970000005,-7.034813699999972],[110.48630490000005,-7.034614],[110.48641030000005,-7.034259499999962],[110.48653560000008,-7.03395],[110.486595,-7.033777],[110.48665270000004,-7.033564],[110.48673730000007,-7.033304299999941],[110.48679720000007,-7.033181499999955],[110.48665680000005,-7.033005899999978],[110.48666410000004,-7.03280929999994],[110.48669250000006,-7.032563599999946],[110.48678410000008,-7.032247799999936],[110.48688290000007,-7.031939],[110.48707290000004,-7.031644399999948],[110.48743540000004,-7.031058599999938],[110.48749190000007,-7.030784899999958],[110.48753450000004,-7.030462],[110.48749970000006,-7.030082899999968],[110.48737730000005,-7.029580799999962],[110.48739170000005,-7.0293],[110.48741310000008,-7.029005199999972],[110.48749710000004,-7.029035],[110.48773370000004,-7.029064799999958],[110.48774720000006,-7.029064099999971],[110.48798370000009,-7.029087499999946],[110.48813630000006,-7.029125699999952],[110.48823550000009,-7.029150899999934],[110.48876190000004,-7.029264399999931],[110.48899840000007,-7.029298799999935],[110.489296,-7.029390799999931],[110.48986820000005,-7.029569099999947],[110.49046330000004,-7.029750799999931],[110.49052730000005,-7.029763699999933],[110.49070080000007,-7.029759899999931],[110.49090450000006,-7.029753099999937],[110.49105210000005,-7.029739199999938],[110.49122080000006,-7.029732399999943],[110.49130070000007,-7.02976179999996],[110.49131010000008,-7.029760299999964],[110.49150850000007,-7.029784699999936],[110.491745,-7.029817099999946],[110.49195680000008,-7.029829],[110.49198150000007,-7.02983039999998],[110.49203490000008,-7.029834299999948],[110.49239350000005,-7.029858099999956],[110.49245450000006,-7.029729299999929],[110.49249270000007,-7.029629199999931],[110.49308780000007,-7.029880499999933],[110.49337770000005,-7.029974399999958],[110.493515,-7.030049799999972],[110.49404140000007,-7.030235699999935],[110.494194,-7.02998249999996],[110.49423790000009,-7.029957799999977],[110.49425210000004,-7.02994979999994],[110.49430910000007,-7.029772899999955],[110.49436430000009,-7.029603099999974],[110.49442430000005,-7.029563199999927],[110.49459420000005,-7.02961339999996],[110.49480580000005,-7.029710899999941],[110.49514010000007,-7.02968119999997],[110.49539080000005,-7.029759599999977],[110.49578060000005,-7.028595499999938],[110.49572220000005,-7.028527199999928],[110.49567360000009,-7.028410299999962],[110.49563470000004,-7.028244699999959],[110.49555680000009,-7.028156899999942],[110.49572310000008,-7.027709],[110.49584030000005,-7.027446099999963],[110.49593580000004,-7.027480299999979],[110.49594120000006,-7.02746529999996],[110.49598690000005,-7.027432899999951],[110.49663910000004,-7.027520699999968],[110.49665460000006,-7.027344699999958],[110.49675220000006,-7.02720839999995],[110.49693760000008,-7.027052799999979],[110.49715210000005,-7.027072499999974],[110.49738610000009,-7.027102],[110.49773710000005,-7.027121799999975],[110.49799260000009,-7.027122099999929],[110.49821470000006,-7.026985099999933],[110.49822030000007,-7.026811399999929],[110.49818430000005,-7.026630699999941],[110.49823620000006,-7.026419099999941],[110.49833680000006,-7.026251799999955],[110.49834290000007,-7.026214899999957],[110.49835210000003,-7.026160199999936],[110.49838260000007,-7.026161699999932],[110.49847410000007,-7.02617209999994],[110.49848940000004,-7.026128799999981],[110.49848940000004,-7.025924699999962],[110.49851990000008,-7.025930399999936],[110.49900820000005,-7.02599859999998],[110.49914950000004,-7.026018299999976],[110.49915870000007,-7.026019599999927],[110.49914610000008,-7.025888399999928],[110.49914110000009,-7.025790299999926],[110.499167,-7.025651],[110.499152,-7.025544899999943],[110.49909210000004,-7.02552129999998],[110.49893950000006,-7.025558],[110.49877170000008,-7.02566719999993],[110.49864960000008,-7.025709099999972],[110.49852750000008,-7.025681499999962],[110.49848180000004,-7.025654299999928],[110.49844860000007,-7.025614099999927],[110.49809270000009,-7.025183199999958],[110.49791720000007,-7.025002899999947],[110.497879,-7.024973399999965],[110.49788040000004,-7.024954299999933],[110.49784520000009,-7.024921799999959],[110.49772140000005,-7.024756499999967],[110.49771630000004,-7.024632599999961],[110.49775780000004,-7.024477799999943],[110.49785610000004,-7.024343699999974],[110.49802160000007,-7.02422],[110.49818480000005,-7.02419139999995],[110.498198,-7.02416089999997],[110.49826050000007,-7.02401679999997],[110.49826460000008,-7.02400769999997],[110.49824980000005,-7.023933399999976],[110.498215,-7.023808499999973],[110.49822010000008,-7.023648599999945],[110.49823060000006,-7.023517699999957],[110.49824420000004,-7.023457899999926],[110.49844120000006,-7.023154599999941],[110.49863580000005,-7.022737]]]]}},{"type":"Feature","properties":{"district":"Karanganyar"},"geometry":{"type":"MultiPolygon","coordinates":[[[[110.78382150000004,-6.809984799999938],[110.78524310000006,-6.813054799999975],[110.78657970000006,-6.815462],[110.78773870000003,-6.816353899999967],[110.79023540000009,-6.816979],[110.79032440000009,-6.817246399999931],[110.79006070000008,-6.81740439999993],[110.79103740000005,-6.818316399999958],[110.79175030000005,-6.819564599999978],[110.79273080000007,-6.82054549999998],[110.79308660000004,-6.822774],[110.79299690000005,-6.824021899999934],[110.79486880000007,-6.826072799999963],[110.79575990000006,-6.827588499999933],[110.79630120000007,-6.828292399999953],[110.79632240000007,-6.828225699999962],[110.79634840000006,-6.828270299999929],[110.79632740000005,-6.828326499999946],[110.79754260000004,-6.829906799999947],[110.79910360000008,-6.831879299999969],[110.79923610000009,-6.832046799999944],[110.79892210000008,-6.832889099999932],[110.79914630000007,-6.833562099999938],[110.79914570000005,-6.834988299999964],[110.79906880000004,-6.835677499999974],[110.79903410000009,-6.835667099999966],[110.79884510000005,-6.835568399999943],[110.79914490000004,-6.836949299999958],[110.79932290000005,-6.837662399999942],[110.799836,-6.838261199999977],[110.80137380000008,-6.838554599999952],[110.80170870000006,-6.838456299999962],[110.80289,-6.838109599999939],[110.80442550000004,-6.837225],[110.80469780000004,-6.83728439999993],[110.80503090000008,-6.836951699999929],[110.80699320000008,-6.836239399999954],[110.80824170000005,-6.836239899999953],[110.81002510000008,-6.836953699999981],[110.81073860000004,-6.836686499999928],[110.81172010000006,-6.835439],[110.812612,-6.835439399999927],[110.81314690000005,-6.835707],[110.81343330000004,-6.83628],[110.81350340000006,-6.836420199999964],[110.81377070000008,-6.836955099999955],[110.81385890000007,-6.839451],[110.81396820000003,-6.839683299999933],[110.81457180000007,-6.840966599999945],[110.81510650000007,-6.842125499999952],[110.81653310000007,-6.843017499999974],[110.81724630000008,-6.84355249999993],[110.81754190000004,-6.844538599999964],[110.81831520000009,-6.847118399999943],[110.81902820000005,-6.848366599999963],[110.82081140000008,-6.849704299999928],[110.82254730000005,-6.849596499999961],[110.823078,-6.849370499999964],[110.82417910000004,-6.849410899999953],[110.82553680000007,-6.849000199999978],[110.82598150000007,-6.848743099999979],[110.82631860000004,-6.848548199999925],[110.82701830000008,-6.847685],[110.82791740000005,-6.846648899999934],[110.82800720000006,-6.846694899999932],[110.82804310000006,-6.846644399999946],[110.82870560000003,-6.845712099999957],[110.83002240000008,-6.844725799999935],[110.83183260000004,-6.84427409999995],[110.83269650000005,-6.844274399999961],[110.83351910000005,-6.844809199999929],[110.83393020000005,-6.845631699999956],[110.83413550000006,-6.846659699999975],[110.83429990000008,-6.847070899999949],[110.83516380000009,-6.847153399999968],[110.83635690000006,-6.846989299999962],[110.83734090000007,-6.846596299999931],[110.83738550000004,-6.846578499999964],[110.838126,-6.846332099999927],[110.83857840000007,-6.846784499999956],[110.83894850000007,-6.847319099999936],[110.83894810000004,-6.848223699999949],[110.83849540000006,-6.848881399999925],[110.83763110000007,-6.850155699999959],[110.837466,-6.850457899999981],[110.83738410000007,-6.850607899999943],[110.83750720000006,-6.851430299999947],[110.83752780000009,-6.851474799999949],[110.83775390000005,-6.851964899999928],[110.83775350000008,-6.853075],[110.83750630000009,-6.854061699999932],[110.83746170000006,-6.854417699999942],[110.83738260000007,-6.85504839999993],[110.83631270000006,-6.855911499999934],[110.83520180000005,-6.856322299999931],[110.83421430000004,-6.856650899999977],[110.83302140000006,-6.856403799999953],[110.83281560000006,-6.856773699999962],[110.83273320000006,-6.857020399999953],[110.83293860000003,-6.857801699999925],[110.83326740000007,-6.85870639999996],[110.83318490000005,-6.859364199999959],[110.83270210000006,-6.859766],[110.83269110000003,-6.859775199999945],[110.83158040000006,-6.859651399999962],[110.83001710000008,-6.859568599999932],[110.82963050000006,-6.859547],[110.82966360000006,-6.859629199999972],[110.82880860000006,-6.85957],[110.828783,-6.859568199999956],[110.82767210000009,-6.859896699999979],[110.82668460000008,-6.860348699999975],[110.82573820000005,-6.86096509999993],[110.82545,-6.861499499999979],[110.82524340000003,-6.861760799999956],[110.82515580000006,-6.861768],[110.82470920000009,-6.862362599999926],[110.82454430000007,-6.863184899999965],[110.82462650000008,-6.863555],[110.82495530000006,-6.864295199999958],[110.825819,-6.864994499999966],[110.82631240000006,-6.865734699999962],[110.82631230000004,-6.866063699999927],[110.82614760000007,-6.866433599999937],[110.82511890000006,-6.867008899999973],[110.82413140000006,-6.867255199999931],[110.82353350000005,-6.86741429999995],[110.82275930000009,-6.867620399999964],[110.82276920000004,-6.867653799999971],[110.82277250000004,-6.867696799999976],[110.82215650000006,-6.867747899999927],[110.82212060000006,-6.867767699999945],[110.82096320000005,-6.868405299999949],[110.82070470000008,-6.868588199999976],[110.82052430000005,-6.868715699999939],[110.82046510000004,-6.868706699999962],[110.82044130000008,-6.868697499999939],[110.81948180000006,-6.869514899999956],[110.81936790000009,-6.869581199999971],[110.81849420000009,-6.87009009999997],[110.81721830000004,-6.871569799999975],[110.81577790000006,-6.872926099999972],[110.81462550000003,-6.873994699999969],[110.81429620000006,-6.87461129999997],[110.81429570000006,-6.875927],[110.81384250000008,-6.877407],[110.81254110000003,-6.878181099999949],[110.81244660000004,-6.878354099999967],[110.81199650000008,-6.878699299999937],[110.81117250000005,-6.879116499999952],[110.81116840000004,-6.879118],[110.81099690000008,-6.879182499999956],[110.81001280000004,-6.879552299999943],[110.80933380000005,-6.879879],[110.80916590000004,-6.880028699999968],[110.80916310000003,-6.880031199999962],[110.80889890000009,-6.880260499999963],[110.808464,-6.88082309999993],[110.80824280000007,-6.881495499999971],[110.80818940000006,-6.882639899999958],[110.80818640000007,-6.882909099999949],[110.80816650000008,-6.88467449999996],[110.80795290000009,-6.885837],[110.80776730000008,-6.886621],[110.80785020000008,-6.887620899999945],[110.80790090000005,-6.887758399999939],[110.80825,-6.88815],[110.80839540000005,-6.888290899999959],[110.808803,-6.890649499999938],[110.80852190000007,-6.891939299999933],[110.80784790000007,-6.893453099999931],[110.807511,-6.894013799999925],[110.80738090000006,-6.894112299999961],[110.80588310000007,-6.895246899999961],[110.80414340000004,-6.895694799999944],[110.80389850000006,-6.895740599999954],[110.80346980000007,-6.896087099999932],[110.80274010000005,-6.896703599999967],[110.80257140000003,-6.897432599999945],[110.80261070000006,-6.898063799999932],[110.802066,-6.897792299999935],[110.80201720000008,-6.898024499999963],[110.80184940000004,-6.898315399999944],[110.801651,-6.89858769999995],[110.80141490000005,-6.898823399999969],[110.80141,-6.89882],[110.80113,-6.89836],[110.80066,-6.89733],[110.80024,-6.89638],[110.79999,-6.89557],[110.79986,-6.89473],[110.79935660000007,-6.893979799999954],[110.79935,-6.89397],[110.799245,-6.893852199999969],[110.79848720000007,-6.893690699999979],[110.79722020000008,-6.89316249999996],[110.796439,-6.892824499999961],[110.79515070000008,-6.892739499999948],[110.79449610000006,-6.892654799999946],[110.79365150000007,-6.892274499999928],[110.79204670000007,-6.891556199999968],[110.79045020000007,-6.890459499999963],[110.79029440000005,-6.890352399999927],[110.78909090000008,-6.889507699999967],[110.78828880000009,-6.888684199999943],[110.78767670000008,-6.887797399999954],[110.78718520000007,-6.886690899999962],[110.787086,-6.886467499999981],[110.78708640000008,-6.885444199999938],[110.78707,-6.88543],[110.78702,-6.8854],[110.7867,-6.88523],[110.78553,-6.88474],[110.7846,-6.88433],[110.78382,-6.88385],[110.78377,-6.88381],[110.78292,-6.88338],[110.78146,-6.8825],[110.78102,-6.88223],[110.77972,-6.88173],[110.77923,-6.88152],[110.77886,-6.88136],[110.77875,-6.88133],[110.77842,-6.8812],[110.77652,-6.88026],[110.77566,-6.87986],[110.77515,-6.8796],[110.77436,-6.87918],[110.77371,-6.87884],[110.77365,-6.87881],[110.7736,-6.87878],[110.77348,-6.8787],[110.77317,-6.87853],[110.77244,-6.87822],[110.77107,-6.87759],[110.7705,-6.87733],[110.77015,-6.87716],[110.76969,-6.87693],[110.76914,-6.8766],[110.76853,-6.87618],[110.76798,-6.87579],[110.76681,-6.875],[110.76656,-6.87483],[110.76635,-6.87456],[110.76529,-6.8731],[110.76505,-6.87283],[110.7647,-6.87242],[110.76387,-6.87133],[110.76316,-6.8703],[110.76291,-6.87001],[110.76284,-6.86992],[110.76248,-6.86945],[110.76177,-6.86845],[110.76146,-6.86805],[110.761,-6.86746],[110.76064,-6.86698],[110.76006,-6.86599],[110.75957,-6.8661],[110.75864,-6.86626],[110.75808,-6.86638],[110.75746,-6.86649],[110.7568,-6.8666],[110.75582,-6.86676],[110.75512,-6.8669],[110.7546,-6.867],[110.75373,-6.86716],[110.75322,-6.86723],[110.75273,-6.86736],[110.7523,-6.86747],[110.75164,-6.86758],[110.75113,-6.86768],[110.75086,-6.8677],[110.75063,-6.86725],[110.75043,-6.8673],[110.75001,-6.86743],[110.74882,-6.86765],[110.74749,-6.86788],[110.74723,-6.86793],[110.74685,-6.86797],[110.74638,-6.86806],[110.74601,-6.8681],[110.74569,-6.86817],[110.74507,-6.86831],[110.74482,-6.86835],[110.74464,-6.86839],[110.74425,-6.86843],[110.74348,-6.86857],[110.74316,-6.86864],[110.74275,-6.86868],[110.7422,-6.86878],[110.74194,-6.86881],[110.74174,-6.86884],[110.74151,-6.86892],[110.74108,-6.86899],[110.74086,-6.86904],[110.74046,-6.86914],[110.73868,-6.86944],[110.73813,-6.86955],[110.73605,-6.86992],[110.73591620000008,-6.869945199999961],[110.73552,-6.87002],[110.73519,-6.87007],[110.73508,-6.87009],[110.73354,-6.87029],[110.73314,-6.87034],[110.73291,-6.87037],[110.7323,-6.8705],[110.73184,-6.87059],[110.73118,-6.87066],[110.73045,-6.87077],[110.73021,-6.87081],[110.73011,-6.87083],[110.72938,-6.87088],[110.72875,-6.87099],[110.72857,-6.87104],[110.72802,-6.87112],[110.72794,-6.87113],[110.72737,-6.87119],[110.72516,-6.87154],[110.72382,-6.87175],[110.72309,-6.8719],[110.72209,-6.87205],[110.72042,-6.87228],[110.71991,-6.87237],[110.71897920000004,-6.872528599999953],[110.71900580000005,-6.871820499999956],[110.71917210000004,-6.869022899999948],[110.71884320000004,-6.868364399999962],[110.71789660000007,-6.867829],[110.71699110000009,-6.86762269999997],[110.71653760000004,-6.868774499999972],[110.71571440000008,-6.868403699999931],[110.715056,-6.867991899999936],[110.71542730000004,-6.866716699999927],[110.71542740000007,-6.866469799999948],[110.71460740000003,-6.865888499999926],[110.71491,-6.86534],[110.71545,-6.86455],[110.71581,-6.86412],[110.71642,-6.86344],[110.71694,-6.86274],[110.7174,-6.862],[110.71785,-6.8611],[110.71821,-6.86033],[110.71866,-6.85929],[110.71909,-6.85843],[110.71945,-6.85753],[110.71973,-6.8569],[110.72022,-6.85602],[110.72065,-6.85507],[110.72099,-6.85435],[110.72111,-6.8537],[110.72113,-6.853],[110.72111,-6.85251],[110.72111,-6.85239],[110.72095,-6.85178],[110.72093240000004,-6.851690299999973],[110.72086420000005,-6.851343099999951],[110.72084,-6.85122],[110.72084,-6.85049],[110.72086,-6.85002],[110.72093,-6.84946],[110.72099,-6.84914],[110.72113,-6.84867],[110.7214,-6.84817],[110.72154,-6.84792],[110.72192,-6.84734],[110.72204630000004,-6.847179399999959],[110.72251870000008,-6.847505399999932],[110.72280330000007,-6.847771199999954],[110.72301230000005,-6.847391899999934],[110.723373,-6.847145499999954],[110.72367670000006,-6.847126699999933],[110.72401840000003,-6.846956199999966],[110.72417030000008,-6.84684249999998],[110.72428430000008,-6.846558],[110.72430340000005,-6.846387299999947],[110.72422760000006,-6.846197599999925],[110.72413280000006,-6.846045799999956],[110.72415190000004,-6.845875099999944],[110.72475970000005,-6.84500289999994],[110.72515860000004,-6.844282299999975],[110.72531080000005,-6.843770199999938],[110.72560930000009,-6.843287799999928],[110.72637360000004,-6.842390199999954],[110.72690980000004,-6.842023899999958],[110.72750250000007,-6.841798599999947],[110.72795410000003,-6.841460499999926],[110.72815170000007,-6.841291399999932],[110.728434,-6.840925],[110.72863170000005,-6.84067129999994],[110.72880120000008,-6.840276599999981],[110.72880130000004,-6.84013559999994],[110.72878090000006,-6.840110099999947],[110.72999610000005,-6.837356299999954],[110.73014,-6.83708],[110.72984,-6.83665],[110.72959,-6.8362],[110.72938,-6.83541],[110.72929,-6.8346],[110.72932,-6.83383],[110.72937910000007,-6.833370199999933],[110.72939730000007,-6.833229],[110.72941,-6.83313],[110.72941670000006,-6.833110899999951],[110.73208230000006,-6.833172899999965],[110.73386640000007,-6.832282499999963],[110.73565040000005,-6.83148129999995],[110.73725660000008,-6.829788599999972],[110.73844940000004,-6.827547299999935],[110.73872710000006,-6.827355099999977],[110.73885,-6.82727],[110.73931,-6.82684],[110.73953150000006,-6.826534099999947],[110.73910980000005,-6.826459499999942],[110.73853940000004,-6.825717599999962],[110.73774080000004,-6.825032599999929],[110.73722730000009,-6.82469],[110.73728450000004,-6.824347799999941],[110.73802720000003,-6.822979],[110.73871270000006,-6.821895499999926],[110.73877040000008,-6.82075459999993],[110.73865710000007,-6.819214299999942],[110.73894320000005,-6.81790239999998],[110.73911490000006,-6.816932699999938],[110.73949420000008,-6.815939299999968],[110.73956,-6.81595],[110.73995,-6.81596],[110.74031,-6.81594],[110.74078,-6.81585],[110.74124,-6.8158],[110.74151,-6.81579],[110.74192,-6.81587],[110.74207,-6.81559],[110.74257,-6.8145],[110.74295,-6.8136],[110.7434,-6.81267],[110.74347840000007,-6.812495],[110.7437,-6.812],[110.74399,-6.81107],[110.74435,-6.81008],[110.74465,-6.80925],[110.74505,-6.80823],[110.74519,-6.80756],[110.74509,-6.80724],[110.74471,-6.80731],[110.74391,-6.80735],[110.7435,-6.80731],[110.74284,-6.80715],[110.74247070000007,-6.807084699999962],[110.7412,-6.80686],[110.74073,-6.80675],[110.7404,-6.80662],[110.74017,-6.80646],[110.74002940000008,-6.806300199999953],[110.73995,-6.80621],[110.73988,-6.80607],[110.73987,-6.80578],[110.7399,-6.80521],[110.73994,-6.80515],[110.74012,-6.80468],[110.74024,-6.80429],[110.74026390000006,-6.804211799999962],[110.74028140000007,-6.804154799999935],[110.74039,-6.8038],[110.74051,-6.80342],[110.7406,-6.80337],[110.7408,-6.80337],[110.74127,-6.80341],[110.7413,-6.80272],[110.7413,-6.80209],[110.7413,-6.80187],[110.74135,-6.80178],[110.74147,-6.80171],[110.74167,-6.80173],[110.743,-6.80247],[110.74339,-6.80272],[110.74379,-6.80306],[110.74395,-6.80324],[110.74447,-6.80316],[110.74472,-6.8031],[110.74511,-6.80302],[110.74548,-6.80294],[110.74628,-6.8028],[110.74721,-6.80258],[110.74805,-6.80242],[110.74827,-6.80246],[110.74837,-6.80259],[110.74842,-6.80282],[110.74848220000007,-6.803099699999962],[110.74850440000006,-6.803199899999981],[110.74854,-6.80336],[110.74869,-6.8034],[110.74895,-6.80349],[110.74957,-6.80372],[110.74998,-6.80379],[110.7511,-6.80398],[110.75181,-6.80413],[110.75229,-6.80421],[110.7527,-6.80433],[110.75322,-6.80455],[110.75384,-6.80484],[110.75414,-6.80495],[110.75445,-6.80499],[110.75454,-6.80499],[110.75477,-6.80492],[110.75548,-6.80412],[110.75571,-6.8037],[110.75596,-6.80332],[110.75616,-6.80289],[110.75641,-6.8023],[110.75641170000006,-6.80228349999993],[110.75644570000009,-6.801949899999954],[110.75704390000004,-6.801539299999945],[110.75824290000008,-6.800627199999951],[110.75892,-6.799639],[110.75972780000006,-6.798460099999943],[110.75675890000008,-6.796550199999956],[110.75738950000004,-6.795207299999959],[110.75761020000004,-6.793975599999953],[110.75761410000007,-6.793976699999973],[110.75767830000007,-6.793998699999975],[110.758505,-6.791220099999975],[110.759152,-6.791549199999963],[110.761357,-6.792670599999951],[110.76211760000007,-6.793774299999939],[110.76214380000005,-6.793778799999927],[110.76261780000004,-6.794004099999938],[110.76265520000004,-6.794035599999972],[110.76267240000004,-6.794041099999959],[110.76295250000004,-6.794321299999979],[110.76380010000008,-6.795009899999968],[110.76380010000008,-6.795040299999926],[110.76383440000006,-6.795055899999966],[110.76414680000005,-6.795577],[110.76439510000006,-6.795991],[110.76458180000009,-6.796645599999977],[110.76439440000007,-6.797393399999976],[110.76832180000008,-6.799265099999957],[110.76883580000003,-6.800153499999965],[110.76939660000005,-6.800948499999947],[110.76991080000005,-6.801603099999966],[110.77089260000008,-6.802117799999962],[110.77177070000005,-6.802299],[110.77238320000004,-6.802189399999975],[110.77353260000007,-6.802113399999939],[110.77358710000004,-6.802129599999944],[110.77359010000004,-6.802129299999933],[110.77448080000005,-6.802306399999964],[110.77576350000004,-6.80177649999996],[110.777932,-6.802291],[110.77918730000005,-6.802862],[110.77958670000004,-6.803147399999943],[110.77938910000006,-6.803257499999972],[110.779986,-6.803489899999931],[110.78084180000008,-6.804231899999934],[110.78093270000005,-6.804326299999957],[110.782382,-6.805829899999935],[110.78300950000005,-6.806514799999945],[110.78340880000007,-6.80691429999996],[110.78363660000008,-6.807998299999952],[110.78392120000007,-6.809880899999939],[110.78382150000004,-6.809984799999938]]]]}},{"type":"Feature","properties":{"district":"Demak"},"geometry":{"type":"MultiPolygon","coordinates":[[[[110.68425290000005,-6.870657199999926],[110.68378060000003,-6.871185199999957],[110.68370210000006,-6.871478799999977],[110.68818560000005,-6.873941599999966],[110.68803,-6.87421],[110.68783540000004,-6.874722399999939],[110.6878,-6.874815799999965],[110.68869890000008,-6.87441819999998],[110.68913190000006,-6.874310299999934],[110.69020330000006,-6.874549],[110.68953030000006,-6.877566599999966],[110.68729,-6.878079599999978],[110.68729,-6.878101299999969],[110.68729,-6.878154099999961],[110.68609580000009,-6.878502799999978],[110.68578360000004,-6.880044099999964],[110.686257,-6.880193199999951],[110.68568710000005,-6.882640199999969],[110.68668170000007,-6.882572899999957],[110.68667,-6.88261],[110.68666180000008,-6.882633699999928],[110.68628,-6.88373],[110.68576,-6.88517],[110.68575960000004,-6.885174799999959],[110.68575,-6.88529],[110.68557,-6.88593],[110.68529,-6.88688],[110.68521,-6.88715],[110.68487,-6.88824],[110.68451,-6.88961],[110.68394,-6.89153],[110.6838,-6.89186],[110.68372,-6.89197],[110.68357,-6.892],[110.68342,-6.89202],[110.68365,-6.8924],[110.68381,-6.89266],[110.68389,-6.893],[110.68394,-6.89326],[110.68386,-6.8934],[110.68336,-6.89356],[110.683,-6.89365],[110.68284,-6.89365],[110.68241,-6.89367],[110.68207,-6.89363],[110.6816,-6.8934],[110.68153,-6.89336],[110.68134,-6.89327],[110.68066580000004,-6.893225499999971],[110.68043,-6.89321],[110.68025,-6.89317],[110.68007,-6.89303],[110.6797,-6.89267],[110.67936,-6.89225],[110.67932170000006,-6.892181],[110.67881,-6.89126],[110.67819,-6.89028],[110.6776,-6.8894],[110.67712,-6.88858],[110.6765,-6.88769],[110.67589,-6.88708],[110.67505,-6.88658],[110.674232,-6.88623739999997],[110.67388,-6.88609],[110.67362820000005,-6.885990799999945],[110.67289,-6.8857],[110.67223,-6.8852],[110.67155,-6.88425],[110.67147210000007,-6.88406539999994],[110.67141120000008,-6.88392129999994],[110.67141050000004,-6.883919699999979],[110.67198670000005,-6.882736199999954],[110.67163940000006,-6.882735899999943],[110.671745,-6.882027199999925],[110.67073,-6.88225],[110.67072280000008,-6.882227299999954],[110.67019,-6.88055],[110.6697,-6.87851],[110.66942,-6.87771],[110.66921,-6.87712],[110.66871,-6.87635],[110.66835,-6.87608],[110.6679,-6.87599],[110.66748,-6.87615],[110.66714,-6.87649],[110.66669,-6.87712],[110.66546,-6.87873],[110.6645,-6.88003],[110.66414,-6.88056],[110.66395,-6.88085],[110.66392,-6.88105],[110.66398,-6.88176],[110.66404,-6.88231],[110.66397,-6.88288],[110.66368,-6.88339],[110.66297,-6.88396],[110.66267,-6.88418],[110.66196,-6.88434],[110.6606,-6.88464],[110.65985,-6.88484],[110.65922,-6.88497],[110.65868,-6.88508],[110.6586,-6.8851],[110.6578,-6.88531],[110.65713,-6.88545],[110.65699,-6.88551],[110.65632,-6.88567],[110.65449,-6.88608],[110.65413,-6.88616],[110.65365,-6.88625],[110.65369,-6.8863],[110.65397,-6.88654],[110.65408,-6.88664],[110.65432,-6.88686],[110.65461,-6.88725],[110.65483,-6.88751],[110.65544,-6.88821],[110.65585,-6.88873],[110.65567,-6.88974],[110.6556,-6.8902],[110.65546,-6.89048],[110.65524,-6.89071],[110.65497,-6.89081],[110.65467,-6.89076],[110.65346,-6.89028],[110.6527,-6.8901],[110.65192,-6.89],[110.65098,-6.89005],[110.65025,-6.89021],[110.64954,-6.89048],[110.64894,-6.89082],[110.64891970000008,-6.89083519999997],[110.64886960000007,-6.890872499999944],[110.64921340000006,-6.891481499999941],[110.64927810000006,-6.892002199999979],[110.64927780000005,-6.892425199999934],[110.64983110000009,-6.89278349999995],[110.65044940000007,-6.893174399999964],[110.65123070000004,-6.893435299999965],[110.65139270000009,-6.894476699999927],[110.65129480000007,-6.894802],[110.65038290000007,-6.895159299999932],[110.64956930000005,-6.894605499999955],[110.64891880000005,-6.893661399999928],[110.64885420000007,-6.892880399999967],[110.64898490000007,-6.892294799999945],[110.64885510000005,-6.891611399999931],[110.648487,-6.891157799999974],[110.64841280000007,-6.891213199999981],[110.64835,-6.89126],[110.64755,-6.89203],[110.64746,-6.89215],[110.64739,-6.89224],[110.64735,-6.89228],[110.64738320000004,-6.892394299999978],[110.64683550000007,-6.892781299999967],[110.64637940000006,-6.89313889999994],[110.64618390000004,-6.893399099999954],[110.64618380000007,-6.893529199999932],[110.64631390000005,-6.893692],[110.64656460000003,-6.893835399999944],[110.64720110000007,-6.89388189999994],[110.64786350000008,-6.893891699999926],[110.64794510000007,-6.894260599999939],[110.64806,-6.89478],[110.64819,-6.89519],[110.64834,-6.89541],[110.6493,-6.89664],[110.64945870000008,-6.897016899999926],[110.64946,-6.89702],[110.64968,-6.89713],[110.649503,-6.897884599999941],[110.64949,-6.89794],[110.64897,-6.89851],[110.64948,-6.89873],[110.64956,-6.89913],[110.64934,-6.89933],[110.6493,-6.89943],[110.649131,-6.899651],[110.64878,-6.90011],[110.64901,-6.90037],[110.64986,-6.90093],[110.64957,-6.90145],[110.6498,-6.90157],[110.64985,-6.9016],[110.6498,-6.90171],[110.64965,-6.90196],[110.6492,-6.90256],[110.64901,-6.90292],[110.64896,-6.90303],[110.6484,-6.90391],[110.64824,-6.9042],[110.64828,-6.90471],[110.64825,-6.90494],[110.64817,-6.90523],[110.64821,-6.90552],[110.64838,-6.90613],[110.64849,-6.9063],[110.64866,-6.90644],[110.64887,-6.90652],[110.64938,-6.90647],[110.64975,-6.90643],[110.64997,-6.90647],[110.65022,-6.90664],[110.65134090000004,-6.907760899999971],[110.65138,-6.9078],[110.65141,-6.90799],[110.65145,-6.90845],[110.6515,-6.90903],[110.65154,-6.90953],[110.65158,-6.90996],[110.65164,-6.91031],[110.65174,-6.91084],[110.65179,-6.91118],[110.65204,-6.91219],[110.65207470000007,-6.912336799999935],[110.65226,-6.91312],[110.65243,-6.91395],[110.65251010000009,-6.914259799999968],[110.65252230000004,-6.914307],[110.65253620000004,-6.914360699999975],[110.65253630000007,-6.914361],[110.65254610000005,-6.914399],[110.65254620000007,-6.914399299999957],[110.65258,-6.91453],[110.65273,-6.91518],[110.65289,-6.91584],[110.65299,-6.91613],[110.6531,-6.91641],[110.65363,-6.91721],[110.6537,-6.91742],[110.65365,-6.91774],[110.6536,-6.91795],[110.65347,-6.91812],[110.65316,-6.91832],[110.65274,-6.91849],[110.652732,-6.918492],[110.65263430000005,-6.91851639999993],[110.6523,-6.9186],[110.65179,-6.91863],[110.651,-6.91859],[110.65023,-6.91856],[110.64992,-6.9186],[110.64958,-6.91867],[110.64916,-6.91883],[110.64882,-6.91919],[110.64849,-6.91965],[110.64825,-6.9199],[110.64803,-6.92003],[110.64772,-6.9202],[110.64738,-6.92023],[110.6468,-6.92016],[110.64572,-6.91987],[110.64511,-6.9197],[110.64431,-6.9194],[110.64371,-6.91909],[110.64304,-6.91864],[110.64259,-6.91828],[110.64204,-6.9178],[110.64166,-6.91734],[110.64135,-6.91688],[110.64118910000008,-6.916496299999949],[110.64116990000008,-6.916450399999974],[110.64176050000009,-6.914864899999941],[110.641513,-6.914741],[110.641637,-6.914493599999957],[110.64188470000005,-6.914462899999933],[110.64191830000004,-6.910936599999957],[110.64321830000006,-6.91099939999998],[110.64359090000005,-6.909422099999972],[110.64330120000005,-6.909271699999977],[110.64275550000008,-6.908988399999942],[110.64365520000007,-6.906174199999953],[110.64343880000007,-6.905895599999951],[110.64213890000008,-6.905678099999932],[110.64117930000003,-6.905739299999937],[110.64108590000006,-6.906450699999937],[110.64114140000004,-6.907836499999974],[110.64084,-6.9078],[110.64025,-6.90775],[110.63996,-6.90773],[110.63963,-6.90766],[110.63928,-6.90748],[110.63914,-6.90723],[110.63895,-6.90658],[110.63889,-6.90584],[110.63886,-6.90498],[110.63893,-6.90443],[110.63919,-6.90398],[110.63935,-6.90391],[110.63965,-6.90371],[110.63982,-6.9035],[110.63988,-6.90333],[110.63986,-6.90318],[110.63973,-6.90289],[110.63954,-6.90279],[110.63908,-6.90253],[110.63897,-6.90241],[110.63894,-6.90232],[110.6389,-6.90221],[110.63869,-6.90114],[110.63864,-6.89966],[110.63851,-6.89936],[110.63841,-6.89909],[110.63834,-6.89896],[110.63794,-6.89918],[110.6375,-6.89944],[110.63736,-6.8995],[110.63719,-6.89958],[110.63662,-6.89996],[110.63596,-6.90044],[110.63528,-6.90089],[110.6349,-6.90116],[110.63462,-6.90137],[110.6338,-6.90196],[110.63338290000007,-6.902253299999927],[110.63316,-6.90241],[110.63227,-6.90303],[110.63177,-6.90328],[110.6312,-6.90335],[110.63074,-6.90335],[110.6303,-6.90321],[110.62986,-6.903],[110.629549,-6.902578399999925],[110.62941,-6.90239],[110.62913,-6.90256],[110.62885,-6.90271],[110.62868,-6.90285],[110.62807,-6.90329],[110.62796,-6.90336],[110.62705,-6.90397],[110.62659,-6.90428],[110.62621,-6.90454],[110.625,-6.90528],[110.62484,-6.90538],[110.62354,-6.9063],[110.62243,-6.90703],[110.62145,-6.90768],[110.62058,-6.90827],[110.62049,-6.90834],[110.62011,-6.90858],[110.61925,-6.90914],[110.61891,-6.90936],[110.61818,-6.90993],[110.61679470000007,-6.910626499999978],[110.61639,-6.91083],[110.61632,-6.91087],[110.61543,-6.91128],[110.61479,-6.91161],[110.61308710000009,-6.912427699999967],[110.61252,-6.9127],[110.6124,-6.91276],[110.61131,-6.91323],[110.61015,-6.91369],[110.60951,-6.91399],[110.60863,-6.91443],[110.60761,-6.91496],[110.6065,-6.91548],[110.60577,-6.91583],[110.60556,-6.91593],[110.60501,-6.91616],[110.60435,-6.91648],[110.60397,-6.91662],[110.60374710000008,-6.916650599999969],[110.60312260000006,-6.916915],[110.60315,-6.91694],[110.60315050000008,-6.916940699999941],[110.602895,-6.917098799999962],[110.602877,-6.917075799999964],[110.60290740000005,-6.917057499999942],[110.60267970000007,-6.916817499999979],[110.60224580000005,-6.91658689999997],[110.60207,-6.91657],[110.60138,-6.91664],[110.6009,-6.91666],[110.60024,-6.91651],[110.59982250000007,-6.916336799999954],[110.60004880000008,-6.916148599999929],[110.59999070000003,-6.916132699999935],[110.60011860000009,-6.915994499999954],[110.60035920000007,-6.915734499999928],[110.59931870000008,-6.914509099999975],[110.59875230000006,-6.914110599999958],[110.59798640000008,-6.914125299999967],[110.59745050000004,-6.913879899999927],[110.59708330000007,-6.913466299999925],[110.59703830000007,-6.913276899999971],[110.59702,-6.91327],[110.59569890000006,-6.912772299999972],[110.59556,-6.91272],[110.59553580000005,-6.912775699999941],[110.59503160000008,-6.912500299999977],[110.59463370000009,-6.912178499999925],[110.59426630000007,-6.911902699999928],[110.59382220000003,-6.91176459999997],[110.59343930000006,-6.911764199999936],[110.59325330000007,-6.912094499999967],[110.59281110000006,-6.912879699999962],[110.59265050000005,-6.912846099999967],[110.59262610000007,-6.912876499999925],[110.59258980000004,-6.912859499999968],[110.59242,-6.91278],[110.59087,-6.91208],[110.58976,-6.91159],[110.59018520000006,-6.911004499999933],[110.59014240000005,-6.910222699999963],[110.59056780000009,-6.909798299999977],[110.59099360000005,-6.908896099999936],[110.59104760000008,-6.907887399999936],[110.59157970000007,-6.906932099999949],[110.59189950000007,-6.905817499999955],[110.59136850000004,-6.90544529999994],[110.59205930000007,-6.905339699999956],[110.592909,-6.905765199999962],[110.59351880000008,-6.906375699999955],[110.59376,-6.90606],[110.59484,-6.90465],[110.59489220000006,-6.904576399999939],[110.59545,-6.90379],[110.59578440000007,-6.90333069999997],[110.594693,-6.902823199999943],[110.59493180000004,-6.902188299999978],[110.59528930000005,-6.90210929999995],[110.59568650000006,-6.902069899999958],[110.59620330000007,-6.901554399999952],[110.59616390000008,-6.901157499999954],[110.59584650000005,-6.900720599999943],[110.59529070000008,-6.900521699999956],[110.59473480000008,-6.900402099999951],[110.59493350000008,-6.900243499999931],[110.59525140000005,-6.899966],[110.59525170000006,-6.899648499999955],[110.59560920000007,-6.89952969999996],[110.59656220000005,-6.899808299999961],[110.59715780000005,-6.899927899999966],[110.59778540000008,-6.900060499999938],[110.5978,-6.90003],[110.59792,-6.89947],[110.59799,-6.89885],[110.59797,-6.8981],[110.59804,-6.89787],[110.598327,-6.897505599999931],[110.59815520000006,-6.896667899999954],[110.59733670000008,-6.89520269999997],[110.59766920000004,-6.894025],[110.59815860000003,-6.892561899999976],[110.59787440000008,-6.891870499999925],[110.59775310000003,-6.891016699999966],[110.59844460000005,-6.891057899999964],[110.60023420000005,-6.891547199999934],[110.60027510000003,-6.891222],[110.60020680000008,-6.890464],[110.60019450000004,-6.890327599999978],[110.59968240000006,-6.890361299999938],[110.59958430000006,-6.890367699999956],[110.59948130000004,-6.890321899999947],[110.59704150000005,-6.889844],[110.59602130000007,-6.889798799999937],[110.59591940000007,-6.889782599999933],[110.59592,-6.88978],[110.596024,-6.88931649999995],[110.59627,-6.88822],[110.59644,-6.88758],[110.59667,-6.8867],[110.59684,-6.88642],[110.59704,-6.88622],[110.59736,-6.88611],[110.598,-6.88607],[110.5987,-6.88618],[110.59947,-6.88631],[110.60064950000009,-6.886532899999963],[110.60074,-6.88655],[110.60149,-6.8865],[110.60172,-6.88565],[110.60223,-6.88377],[110.6025,-6.88287],[110.60276890000006,-6.881961399999966],[110.60279,-6.88189],[110.60288310000004,-6.881859599999927],[110.60325,-6.88174],[110.60369,-6.88175],[110.60461,-6.882],[110.60542,-6.88215],[110.60617,-6.88223],[110.60667,-6.88223],[110.60728,-6.88208],[110.60764,-6.88174],[110.60782,-6.88137],[110.60778,-6.88099],[110.60755,-6.88062],[110.60731,-6.88035],[110.60687,-6.87999],[110.60625580000004,-6.879472399999941],[110.60610320000006,-6.879343899999981],[110.60598,-6.87924],[110.60579,-6.87895],[110.60559,-6.87841],[110.60557,-6.87812],[110.60559,-6.87777],[110.60576,-6.87744],[110.60601,-6.87726],[110.60668,-6.87698],[110.60752,-6.87685],[110.60869,-6.87684],[110.60983,-6.87686],[110.61084,-6.8767],[110.61149,-6.87646],[110.61227,-6.87592],[110.61268,-6.87533],[110.61281,-6.875],[110.61298,-6.87426],[110.61313,-6.87368],[110.61323,-6.87302],[110.61319,-6.87248],[110.61309,-6.87208],[110.61296,-6.87184],[110.61248,-6.87088],[110.61231,-6.87048],[110.61223,-6.87012],[110.61219,-6.86963],[110.61219,-6.86931],[110.61211,-6.86899],[110.61204,-6.8687],[110.61191,-6.86838],[110.61158,-6.86768],[110.61151,-6.86754],[110.6111,-6.86686],[110.61043,-6.86611],[110.61029,-6.86592],[110.61025,-6.86581],[110.60995,-6.86578],[110.61,-6.8656],[110.61007,-6.86534],[110.6102,-6.86491],[110.61024,-6.86476],[110.61031,-6.86453],[110.61039,-6.86421],[110.61038,-6.86404],[110.61033,-6.86372],[110.61026,-6.86363],[110.61031,-6.86333],[110.61032,-6.86326],[110.6104,-6.86319],[110.61022,-6.86247],[110.61011,-6.86218],[110.61004,-6.86206],[110.61,-6.86201],[110.60987,-6.86192],[110.60919,-6.86193],[110.60875,-6.86201],[110.60858,-6.86208],[110.60814,-6.86258],[110.60796,-6.86276],[110.60774,-6.86287],[110.60732,-6.86292],[110.60706,-6.86292],[110.6068,-6.86291],[110.60649,-6.86284],[110.60602,-6.86261],[110.6059,-6.86252],[110.60596,-6.86188],[110.60658,-6.86082],[110.6071,-6.85981],[110.60768,-6.85863],[110.60791,-6.8579],[110.608,-6.85706],[110.60787,-6.85568],[110.60785,-6.8551],[110.60791,-6.85475],[110.6083,-6.8541],[110.60895,-6.853],[110.60933,-6.85247],[110.60991,-6.85155],[110.61027,-6.85107],[110.6107,-6.85045],[110.61152,-6.84874],[110.61184,-6.84811],[110.6123,-6.84731],[110.61253,-6.84699],[110.61327,-6.84593],[110.61337690000005,-6.845904899999937],[110.61391,-6.84578],[110.61503,-6.846],[110.615901,-6.846439799999928],[110.61604,-6.84651],[110.616299,-6.846752099999946],[110.61696,-6.84737],[110.61748,-6.84827],[110.61772,-6.84954],[110.61776,-6.85036],[110.617661,-6.85088589999998],[110.61758040000007,-6.851313499999947],[110.61747,-6.8519],[110.61737,-6.85193],[110.61716,-6.85222],[110.61687,-6.85303],[110.61678,-6.85323],[110.61659,-6.85345],[110.61634,-6.85371],[110.61607,-6.85409],[110.6159,-6.85448],[110.61578,-6.85475],[110.61581,-6.85533],[110.61626,-6.85604],[110.61733,-6.85712],[110.61835,-6.85804],[110.61902960000003,-6.858706699999971],[110.6194,-6.85907],[110.62032,-6.86021],[110.62058,-6.86102],[110.62054030000007,-6.861468899999977],[110.62045,-6.86249],[110.62033,-6.8641],[110.62039,-6.86464],[110.62067,-6.86503],[110.62112,-6.86537],[110.6219,-6.8658],[110.62282,-6.86605],[110.62321,-6.86595],[110.62374,-6.86565],[110.62422,-6.86548],[110.62428,-6.86548],[110.62475,-6.8655],[110.625,-6.86561],[110.62541,-6.86636],[110.62592,-6.86682],[110.62643,-6.86733],[110.62723,-6.86813],[110.6279,-6.86878],[110.6285,-6.86901],[110.6291,-6.86899],[110.62985,-6.86883],[110.63069,-6.86863],[110.63097,-6.86853],[110.63133,-6.8684],[110.63214,-6.86804],[110.63311,-6.86753],[110.63362,-6.86723],[110.63393,-6.86709],[110.63449390000005,-6.866835099999946],[110.63466,-6.86676],[110.63557,-6.86629],[110.63665,-6.8659],[110.6379,-6.86574],[110.63869,-6.86573],[110.63963,-6.86577],[110.64095,-6.86598],[110.64167,-6.8661],[110.64232,-6.86623],[110.64264,-6.8644],[110.64273,-6.86381],[110.64289,-6.86296],[110.64303,-6.86228],[110.64358,-6.86209],[110.64416,-6.86207],[110.64468,-6.86215],[110.64547,-6.86256],[110.64663,-6.86337],[110.64753,-6.8639],[110.64839,-6.86436],[110.64976,-6.86505],[110.65075,-6.86542],[110.65168,-6.86556],[110.65206,-6.86554],[110.65205920000005,-6.865511599999934],[110.652058,-6.865466599999934],[110.65273420000005,-6.86595],[110.65273460000009,-6.86531059999993],[110.65265550000004,-6.864111599999944],[110.65217710000007,-6.862113],[110.65237840000009,-6.860274799999956],[110.65237930000006,-6.859035899999981],[110.65278030000007,-6.857477599999982],[110.65338110000005,-6.856079299999976],[110.65462170000006,-6.854681399999947],[110.65522240000007,-6.853442899999948],[110.65610310000005,-6.852044799999931],[110.65726380000007,-6.850447],[110.655486,-6.849149399999931],[110.6555,-6.84906],[110.65550170000006,-6.849053599999934],[110.65561,-6.84865],[110.65579,-6.84819],[110.65604,-6.84785],[110.65618,-6.84771],[110.65637390000006,-6.847510899999975],[110.65655,-6.84733],[110.6568,-6.84716],[110.65729,-6.84684],[110.65730470000005,-6.846832099999972],[110.65802,-6.84645],[110.65857,-6.84618],[110.65897,-6.84592],[110.65945,-6.84565],[110.65969,-6.84544],[110.65975,-6.84528],[110.65993,-6.84504],[110.66023650000005,-6.844742499999938],[110.66061,-6.84438],[110.66169,-6.8449],[110.6617,-6.84479],[110.66191,-6.84427],[110.66219,-6.84365],[110.66231,-6.8434],[110.66275,-6.84284],[110.66309,-6.8424],[110.66338,-6.84187],[110.6636,-6.84119],[110.66386,-6.84061],[110.66415,-6.83987],[110.66436,-6.83931],[110.66446,-6.83882],[110.66451,-6.83821],[110.66464,-6.83752],[110.66478,-6.83691],[110.66502,-6.8361],[110.66519,-6.8355],[110.66475,-6.8354],[110.66403,-6.83514],[110.66325,-6.83482],[110.66316510000007,-6.834776599999941],[110.66325390000009,-6.83454039999998],[110.66357280000005,-6.834016199999951],[110.66393820000008,-6.833415699999932],[110.66401910000008,-6.832652199999927],[110.66446190000005,-6.831969399999934],[110.66470360000005,-6.831286399999954],[110.66522650000007,-6.830925],[110.66534760000008,-6.830242],[110.66550880000005,-6.829679499999941],[110.66558960000003,-6.829116899999974],[110.66559010000009,-6.828473899999949],[110.66559050000006,-6.827830899999981],[110.665591,-6.827107599999977],[110.66587280000005,-6.826545199999941],[110.66623510000005,-6.825902399999961],[110.66623580000004,-6.824938],[110.66623620000007,-6.82433519999995],[110.666237,-6.823209899999938],[110.666464,-6.822802299999978],[110.66670610000006,-6.822367499999928],[110.66671120000007,-6.82232659999994],[110.66661220000009,-6.822012399999949],[110.669915,-6.822318799999948],[110.67200060000005,-6.823145599999975],[110.67334710000006,-6.82436279999996],[110.67382560000004,-6.823755],[110.67395670000008,-6.822582199999943],[110.67408760000006,-6.821800399999972],[110.67439380000008,-6.818976899999939],[110.68030780000004,-6.819952699999931],[110.68073840000005,-6.820023699999979],[110.68070760000006,-6.821076799999958],[110.68070520000003,-6.821158599999933],[110.68073,-6.82114],[110.68099,-6.82102],[110.6814,-6.82102],[110.68191,-6.82112],[110.68285,-6.82141],[110.68373,-6.82174],[110.68471,-6.82211],[110.68514,-6.82227],[110.68555,-6.82247],[110.68578,-6.82265],[110.68611,-6.823],[110.68466,-6.82609],[110.68437,-6.82647],[110.68409,-6.82691],[110.6839,-6.82719],[110.68389920000004,-6.827193],[110.68210230000005,-6.830028499999969],[110.68286790000008,-6.830794699999956],[110.684994,-6.828718599999945],[110.685098,-6.828617],[110.685141,-6.828654599999936],[110.68590830000005,-6.828320899999937],[110.68634310000004,-6.827376799999968],[110.68754280000007,-6.828143299999965],[110.68656830000003,-6.83001349999995],[110.68661660000004,-6.830053499999963],[110.68506270000006,-6.832761499999947],[110.68950430000007,-6.835521],[110.68929980000007,-6.835852599999953],[110.69093340000006,-6.83702779999993],[110.69070340000007,-6.837385],[110.69172450000008,-6.837998199999959],[110.69218470000004,-6.837079599999981],[110.69467990000004,-6.83871929999998],[110.69471180000005,-6.838740299999927],[110.69570860000005,-6.837464699999941],[110.69670080000009,-6.835743599999944],[110.69672420000006,-6.835754],[110.69676,-6.83577],[110.69751,-6.83616],[110.69834,-6.8366],[110.69903,-6.83703],[110.70001,-6.83759],[110.70065,-6.8379],[110.70136,-6.83819],[110.70182,-6.8384],[110.70211,-6.83855],[110.70226,-6.83869],[110.70235,-6.83881],[110.70244,-6.83902],[110.70241,-6.83924],[110.70231,-6.83958],[110.70196,-6.84027],[110.70173,-6.84076],[110.70137,-6.84147],[110.70099,-6.84214],[110.70067,-6.84268],[110.70034,-6.84331],[110.70018,-6.84366],[110.70011,-6.8439],[110.70010030000009,-6.844064599999967],[110.7001,-6.84407],[110.70013,-6.84413],[110.70056,-6.84439],[110.70156,-6.84493],[110.70244,-6.84537],[110.70314,-6.84571],[110.70391,-6.84604],[110.70431,-6.84625],[110.70479,-6.84655],[110.70551,-6.84698],[110.70656,-6.84754],[110.70674790000004,-6.847635399999945],[110.70719,-6.84786],[110.7079,-6.84835],[110.70811410000005,-6.848509399999955],[110.708414,-6.848968],[110.70861130000009,-6.849392599999931],[110.70873950000004,-6.849748],[110.70883790000005,-6.850212],[110.70884940000008,-6.850212],[110.70885,-6.85022],[110.70911,-6.85154],[110.70911560000008,-6.851557899999932],[110.70927,-6.85205],[110.70934,-6.85214],[110.7097,-6.85268],[110.71005,-6.85308],[110.71042,-6.85357],[110.71076,-6.85401],[110.71087,-6.85427],[110.71082,-6.85457],[110.7107,-6.85496],[110.71062,-6.85526],[110.71048,-6.85581],[110.71034,-6.85628],[110.71024,-6.85707],[110.71016,-6.85756],[110.70989,-6.85801],[110.70978030000003,-6.858192799999927],[110.70974370000005,-6.858253799999943],[110.7095,-6.85866],[110.70908,-6.85931],[110.70886,-6.85979],[110.70869,-6.8604],[110.70856,-6.86083],[110.70836,-6.86135],[110.70822,-6.86188],[110.70808,-6.86233],[110.708,-6.86277],[110.70788,-6.86315],[110.70817,-6.86336],[110.70834,-6.86348],[110.70886,-6.8638],[110.70934,-6.86412],[110.70987,-6.86452],[110.71013,-6.86477],[110.71039,-6.86505],[110.71064,-6.8653],[110.71083,-6.86543],[110.71117,-6.86568],[110.71177,-6.86605],[110.71241,-6.86643],[110.7129,-6.86672],[110.71326,-6.86695],[110.71373,-6.86732],[110.71392,-6.86749],[110.71432,-6.86667],[110.71459,-6.86592],[110.71460740000003,-6.865888499999926],[110.71542740000007,-6.866469799999948],[110.71542730000004,-6.866716699999927],[110.715056,-6.867991899999936],[110.71571440000008,-6.868403699999931],[110.71653760000004,-6.868774499999972],[110.71699110000009,-6.86762269999997],[110.71789660000007,-6.867829],[110.71884320000004,-6.868364399999962],[110.71917210000004,-6.869022899999948],[110.71900580000005,-6.871820499999956],[110.71897920000004,-6.872528599999953],[110.71856,-6.8726],[110.71634,-6.87288],[110.71613,-6.87292],[110.71601,-6.8729],[110.71603,-6.87311],[110.71604,-6.87325],[110.7161,-6.87357],[110.71614,-6.87368],[110.71619,-6.87381],[110.71636,-6.87403],[110.71633,-6.8742],[110.71619,-6.875],[110.71583,-6.87589],[110.71567,-6.87644],[110.71557,-6.87703],[110.71551,-6.8775],[110.71553,-6.87815],[110.71615,-6.87814],[110.71719,-6.8782],[110.71767380000006,-6.878308199999935],[110.71686030000006,-6.879965699999957],[110.71595280000008,-6.882927399999971],[110.71403150000003,-6.882346499999926],[110.71401710000004,-6.882363899999973],[110.71083830000003,-6.881425799999931],[110.71042,-6.88065],[110.70978,-6.87981],[110.70929,-6.87944],[110.70863,-6.87919],[110.70767,-6.87908],[110.70696,-6.879],[110.70675080000007,-6.878968599999951],[110.70670530000007,-6.878961799999956],[110.70726870000004,-6.876396799999952],[110.70748180000004,-6.875426599999969],[110.70667380000003,-6.875254799999936],[110.70669470000007,-6.875145799999927],[110.70661780000006,-6.87500289999997],[110.70668410000007,-6.87446609999995],[110.70398830000005,-6.87487619999996],[110.70422510000009,-6.874403699999959],[110.70439040000008,-6.873375199999941],[110.70402010000004,-6.872922399999936],[110.70128760000006,-6.872182499999951],[110.70125170000006,-6.872155],[110.70088,-6.87187],[110.70063,-6.87185],[110.70025,-6.87157],[110.69983,-6.87112],[110.69959,-6.87084],[110.69941,-6.87063],[110.6991,-6.86997],[110.69886,-6.86954],[110.69863,-6.86916],[110.69847,-6.86885],[110.6982,-6.86853],[110.69802420000008,-6.868380199999933],[110.69793,-6.8683],[110.69758,-6.86809],[110.69726,-6.86797],[110.69686,-6.86792],[110.69658,-6.86793],[110.69632,-6.86802],[110.69563,-6.8686],[110.69536,-6.86882],[110.69429,-6.86948],[110.69368,-6.8698],[110.69304,-6.87004],[110.69273,-6.8701],[110.69263,-6.87009],[110.6922,-6.86988],[110.69142,-6.86949],[110.69031,-6.86894],[110.69027680000005,-6.869019399999956],[110.68961930000006,-6.868624499999953],[110.68485810000004,-6.870970499999942],[110.68427070000007,-6.870637399999964],[110.68425290000005,-6.870657199999926]]]]}},{"type":"Feature","properties":{"district":"Sayung"},"geometry":{"type":"MultiPolygon","coordinates":[[[[110.5429,-6.91204],[110.54307,-6.91337],[110.5434,-6.91555],[110.54371,-6.9177],[110.54396,-6.91988],[110.54429,-6.92198],[110.54448,-6.92336],[110.54462,-6.9244],[110.54486,-6.9256],[110.54505910000006,-6.926862799999981],[110.54521,-6.92782],[110.54549,-6.92943],[110.54551,-6.92955],[110.54558,-6.92977],[110.54584,-6.93033],[110.54617,-6.93079],[110.54668,-6.93115],[110.54732,-6.93146],[110.54812,-6.93177],[110.54826,-6.9328],[110.54827,-6.93289],[110.54846,-6.93392],[110.54853,-6.93427],[110.54867,-6.93487],[110.54879,-6.93541],[110.54898,-6.93629],[110.54926,-6.9376],[110.54958,-6.93983],[110.5499,-6.94184],[110.55003,-6.94238],[110.55036,-6.94379],[110.55069,-6.94529],[110.55096510000004,-6.946423799999934],[110.55096840000004,-6.946437399999979],[110.55102,-6.94665],[110.55184,-6.94597],[110.55237,-6.94569],[110.55278,-6.94553],[110.55305,-6.94552],[110.5535,-6.94551],[110.55401,-6.94534],[110.55420110000006,-6.945258099999933],[110.5545,-6.94513],[110.55525,-6.94476],[110.55546,-6.94466],[110.55632,-6.94437],[110.55726,-6.94388],[110.55754670000005,-6.943718499999932],[110.55797,-6.94348],[110.55839,-6.94325],[110.55922,-6.94267],[110.55966,-6.94228],[110.56016,-6.94179],[110.56076,-6.94122],[110.56094,-6.94103],[110.56194,-6.94065],[110.56249,-6.9404],[110.56271,-6.94058],[110.56301,-6.94096],[110.56317,-6.94165],[110.56321,-6.94218],[110.56318,-6.94284],[110.56313,-6.94369],[110.56302,-6.94477],[110.56292,-6.94527],[110.56281,-6.94555],[110.56249,-6.94594],[110.56182580000007,-6.946276],[110.56095590000007,-6.945979499999964],[110.56064380000004,-6.945959799999969],[110.56044970000005,-6.945959599999981],[110.55998270000003,-6.946756599999958],[110.56102120000008,-6.947185799999943],[110.56026490000005,-6.948661799999968],[110.55911960000009,-6.948125799999957],[110.55911610000004,-6.948148099999969],[110.55848310000005,-6.94783979999994],[110.55841780000009,-6.948024099999941],[110.55835880000006,-6.948569899999939],[110.55835860000008,-6.948778299999958],[110.55769590000006,-6.950876899999969],[110.55773490000007,-6.951650899999947],[110.55775610000006,-6.951773399999979],[110.55776670000006,-6.952282],[110.55777010000008,-6.952348499999971],[110.55795530000006,-6.953699599999936],[110.55795680000006,-6.953699099999938],[110.55801870000005,-6.954138899999975],[110.55801840000004,-6.954139],[110.55802660000006,-6.954192199999966],[110.55802640000007,-6.954192199999966],[110.55805950000007,-6.954405599999973],[110.55817170000006,-6.955129699999929],[110.55822030000007,-6.95544289999998],[110.55852090000008,-6.956990099999928],[110.55867980000005,-6.958035799999948],[110.56074330000007,-6.958586],[110.56068660000005,-6.958803699999976],[110.56026760000009,-6.960410799999977],[110.56011690000008,-6.960989],[110.55992370000007,-6.961454299999957],[110.55981910000008,-6.961662899999965],[110.55977860000007,-6.962007899999946],[110.55965370000007,-6.962394299999971],[110.55964320000004,-6.962387699999965],[110.55957920000009,-6.962347099999931],[110.55941,-6.96224],[110.55873,-6.96198],[110.55865,-6.96196],[110.55794,-6.96168],[110.55697410000005,-6.961225799999966],[110.55615730000005,-6.960913099999971],[110.55447120000008,-6.96024529999994],[110.55256940000004,-6.959587299999953],[110.55250090000004,-6.959555699999953],[110.55222730000008,-6.959703599999955],[110.55222360000005,-6.95970559999995],[110.55221350000005,-6.959711099999936],[110.55202950000006,-6.960315299999934],[110.55186890000004,-6.960267],[110.55167530000006,-6.961101399999961],[110.55166710000009,-6.961334199999953],[110.55153810000007,-6.961847699999964],[110.55130460000004,-6.962457399999948],[110.55107120000008,-6.962962799999957],[110.55101710000008,-6.962937799999963],[110.55073310000006,-6.963708899999972],[110.55045170000005,-6.964005499999928],[110.55016220000005,-6.96437439999994],[110.54997760000003,-6.96424589999998],[110.54987350000005,-6.96450219999997],[110.549696,-6.965574799999956],[110.54956960000004,-6.966499499999941],[110.54941160000004,-6.96770639999994],[110.54922250000004,-6.968537],[110.54919090000004,-6.968819099999962],[110.54898970000005,-6.968775799999946],[110.54899,-6.96878],[110.54922480000005,-6.969664],[110.549784,-6.96993759999998],[110.54933040000009,-6.971505],[110.549328,-6.971534599999927],[110.54925,-6.97251],[110.54917,-6.97338],[110.54917,-6.97433],[110.54912,-6.97514],[110.54909,-6.97606],[110.54896,-6.97709],[110.5487,-6.97788],[110.54817420000006,-6.978812499999947],[110.54817,-6.97882],[110.54811090000004,-6.978942],[110.54786,-6.97946],[110.54755,-6.98069],[110.54748,-6.98161],[110.54746,-6.98193],[110.54706,-6.98177],[110.54665,-6.98167],[110.54633,-6.98161],[110.54598,-6.98159],[110.54572,-6.98164],[110.54535,-6.98175],[110.54508,-6.9819],[110.54482,-6.98212],[110.5447,-6.98235],[110.54462,-6.98258],[110.54444,-6.98313],[110.54429,-6.98349],[110.54411,-6.9839],[110.54387,-6.98424],[110.54358,-6.98453],[110.54321,-6.98472],[110.54275,-6.98483],[110.54228980000005,-6.984886299999971],[110.542315,-6.985080499999981],[110.54212010000003,-6.985984899999949],[110.541165,-6.987211599999966],[110.53983920000007,-6.987339599999927],[110.53895020000004,-6.987112499999967],[110.53894970000005,-6.987629499999969],[110.53856110000004,-6.988259099999937],[110.53781730000009,-6.988387599999953],[110.537511,-6.988171799999975],[110.537381,-6.988080199999956],[110.53712390000004,-6.987436099999968],[110.53701140000004,-6.987285899999961],[110.53701,-6.987288299999932],[110.53705530000008,-6.987106399999959],[110.53746440000003,-6.985463399999958],[110.53673720000006,-6.985155799999973],[110.53579830000007,-6.986350199999947],[110.53577340000004,-6.986337699999979],[110.53560070000009,-6.986586399999965],[110.535507,-6.986721499999931],[110.53541010000004,-6.986559799999952],[110.53510340000008,-6.986058799999967],[110.53461870000007,-6.985783699999956],[110.53463540000007,-6.985282899999959],[110.53308430000004,-6.984606699999972],[110.53306,-6.98464],[110.5327,-6.98504],[110.53239,-6.98527],[110.53209930000008,-6.985421899999949],[110.53161560000007,-6.986322799999925],[110.52951340000004,-6.985624899999948],[110.52945380000006,-6.985613199999932],[110.52942020000006,-6.985606599999926],[110.529427,-6.985599099999945],[110.52941190000007,-6.985601],[110.52856020000007,-6.985141699999929],[110.52873820000008,-6.98481049999998],[110.52862470000008,-6.984810399999958],[110.528355,-6.98481019999997],[110.52804850000007,-6.984771599999931],[110.52801050000005,-6.984465299999954],[110.52835580000004,-6.984006199999953],[110.52735980000006,-6.98381379999995],[110.52651730000008,-6.983391899999958],[110.52650310000007,-6.983448599999974],[110.52644370000007,-6.983325],[110.52622730000007,-6.983540799999957],[110.52597030000004,-6.983972299999948],[110.52560550000004,-6.984187799999972],[110.524795,-6.984605199999976],[110.52430880000009,-6.984672199999977],[110.52402520000004,-6.984793299999978],[110.52370090000005,-6.985008799999946],[110.52349240000007,-6.985346499999935],[110.52345730000008,-6.985342799999955],[110.52329530000009,-6.985575],[110.52297120000009,-6.985534199999961],[110.52286310000005,-6.985682499999939],[110.522756,-6.98563189999993],[110.51983360000008,-6.984250699999961],[110.51990540000008,-6.98398949999995],[110.52076980000004,-6.980843],[110.52086820000005,-6.980908699999929],[110.52126770000007,-6.981092599999954],[110.521744,-6.980078599999956],[110.52164680000004,-6.980046099999981],[110.52171060000006,-6.979900199999975],[110.52193790000007,-6.97938019999998],[110.52206870000003,-6.979420499999947],[110.52238480000005,-6.978403299999968],[110.52239380000009,-6.978406399999926],[110.52291390000005,-6.976810599999965],[110.52252860000004,-6.976810199999932],[110.52223180000004,-6.976715499999955],[110.52192130000009,-6.976742199999933],[110.52175920000008,-6.976876799999957],[110.52139480000005,-6.976916899999935],[110.52097630000009,-6.977010899999925],[110.52092840000006,-6.977003799999977],[110.52051750000004,-6.976943],[110.51991050000004,-6.976578299999971],[110.51950580000005,-6.976416],[110.51946130000005,-6.976526699999965],[110.51931630000007,-6.976887899999952],[110.51924840000004,-6.977319299999976],[110.51903220000008,-6.977615799999967],[110.51882940000007,-6.977925699999957],[110.51853230000006,-6.97808729999997],[110.51820830000008,-6.978221799999972],[110.51796520000005,-6.978383399999927],[110.517864,-6.978484199999968],[110.51785830000006,-6.978484799999933],[110.51784810000004,-6.978485899999953],[110.51666,-6.97861],[110.51617,-6.97866],[110.51548,-6.97866],[110.51491410000006,-6.97862],[110.51449,-6.97859],[110.51391,-6.97853],[110.51381640000005,-6.978514399999938],[110.513598,-6.978478],[110.512432,-6.977986599999952],[110.51159560000008,-6.977635099999929],[110.51082660000009,-6.977297199999953],[110.51024660000007,-6.976972899999964],[110.51005770000006,-6.976918799999964],[110.50969330000004,-6.976931899999954],[110.50928840000006,-6.976877499999944],[110.50796620000006,-6.976498599999957],[110.50699480000009,-6.976173899999935],[110.50690010000005,-6.976308899999935],[110.50688430000008,-6.976303899999948],[110.50669720000008,-6.976753499999973],[110.50634640000004,-6.97664519999995],[110.50617080000006,-6.976806899999929],[110.505901,-6.976712199999952],[110.505793,-6.976739],[110.50519930000007,-6.97657659999993],[110.50530760000004,-6.97629349999994],[110.50537730000008,-6.975937199999976],[110.50535780000007,-6.975974],[110.50520170000004,-6.97466309999993],[110.50491960000005,-6.97070169999995],[110.50489790000006,-6.970382599999937],[110.504832,-6.970206499999961],[110.504678,-6.970008299999961],[110.50447390000005,-6.969914499999959],[110.50447950000006,-6.969908499999974],[110.50367770000008,-6.969589399999961],[110.50335940000008,-6.969435899999951],[110.50322980000004,-6.969317799999942],[110.50298220000008,-6.96917609999997],[110.50295430000006,-6.969185399999958],[110.50285120000007,-6.969002699999976],[110.50279230000007,-6.968744199999946],[110.50279150000006,-6.968740199999957],[110.50275420000008,-6.968569199999934],[110.50247190000005,-6.967591299999981],[110.50236510000008,-6.967075299999976],[110.50172420000007,-6.965806899999961],[110.50151060000007,-6.965291],[110.501358,-6.964667799999972],[110.50119020000005,-6.963807599999939],[110.50116730000008,-6.962797599999931],[110.50131990000006,-6.961938399999951],[110.50164030000008,-6.960885499999961],[110.50213620000005,-6.959940399999937],[110.50234990000007,-6.959403499999951],[110.50280760000004,-6.958866599999965],[110.50276180000009,-6.958114599999931],[110.50272370000005,-6.957792299999937],[110.50254820000004,-6.957448],[110.50233460000004,-6.957061299999964],[110.50228880000009,-6.956760399999951],[110.50214380000006,-6.956265899999948],[110.50204450000007,-6.955821199999946],[110.50203980000003,-6.955800199999942],[110.50192110000006,-6.955269399999963],[110.50188450000007,-6.955105299999957],[110.501778,-6.954745399999979],[110.50173190000004,-6.954589299999952],[110.50162510000007,-6.954202099999975],[110.50143430000008,-6.953815],[110.50125880000007,-6.953282799999954],[110.50118260000005,-6.953102099999967],[110.50103,-6.952719699999932],[110.50101,-6.952643099999932],[110.50100710000004,-6.952631899999972],[110.50100420000007,-6.95262189999994],[110.50033940000009,-6.95284259999994],[110.49996180000005,-6.952960099999927],[110.49958430000004,-6.95301859999995],[110.49920670000006,-6.953088899999955],[110.49891170000006,-6.953171099999963],[110.49792650000006,-6.953447099999948],[110.496723,-6.953764],[110.495779,-6.953998799999965],[110.49535430000009,-6.954069],[110.49489410000007,-6.95425709999995],[110.49423340000004,-6.954386099999965],[110.49365520000003,-6.954503299999942],[110.49311250000005,-6.954585299999962],[110.49156670000008,-6.955066899999963],[110.49097680000006,-6.955219499999941],[110.49057140000008,-6.955230599999936],[110.49055210000006,-6.955242599999963],[110.49076520000006,-6.954965499999958],[110.49052430000006,-6.955040399999973],[110.49040220000006,-6.955069099999946],[110.49028020000009,-6.955041899999969],[110.49010470000007,-6.954963199999952],[110.49004360000004,-6.954947],[110.49005890000007,-6.954870699999958],[110.49013520000005,-6.954822],[110.49016570000003,-6.954778699999963],[110.49015810000009,-6.954703799999947],[110.49010470000007,-6.954652799999963],[110.49006650000007,-6.954643699999963],[110.49002070000006,-6.954631799999959],[110.49008180000004,-6.954371899999956],[110.490181,-6.95402619999993],[110.49024960000008,-6.953805399999965],[110.49011230000008,-6.953472599999941],[110.49016570000003,-6.953312399999959],[110.49045560000008,-6.952618599999937],[110.49057010000007,-6.952261399999941],[110.49066160000007,-6.951987199999962],[110.49082950000007,-6.951697299999978],[110.49114990000004,-6.951275799999962],[110.49114230000004,-6.951111799999978],[110.49110410000009,-6.950751799999978],[110.49114230000004,-6.950527199999954],[110.49123380000009,-6.950143299999979],[110.49129490000007,-6.949890599999947],[110.49130250000007,-6.949823799999933],[110.49131010000008,-6.949792399999978],[110.49144750000005,-6.949403299999972],[110.49150850000007,-6.949178699999948],[110.49158480000006,-6.94889349999994],[110.49161530000003,-6.948809099999949],[110.49178310000008,-6.948246899999958],[110.49186710000004,-6.948149699999931],[110.49199680000004,-6.948096299999975],[110.492218,-6.948004699999956],[110.49226380000005,-6.947924599999965],[110.49225620000004,-6.947828299999969],[110.49220470000006,-6.947510199999954],[110.49220160000004,-6.947490899999934],[110.48879040000008,-6.948689799999954],[110.48915850000009,-6.946978299999955],[110.48846950000006,-6.946724699999947],[110.48850250000004,-6.946561799999927],[110.48780060000007,-6.946411599999976],[110.48750690000008,-6.946352],[110.48753240000008,-6.946149799999944],[110.48753040000008,-6.946128399999964],[110.48664980000007,-6.945897199999933],[110.48655520000005,-6.946158799999978],[110.48655080000009,-6.946157899999946],[110.48636220000009,-6.946756299999947],[110.48450680000008,-6.946136099999933],[110.48261290000005,-6.945608899999968],[110.48239140000004,-6.945581899999979],[110.48156220000004,-6.945456699999966],[110.48094180000004,-6.945363],[110.47988890000005,-6.944945299999972],[110.47875980000003,-6.944411199999934],[110.47843780000005,-6.944258899999966],[110.47732540000004,-6.943732699999941],[110.47509,-6.942706499999929],[110.47340390000005,-6.942085199999951],[110.47257230000008,-6.941419599999961],[110.47248840000009,-6.941379099999949],[110.47223660000009,-6.941226899999947],[110.47191620000007,-6.941017099999954],[110.471817,-6.94089839999998],[110.47170260000007,-6.940801599999929],[110.47109990000007,-6.940375299999971],[110.47077940000008,-6.940067299999953],[110.47047420000007,-6.939854599999933],[110.470314,-6.939675799999975],[110.47023010000004,-6.939583299999981],[110.47006990000006,-6.939368699999932],[110.46983340000008,-6.939200399999947],[110.46933750000005,-6.938861799999927],[110.46931460000008,-6.938753099999929],[110.46934510000006,-6.938570499999969],[110.46945950000008,-6.938144199999954],[110.469429,-6.938027799999929],[110.46935270000006,-6.937943],[110.46923070000008,-6.93788619999998],[110.46902470000003,-6.937796099999957],[110.46875,-6.937646399999949],[110.468483,-6.937532399999952],[110.468071,-6.937417],[110.46775060000004,-6.937364499999944],[110.46768190000006,-6.937334499999963],[110.46771240000004,-6.936859099999936],[110.46779630000009,-6.936708],[110.46788790000005,-6.936577799999952],[110.46790310000006,-6.936485299999958],[110.46787260000008,-6.936305499999946],[110.46771240000004,-6.936020799999937],[110.46757510000003,-6.935894],[110.46721650000006,-6.935589299999947],[110.46703340000005,-6.935310799999968],[110.46675110000007,-6.934864499999946],[110.46667480000008,-6.934636599999976],[110.466568,-6.934329],[110.46645360000008,-6.934182599999929],[110.466301,-6.934108199999969],[110.46617120000008,-6.934029599999974],[110.46571350000005,-6.933663299999978],[110.46562190000009,-6.933661899999947],[110.46549990000005,-6.933670499999948],[110.46538540000006,-6.933595599999933],[110.46488190000008,-6.933259499999963],[110.464798,-6.93328809999997],[110.46466060000006,-6.933398199999942],[110.46448520000007,-6.933539799999949],[110.46445470000003,-6.93349459999996],[110.46433260000003,-6.933210299999928],[110.46411130000007,-6.932718299999976],[110.46401210000005,-6.93260859999998],[110.46394350000008,-6.932588499999952],[110.46376040000007,-6.932602399999951],[110.46366880000005,-6.932450699999947],[110.463562,-6.932247099999927],[110.46321250000005,-6.931527599999981],[110.46321110000008,-6.931524699999954],[110.46320870000005,-6.931519899999955],[110.46321,-6.93152],[110.46333,-6.93151],[110.46339,-6.93144],[110.46341,-6.93129],[110.46348,-6.93123],[110.46375,-6.93108],[110.46375,-6.93102],[110.46373,-6.93094],[110.46376,-6.93087],[110.46388,-6.93071],[110.46401,-6.93057],[110.464,-6.93048],[110.46395,-6.9304],[110.46391,-6.93028],[110.46391,-6.93021],[110.46395,-6.93016],[110.46405,-6.93017],[110.46416,-6.93021],[110.46451,-6.9299],[110.46468,-6.92984],[110.4649,-6.9297],[110.46496,-6.92966],[110.46516,-6.92989],[110.46523,-6.92998],[110.46538,-6.92994],[110.46564,-6.92983],[110.46574,-6.92976],[110.4658,-6.92969],[110.4659,-6.92975],[110.46596,-6.9298],[110.46624,-6.9296],[110.4665,-6.92989],[110.46667,-6.92998],[110.46679,-6.93005],[110.46704,-6.93039],[110.4671,-6.93044],[110.46723,-6.93047],[110.4674,-6.93045],[110.46748,-6.93039],[110.46769,-6.93004],[110.46765,-6.92998],[110.46756,-6.93007],[110.46751,-6.93013],[110.46743,-6.9301],[110.4675,-6.92996],[110.46753,-6.92988],[110.46745,-6.92975],[110.46738,-6.92965],[110.4674,-6.92959],[110.46754,-6.92972],[110.46761,-6.92977],[110.4677,-6.92975],[110.46803,-6.92937],[110.46814,-6.9292],[110.4678,-6.92863],[110.46763,-6.92829],[110.46762,-6.92816],[110.46786,-6.92851],[110.46793,-6.92861],[110.46805,-6.9286],[110.46822,-6.92878],[110.46829,-6.92882],[110.46827,-6.92861],[110.46827,-6.92853],[110.46822,-6.92834],[110.4681,-6.92799],[110.46817,-6.92802],[110.46831,-6.92823],[110.4684,-6.92837],[110.46845,-6.92848],[110.46851,-6.92854],[110.46861,-6.92843],[110.4687,-6.92829],[110.46876,-6.92822],[110.46865,-6.9281],[110.46856,-6.928],[110.46848,-6.92778],[110.46841,-6.92754],[110.46841,-6.92747],[110.46851,-6.92743],[110.46858,-6.92754],[110.46867,-6.92783],[110.46873,-6.928],[110.46878,-6.92804],[110.46889,-6.92794],[110.46904,-6.92774],[110.46911,-6.92757],[110.46933,-6.92721],[110.46957,-6.92693],[110.46979,-6.9268],[110.46993,-6.92666],[110.47005,-6.92641],[110.47011,-6.92628],[110.47024650000009,-6.926085],[110.47025,-6.92608],[110.47028,-6.92566],[110.47038,-6.9255],[110.47052,-6.92539],[110.47076,-6.92528],[110.47092,-6.92524],[110.47108,-6.92526],[110.4712,-6.92528],[110.47141,-6.92517],[110.4716,-6.92503],[110.47172,-6.92499],[110.4719,-6.92501],[110.47216,-6.92509],[110.47247,-6.92532],[110.47269,-6.92552],[110.47282,-6.92557],[110.47311,-6.92557],[110.47334,-6.92552],[110.47359,-6.92526],[110.47367,-6.92517],[110.47377,-6.92514],[110.47395,-6.9251],[110.47424,-6.92482],[110.47429,-6.92479],[110.47438,-6.92483],[110.47448,-6.92492],[110.47456,-6.92493],[110.47484,-6.92477],[110.47494,-6.92468],[110.475,-6.92453],[110.47476,-6.92421],[110.47471,-6.92415],[110.47474,-6.92409],[110.47494,-6.92415],[110.47527,-6.92442],[110.47543,-6.92455],[110.47549,-6.92457],[110.47565,-6.92443],[110.47588,-6.92434],[110.47594,-6.92428],[110.47605,-6.92415],[110.47615,-6.92395],[110.47582,-6.9237],[110.47551,-6.92346],[110.47544,-6.92338],[110.47604,-6.92248],[110.47609,-6.9224],[110.47604,-6.92226],[110.47571,-6.92204],[110.47558,-6.92191],[110.47554,-6.92183],[110.4756,-6.92178],[110.4757,-6.92163],[110.47574,-6.92142],[110.47566,-6.92136],[110.47556,-6.92126],[110.47561,-6.92122],[110.47559,-6.92105],[110.47562,-6.92092],[110.47568,-6.92084],[110.47588,-6.92087],[110.47667,-6.92036],[110.47713,-6.91993],[110.47749,-6.91963],[110.47758,-6.91954],[110.47818,-6.91883],[110.47875,-6.91837],[110.47892,-6.91826],[110.47897,-6.91821],[110.47903,-6.91818],[110.47906,-6.91809],[110.4791,-6.91792],[110.4791,-6.91774],[110.47915,-6.91731],[110.47929,-6.91701],[110.47956,-6.91661],[110.47967,-6.9165],[110.47974,-6.91643],[110.47983,-6.91631],[110.47998,-6.91615],[110.48003,-6.91601],[110.48035,-6.91567],[110.48046,-6.91551],[110.48061,-6.91539],[110.48069,-6.91531],[110.48071,-6.91514],[110.48083,-6.91498],[110.48104,-6.91464],[110.48117,-6.91443],[110.4813,-6.91429],[110.4817,-6.91392],[110.48251,-6.91345],[110.48267,-6.91335],[110.48296,-6.91326],[110.48306,-6.9132],[110.48312,-6.91311],[110.48313,-6.91305],[110.4831,-6.91287],[110.48304,-6.91266],[110.48301,-6.91236],[110.48302,-6.91223],[110.48313,-6.91206],[110.48428,-6.91067],[110.48467,-6.91041],[110.48476,-6.91033],[110.48478,-6.9102],[110.48479,-6.91008],[110.48491,-6.90988],[110.48535,-6.90944],[110.48547,-6.90936],[110.48553,-6.90931],[110.48553,-6.9092],[110.4861,-6.90849],[110.48624,-6.90832],[110.48707,-6.90731],[110.48711,-6.90725],[110.48732,-6.90706],[110.48748,-6.90692],[110.48761,-6.90681],[110.4878,-6.90667],[110.48811,-6.90642],[110.48814,-6.90619],[110.48818,-6.90597],[110.48826,-6.90582],[110.48862,-6.9054],[110.48872,-6.90529],[110.48883,-6.90513],[110.4889,-6.90498],[110.48902,-6.90481],[110.48923,-6.90462],[110.48946,-6.90451],[110.4897,-6.90449],[110.48977,-6.90447],[110.4898,-6.90436],[110.48981,-6.90413],[110.4899,-6.90393],[110.49004,-6.90367],[110.49028,-6.90335],[110.49055,-6.90301],[110.49122,-6.90206],[110.4914,-6.90182],[110.49149,-6.9017],[110.49165,-6.90163],[110.49171,-6.90136],[110.49177,-6.90117],[110.49198,-6.90085],[110.49231,-6.90064],[110.49236,-6.90059],[110.4924,-6.90044],[110.49242,-6.90033],[110.49247,-6.90024],[110.49259,-6.90019],[110.49267,-6.90015],[110.4927,-6.90005],[110.49272,-6.89995],[110.49293,-6.89972],[110.49303,-6.89956],[110.4933,-6.89925],[110.49342,-6.89905],[110.49414,-6.89815],[110.49429,-6.89792],[110.49457,-6.89765],[110.49473,-6.89746],[110.49509,-6.89701],[110.49541,-6.8967],[110.4958,-6.89644],[110.49602,-6.89633],[110.49619,-6.89626],[110.49621820000004,-6.896224699999948],[110.49623,-6.89621],[110.49619,-6.89606],[110.49617,-6.89589],[110.49631,-6.89559],[110.49671,-6.89498],[110.49728,-6.894],[110.49745,-6.89373],[110.49785,-6.89333],[110.49793,-6.8932],[110.49801,-6.8931],[110.49821,-6.893],[110.49836,-6.89294],[110.49839,-6.89274],[110.4984,-6.89257],[110.49844,-6.89248],[110.49851,-6.89244],[110.49863,-6.89243],[110.49875660000004,-6.892342399999961],[110.49876,-6.89234],[110.49876,-6.89233669999993],[110.49876,-6.89222],[110.49873,-6.89212],[110.49879,-6.89201],[110.49886,-6.89195],[110.49905,-6.89197],[110.49911,-6.89196],[110.49918,-6.89187],[110.49914,-6.89172],[110.49914,-6.89166],[110.49935,-6.89134],[110.49953,-6.89111],[110.5,-6.89049],[110.50009,-6.89039],[110.5005,-6.89011],[110.50071,-6.89002],[110.50099,-6.88999],[110.50108,-6.88999],[110.50115,-6.88955],[110.50117,-6.88933],[110.50124,-6.88916],[110.50141,-6.88897],[110.5015,-6.88885],[110.50154,-6.88871],[110.50163,-6.88862],[110.5019,-6.88847],[110.50206,-6.88837],[110.50217,-6.88826],[110.5022,-6.88792],[110.50222,-6.88777],[110.5023,-6.88758],[110.50239,-6.88749],[110.50256,-6.88748],[110.50264,-6.88744],[110.50271,-6.88737],[110.50272,-6.88723],[110.50272,-6.88711],[110.50287,-6.88688],[110.50304,-6.88672],[110.50322,-6.88665],[110.50331,-6.8864],[110.50358,-6.88604],[110.50372,-6.88595],[110.50396,-6.8856],[110.50404,-6.88536],[110.50409,-6.88526],[110.50427,-6.88511],[110.50436,-6.88501],[110.50439,-6.88495],[110.50513,-6.88425],[110.50534,-6.88402],[110.50557,-6.88376],[110.50574,-6.88372],[110.50593,-6.8837],[110.50596,-6.88365],[110.50593,-6.88353],[110.50626,-6.88275],[110.50645,-6.88246],[110.50699,-6.88164],[110.50703,-6.88158],[110.50719,-6.88135],[110.50734,-6.88122],[110.50761,-6.88109],[110.50779,-6.88089],[110.50837,-6.88034],[110.50877,-6.88002],[110.50881,-6.87994],[110.50883,-6.87982],[110.50887,-6.87965],[110.50917,-6.87888],[110.50935320000008,-6.876963199999977],[110.51093060000005,-6.875330799999972],[110.514469,-6.871668899999975],[110.51452850000004,-6.870181799999955],[110.51565880000004,-6.868456599999945],[110.516015,-6.866121599999929],[110.51619410000006,-6.86494689999995],[110.51833,-6.86338],[110.51833,-6.86308],[110.51823,-6.86268],[110.51815,-6.86249],[110.51945,-6.8615],[110.52038,-6.86074],[110.52127,-6.86016],[110.52211,-6.85965],[110.52263,-6.85923],[110.52314,-6.859],[110.52364,-6.85895],[110.52417,-6.85906],[110.52452,-6.85926],[110.52499,-6.85981],[110.52574,-6.86089],[110.52667,-6.86228],[110.52738,-6.86321],[110.52841,-6.86469],[110.5291,-6.86575],[110.52963,-6.86647],[110.53056,-6.86774],[110.53121620000007,-6.86874679999994],[110.53129,-6.86886],[110.53223380000009,-6.870678],[110.53224,-6.87069],[110.53299,-6.87202],[110.53344,-6.87155],[110.53449,-6.87034],[110.53470580000004,-6.870071399999972],[110.53277370000006,-6.866633099999945],[110.53354580000007,-6.866441],[110.53369590000005,-6.866484],[110.53391040000008,-6.866355599999963],[110.53385760000003,-6.866276299999981],[110.53386280000007,-6.866235599999925],[110.53395720000009,-6.866088299999944],[110.534254,-6.865777299999934],[110.534242,-6.865643599999942],[110.53422510000007,-6.865455499999939],[110.53421160000005,-6.865305799999931],[110.53464090000006,-6.864856199999963],[110.53541340000004,-6.864278399999932],[110.53624940000009,-6.864514899999961],[110.53667840000008,-6.864258199999938],[110.53693580000004,-6.864237],[110.53715010000008,-6.864322899999934],[110.53760010000008,-6.864601899999968],[110.53837140000007,-6.865202699999941],[110.53856420000005,-6.865417199999968],[110.53862830000008,-6.865653],[110.53882780000004,-6.865967],[110.53887,-6.86591],[110.53906,-6.86573],[110.53996,-6.86543],[110.54017960000004,-6.86534759999995],[110.54052,-6.86522],[110.54129,-6.86521],[110.54223,-6.86526],[110.54249,-6.86442],[110.54256,-6.86369],[110.54273,-6.86315],[110.543066,-6.86194729999994],[110.54556110000004,-6.862759799999935],[110.54665880000005,-6.862856799999975],[110.54882620000006,-6.863036199999954],[110.54932,-6.86353],[110.54909,-6.86421],[110.54866,-6.86504],[110.5476,-6.86647],[110.5476,-6.866633199999967],[110.5476,-6.86701],[110.5478,-6.86741],[110.54835,-6.86804],[110.54882580000009,-6.868364399999962],[110.54883440000003,-6.868370299999981],[110.54883780000006,-6.86837259999993],[110.54924030000006,-6.867548899999974],[110.549541,-6.867013399999962],[110.55001280000005,-6.866928099999939],[110.55076310000004,-6.867036],[110.55284280000006,-6.867295099999978],[110.55292820000005,-6.867616599999963],[110.55279850000005,-6.868752299999926],[110.55277640000008,-6.869502299999965],[110.55273270000004,-6.870338],[110.55253920000007,-6.870916399999942],[110.55241040000004,-6.871087699999975],[110.55168150000009,-6.870915599999933],[110.55107930000008,-6.870677399999977],[110.55108250000006,-6.87069189999994],[110.55112440000005,-6.870882399999971],[110.55095010000008,-6.870777699999962],[110.55084960000005,-6.871158099999946],[110.55078910000009,-6.871478399999944],[110.550288,-6.871758299999954],[110.55020750000006,-6.872058599999946],[110.550087,-6.872338899999932],[110.55062780000009,-6.872599699999967],[110.55127490000007,-6.87276849999995],[110.55129,-6.87301],[110.55128570000005,-6.873872399999925],[110.55127940000006,-6.873873099999969],[110.55128110000004,-6.873890099999926],[110.55128560000009,-6.873889199999951],[110.55128560000009,-6.873894099999973],[110.55184390000005,-6.873798099999931],[110.55222050000003,-6.873739599999965],[110.55246760000006,-6.873739899999975],[110.55264410000007,-6.87374],[110.55289110000007,-6.873881399999959],[110.55305570000007,-6.874022699999955],[110.55319680000008,-6.874152199999969],[110.55338490000008,-6.874387599999977],[110.55351410000009,-6.874611099999981],[110.55357280000004,-6.874834599999929],[110.55363140000009,-6.875058099999933],[110.55372530000005,-6.875328699999955],[110.55371330000008,-6.875563899999975],[110.55354840000007,-6.875716699999941],[110.55341890000005,-6.875740099999973],[110.55325420000008,-6.875751699999967],[110.55308950000006,-6.875680899999963],[110.55290130000009,-6.875622],[110.551725,-6.875150399999939],[110.55154840000006,-6.875197299999968],[110.55148960000008,-6.875197299999968],[110.55137190000005,-6.875220699999943],[110.551217,-6.875276199999973],[110.55121460000004,-6.875286799999969],[110.55113060000008,-6.875295799999947],[110.55106580000006,-6.875302699999963],[110.55095980000004,-6.875420199999951],[110.55092430000008,-6.875655399999971],[110.55102420000009,-6.875864699999966],[110.55101760000008,-6.875880199999926],[110.55100770000007,-6.87590339999997],[110.55113570000009,-6.876090699999963],[110.55140620000009,-6.876290899999958],[110.55172370000008,-6.876491099999953],[110.55214710000007,-6.876726799999972],[110.552088,-6.877044199999943],[110.55194640000008,-6.877455699999928],[110.55182850000006,-6.87771429999998],[110.55156930000004,-6.878008099999931],[110.55141610000004,-6.878243199999929],[110.55136860000005,-6.878713599999969],[110.55136660000005,-6.878759099999968],[110.551386,-6.878777299999967],[110.55144690000009,-6.879336699999953],[110.55158350000005,-6.87954179999997],[110.55160920000009,-6.879629],[110.55227060000004,-6.879386799999963],[110.55247470000006,-6.879218299999934],[110.55275620000003,-6.879099],[110.55301660000003,-6.878965699999981],[110.553284,-6.878888599999925],[110.55352130000006,-6.878839199999959],[110.55353060000004,-6.87883729999993],[110.55358650000005,-6.878825599999971],[110.55391720000006,-6.878783799999951],[110.55393280000004,-6.87878349999994],[110.55393790000005,-6.878783399999975],[110.55429,-6.878777099999979],[110.55436120000007,-6.878782399999977],[110.55442050000005,-6.878786899999966],[110.55447990000005,-6.878791299999932],[110.55458990000005,-6.878878499999928],[110.55464860000006,-6.878925],[110.55485250000004,-6.87909389999993],[110.55486550000006,-6.879080899999963],[110.55496960000005,-6.879218],[110.55510690000006,-6.879355499999974],[110.55519260000005,-6.879492899999946],[110.55531260000004,-6.879716099999939],[110.55529520000005,-6.879956399999969],[110.55524350000007,-6.880196599999977],[110.55507150000005,-6.880505399999947],[110.55491670000004,-6.880762699999934],[110.55467620000007,-6.880762499999946],[110.55441870000004,-6.880727899999954],[110.55417830000005,-6.880624699999942],[110.55369760000008,-6.880521299999941],[110.55325120000003,-6.880349199999955],[110.55301080000004,-6.880349],[110.552547,-6.880434399999956],[110.55244370000008,-6.880743199999927],[110.55240910000003,-6.881000599999936],[110.55244310000006,-6.881378299999938],[110.55261470000005,-6.881464199999925],[110.55263170000006,-6.881653099999937],[110.55278610000005,-6.881824799999947],[110.55278590000006,-6.882082299999979],[110.55280260000006,-6.882528499999978],[110.55306020000006,-6.882597399999952],[110.55300850000003,-6.88282049999998],[110.55300820000008,-6.883078],[110.55273310000007,-6.883421],[110.55281890000003,-6.88355839999997],[110.55297270000005,-6.884279399999969],[110.55331560000008,-6.884914699999968],[110.553395,-6.884962399999949],[110.55548180000005,-6.883211299999971],[110.55563110000008,-6.884163],[110.55474990000005,-6.885338899999965],[110.55504680000007,-6.885649799999953],[110.55582820000006,-6.885005499999977],[110.55583110000003,-6.884975399999973],[110.55602040000008,-6.884773],[110.55629090000008,-6.884503199999926],[110.55652080000004,-6.884300899999971],[110.55677780000008,-6.884031],[110.556994,-6.883977199999947],[110.55700760000008,-6.883882699999958],[110.55708880000009,-6.883707299999969],[110.55733230000004,-6.883342899999946],[110.55757580000005,-6.883113599999945],[110.55776480000009,-6.883194799999956],[110.55796740000005,-6.883316499999978],[110.55812930000008,-6.883532699999932],[110.55816970000006,-6.883681299999978],[110.55842620000004,-6.883978599999978],[110.55852050000004,-6.884194699999966],[110.55850680000009,-6.884491699999955],[110.55877680000009,-6.884721499999955],[110.55861550000009,-6.885136699999975],[110.55861330000005,-6.885137199999974],[110.55861230000005,-6.885138299999937],[110.55778180000004,-6.886062599999946],[110.55777610000007,-6.886068899999941],[110.55760960000003,-6.886254199999939],[110.55760030000005,-6.886259299999949],[110.55759820000009,-6.886260499999935],[110.55707910000007,-6.886545099999978],[110.55646160000003,-6.886745599999927],[110.55595830000004,-6.887016099999926],[110.55588630000005,-6.887455699999975],[110.55589290000006,-6.887663599999939],[110.55590640000008,-6.887888499999974],[110.55595560000006,-6.888118599999927],[110.55599640000008,-6.888203899999951],[110.55618380000004,-6.888398299999949],[110.55615650000004,-6.888500499999964],[110.55628250000007,-6.888654],[110.556354,-6.888756299999955],[110.55642040000004,-6.888925099999938],[110.55679530000003,-6.889150399999949],[110.55685320000003,-6.889184499999942],[110.55691110000004,-6.889259599999946],[110.55718730000007,-6.889338199999941],[110.55727260000003,-6.889334899999938],[110.558273,-6.88981119999994],[110.55827310000006,-6.889809699999944],[110.55827310000006,-6.889793699999927],[110.55831270000004,-6.889798199999973],[110.55910980000004,-6.889893399999949],[110.55960970000007,-6.88990739999997],[110.56006910000008,-6.889907799999946],[110.56052840000007,-6.889921699999945],[110.56101470000004,-6.890097699999956],[110.56127120000008,-6.890341],[110.56147330000005,-6.890962299999956],[110.56145930000008,-6.891461899999967],[110.56133730000005,-6.891866899999968],[110.56114810000008,-6.89193419999998],[110.56071570000006,-6.89200139999997],[110.55997260000004,-6.89191969999996],[110.55972950000006,-6.891838399999926],[110.55958090000007,-6.891770799999961],[110.55947270000007,-6.891932699999927],[110.55937570000009,-6.891957899999966],[110.5595,-6.89222],[110.55966970000009,-6.89317879999993],[110.55967180000005,-6.89319039999998],[110.55871520000005,-6.892850199999941],[110.55851210000009,-6.893336099999942],[110.55976850000008,-6.893726599999979],[110.55976990000005,-6.893734199999926],[110.55977820000004,-6.89377989999997],[110.55978130000005,-6.89379729999996],[110.55984,-6.89412],[110.55988,-6.89424],[110.56001,-6.89463],[110.56006,-6.89472],[110.56013,-6.89486],[110.56024140000005,-6.895110599999953],[110.56024440000004,-6.895117499999969],[110.56024550000006,-6.895119799999975],[110.56024840000003,-6.895126299999959],[110.56025,-6.89513],[110.56039,-6.89528],[110.56061,-6.89541],[110.56073130000004,-6.895462899999927],[110.56073640000005,-6.895465099999967],[110.561,-6.89558],[110.56109360000005,-6.89564009999998],[110.56110620000004,-6.895648299999948],[110.56118490000006,-6.896025599999973],[110.56118460000005,-6.896336199999951],[110.56102170000008,-6.897173199999941],[110.56094790000009,-6.897378099999969],[110.56088640000007,-6.89740269999993],[110.56061570000008,-6.897848],[110.560156,-6.898171599999955],[110.55995320000005,-6.898374],[110.55937160000008,-6.898967599999935],[110.55951990000005,-6.899386299999946],[110.55978950000008,-6.899994199999981],[110.56007270000003,-6.900575099999969],[110.560518,-6.901196599999935],[110.560828,-6.90210159999998],[110.56142170000004,-6.902912299999969],[110.56175360000009,-6.903369199999929],[110.56096130000009,-6.904073099999948],[110.56085330000008,-6.903951499999948],[110.56047450000005,-6.904437299999927],[110.56001430000003,-6.905328],[110.55963520000006,-6.906164799999942],[110.55928320000004,-6.906907199999978],[110.558823,-6.907784399999969],[110.55830270000007,-6.908925499999953],[110.55803070000007,-6.909179299999948],[110.55803,-6.90918],[110.55756,-6.90943],[110.55626,-6.90998],[110.55492,-6.91035],[110.5541,-6.91035],[110.55399640000007,-6.910328799999945],[110.55393780000009,-6.910316799999976],[110.553464,-6.910219899999959],[110.55336670000008,-6.9102],[110.55322,-6.91017],[110.55194,-6.90934],[110.55144,-6.90904],[110.55077,-6.90876],[110.55023,-6.90862],[110.5498,-6.90858],[110.54921,-6.90858],[110.5487,-6.90865],[110.54824,-6.90881],[110.54737,-6.90919],[110.54632,-6.90965],[110.54561360000008,-6.909959],[110.54552880000006,-6.909996199999966],[110.54552,-6.91],[110.54489,-6.91038],[110.54432,-6.9108],[110.54386,-6.9112],[110.5434,-6.91166],[110.5429,-6.91204]]]]}},{"type":"Feature","properties":{"district":"Gajah"},"geometry":{"type":"MultiPolygon","coordinates":[[[[110.76291,-6.87001],[110.76316,-6.8703],[110.76387,-6.87133],[110.7647,-6.87242],[110.76505,-6.87283],[110.76529,-6.8731],[110.76635,-6.87456],[110.76656,-6.87483],[110.76681,-6.875],[110.76798,-6.87579],[110.76853,-6.87618],[110.76914,-6.8766],[110.76969,-6.87693],[110.77015,-6.87716],[110.7705,-6.87733],[110.77107,-6.87759],[110.77244,-6.87822],[110.77317,-6.87853],[110.77348,-6.8787],[110.7736,-6.87878],[110.77365,-6.87881],[110.77371,-6.87884],[110.77436,-6.87918],[110.77515,-6.8796],[110.77566,-6.87986],[110.77652,-6.88026],[110.77842,-6.8812],[110.77875,-6.88133],[110.77886,-6.88136],[110.77923,-6.88152],[110.77972,-6.88173],[110.78102,-6.88223],[110.78146,-6.8825],[110.78292,-6.88338],[110.78377,-6.88381],[110.78382,-6.88385],[110.7846,-6.88433],[110.78553,-6.88474],[110.7867,-6.88523],[110.78702,-6.8854],[110.78707,-6.88543],[110.78708640000008,-6.885444199999938],[110.787086,-6.886467499999981],[110.78718520000007,-6.886690899999962],[110.78767670000008,-6.887797399999954],[110.78828880000009,-6.888684199999943],[110.78909090000008,-6.889507699999967],[110.79029440000005,-6.890352399999927],[110.79045020000007,-6.890459499999963],[110.79204670000007,-6.891556199999968],[110.79365150000007,-6.892274499999928],[110.79449610000006,-6.892654799999946],[110.79515070000008,-6.892739499999948],[110.796439,-6.892824499999961],[110.79722020000008,-6.89316249999996],[110.79848720000007,-6.893690699999979],[110.799245,-6.893852199999969],[110.79935,-6.89397],[110.79935660000007,-6.893979799999954],[110.79986,-6.89473],[110.79999,-6.89557],[110.80024,-6.89638],[110.80066,-6.89733],[110.80113,-6.89836],[110.80141,-6.89882],[110.80141490000005,-6.898823399999969],[110.80141450000008,-6.89882369999998],[110.80115510000007,-6.898987299999931],[110.80053710000004,-6.899096],[110.799591,-6.899186099999952],[110.79873660000004,-6.899258599999939],[110.79724880000003,-6.899167099999943],[110.79606630000006,-6.899057399999947],[110.79575350000005,-6.899039199999947],[110.79538730000007,-6.899220899999932],[110.79502870000005,-6.89965669999998],[110.79470060000006,-6.900346699999943],[110.79438780000004,-6.901564099999973],[110.79411320000008,-6.902599299999963],[110.79367830000007,-6.903870499999925],[110.79335020000008,-6.904996799999935],[110.79293240000004,-6.906009599999948],[110.79293060000003,-6.906013899999948],[110.79256440000006,-6.906722499999944],[110.79218290000006,-6.90748549999995],[110.79214260000003,-6.907541099999946],[110.79180140000005,-6.908011899999963],[110.79166050000003,-6.908188499999937],[110.79136660000006,-6.908556899999951],[110.79136520000009,-6.908558099999937],[110.79090880000007,-6.908956],[110.79045870000004,-6.909210199999961],[110.78974910000005,-6.909500599999944],[110.78858190000005,-6.909954499999969],[110.78707120000007,-6.91060779999998],[110.78621670000007,-6.911025],[110.78598020000004,-6.911261],[110.78585050000004,-6.911642499999971],[110.78585050000004,-6.912333],[110.78604890000008,-6.912969099999941],[110.78665160000008,-6.913968499999953],[110.78688810000006,-6.914459199999953],[110.78685,-6.914895],[110.78674320000005,-6.915222099999937],[110.78637690000005,-6.915585],[110.78566740000008,-6.916220599999974],[110.78532410000008,-6.916692699999942],[110.78488160000006,-6.917419399999972],[110.78450010000006,-6.918436499999927],[110.78408080000008,-6.919380499999932],[110.78408050000007,-6.919381099999953],[110.78381470000005,-6.920042199999955],[110.78356930000007,-6.920652299999972],[110.78317340000007,-6.921649199999933],[110.78317260000006,-6.921651299999951],[110.78308710000005,-6.921913699999948],[110.78288270000007,-6.922541099999933],[110.78279110000005,-6.923649299999965],[110.78272330000004,-6.924522499999966],[110.78263010000006,-6.92572279999996],[110.78262330000007,-6.925811299999964],[110.78247830000004,-6.926937499999951],[110.78215020000005,-6.928027099999952],[110.78141780000004,-6.929425699999967],[110.78073660000007,-6.930312899999933],[110.78052520000006,-6.930588199999931],[110.78016810000008,-6.930937599999936],[110.78012850000005,-6.930976399999963],[110.780126,-6.930978699999969],[110.77978520000005,-6.931314399999962],[110.77920320000004,-6.931660699999952],[110.778656,-6.931986299999949],[110.77764890000009,-6.932821199999978],[110.77716060000006,-6.933347699999956],[110.77710830000007,-6.933622399999933],[110.77708440000004,-6.933747699999969],[110.77708440000004,-6.933748],[110.77599,-6.93335],[110.77473,-6.93287],[110.77217,-6.93178],[110.7714,-6.93156],[110.77093,-6.93162],[110.77035,-6.93196],[110.76964,-6.93251],[110.76631,-6.93154],[110.76443980000005,-6.930988799999966],[110.76441,-6.93098],[110.76451340000006,-6.930327099999943],[110.7646,-6.92978],[110.76498,-6.92776],[110.76513,-6.92555],[110.76496,-6.92415],[110.76487,-6.92408],[110.76229,-6.92353],[110.76205,-6.92346],[110.76074,-6.92309],[110.75998,-6.92309],[110.75883,-6.9232],[110.75801,-6.92329],[110.75685,-6.92318],[110.75559,-6.92273],[110.75356,-6.92173],[110.7517,-6.92077],[110.75,-6.91968],[110.7489,-6.91899],[110.74786,-6.91825],[110.74644,-6.91734],[110.74511,-6.9166],[110.74428,-6.91621],[110.74354,-6.9159],[110.74302,-6.91578],[110.74238,-6.91584],[110.742,-6.91597],[110.74169,-6.91618],[110.74135,-6.91659],[110.74104,-6.91717],[110.74072,-6.91791],[110.74046,-6.91821],[110.74004,-6.91841],[110.73948,-6.91853],[110.73911,-6.91875],[110.73895,-6.91901],[110.73888,-6.91957],[110.73876,-6.91973],[110.73847,-6.91982],[110.73819,-6.91981],[110.73784,-6.91961],[110.73734,-6.91922],[110.73679,-6.91906],[110.73616,-6.91903],[110.73546,-6.91903],[110.73519,-6.91893],[110.73492,-6.91869],[110.7347,-6.91833],[110.73465,-6.91756],[110.73457,-6.91733],[110.73434,-6.91701],[110.73383,-6.91667],[110.73334,-6.91638],[110.73174,-6.91581],[110.73122,-6.91577],[110.73085,-6.91589],[110.73022,-6.91628],[110.72954,-6.91674],[110.72894,-6.91698],[110.72866,-6.91703],[110.72826,-6.91696],[110.72757,-6.91674],[110.72675,-6.91641],[110.72613,-6.91629],[110.72610830000008,-6.916288099999974],[110.726039,-6.916281899999944],[110.72568,-6.91625],[110.72506,-6.91627],[110.72426,-6.91638],[110.72404,-6.91645],[110.72375,-6.9166],[110.72348,-6.91701],[110.72326,-6.91744],[110.72297,-6.91769],[110.72250720000005,-6.917882099999929],[110.72245830000008,-6.917902399999946],[110.72244,-6.91791],[110.72176,-6.91798],[110.72094,-6.91792],[110.72057,-6.91793],[110.72012510000008,-6.918004099999962],[110.72009,-6.91801],[110.72000070000007,-6.918048699999929],[110.71979,-6.91814],[110.71942,-6.91847],[110.71921,-6.91876],[110.719071,-6.919167199999947],[110.71907,-6.91917],[110.71907570000008,-6.919186199999956],[110.7193,-6.91982],[110.71936,-6.91993],[110.71978,-6.92005],[110.71997,-6.92012],[110.72007,-6.92019],[110.7201,-6.92028],[110.72003,-6.9204],[110.71976,-6.92066],[110.71969,-6.92076],[110.71971,-6.92086],[110.72,-6.9211],[110.72009,-6.92118],[110.72011,-6.92126],[110.71986,-6.92156],[110.71965,-6.92179],[110.71964,-6.92185],[110.71985,-6.92195],[110.71988650000009,-6.921955899999944],[110.72016,-6.922],[110.72027,-6.92202],[110.72035,-6.92233],[110.7207,-6.92308],[110.72083,-6.92342],[110.72088,-6.92359],[110.721,-6.92371],[110.7213,-6.92384],[110.72158,-6.92397],[110.72188,-6.92409],[110.722,-6.92419],[110.72197,-6.92447],[110.72205,-6.92511],[110.72213,-6.92538],[110.72239,-6.92571],[110.72255,-6.92584],[110.72273,-6.9259],[110.723,-6.92592],[110.72311,-6.92596],[110.72315,-6.92603],[110.72306,-6.92625],[110.723,-6.92639],[110.72299,-6.92649],[110.72307,-6.92654],[110.72339,-6.92647],[110.72367,-6.92642],[110.72389,-6.92642],[110.72432,-6.92661],[110.72462,-6.92677],[110.72483,-6.92682],[110.72526,-6.92674],[110.7255,-6.92669],[110.72571,-6.92671],[110.72593,-6.92683],[110.72604,-6.92695],[110.72608,-6.92709],[110.72584,-6.92764],[110.72578,-6.92781],[110.72579,-6.92802],[110.7261,-6.92856],[110.72632,-6.92891],[110.72686,-6.92967],[110.7274,-6.92976],[110.72808,-6.9299],[110.7289,-6.93022],[110.72965,-6.93062],[110.73064,-6.93137],[110.73124,-6.93163],[110.7317,-6.93173],[110.73219,-6.93178],[110.73232,-6.93192],[110.73229,-6.93214],[110.73209,-6.93241],[110.73184,-6.93289],[110.7317,-6.93353],[110.73162,-6.93423],[110.73164,-6.93448],[110.73182,-6.93502],[110.73144,-6.93547],[110.73125,-6.93608],[110.73094,-6.93653],[110.73046,-6.93704],[110.72988,-6.93731],[110.72942,-6.93779],[110.72929,-6.93856],[110.72938,-6.93929],[110.72965,-6.9401],[110.72905,-6.93997],[110.72824,-6.9398],[110.72753,-6.93967],[110.72685,-6.93953],[110.72582,-6.93933],[110.7255,-6.93928],[110.72493,-6.93918],[110.72335,-6.93882],[110.72194,-6.93852],[110.72189,-6.93737],[110.72186,-6.93644],[110.72178,-6.93539],[110.72171,-6.93448],[110.72166,-6.93362],[110.7216,-6.93318],[110.72125,-6.93308],[110.72109,-6.93304],[110.71935,-6.93264],[110.7188,-6.93251],[110.71742,-6.93216],[110.71725,-6.93255],[110.71627,-6.93355],[110.71605,-6.93374],[110.716006,-6.93376],[110.71583,-6.93384],[110.71564,-6.93388],[110.71548,-6.93386],[110.71505,-6.9336],[110.71517,-6.93345],[110.71483,-6.93336],[110.7141,-6.93325],[110.7131,-6.93306],[110.71296620000004,-6.933021799999949],[110.71291020000007,-6.933005799999933],[110.71282,-6.93298],[110.71266,-6.93283],[110.71248,-6.93237],[110.71257,-6.93186],[110.71283,-6.93108],[110.71227,-6.93085],[110.71207,-6.93069],[110.71183,-6.93039],[110.71178,-6.93028],[110.71176,-6.9302],[110.71179,-6.92995],[110.71215,-6.92891],[110.71239730000008,-6.928294699999981],[110.71247530000005,-6.928100599999937],[110.71258,-6.92784],[110.71251,-6.92759],[110.71220540000007,-6.927509799999939],[110.71213,-6.92749],[110.71212,-6.92741],[110.71196,-6.92737],[110.71156,-6.92719],[110.71114,-6.92699],[110.71078,-6.92681],[110.71018,-6.92654],[110.70918,-6.92604],[110.7084,-6.92561],[110.70648,-6.92469],[110.70644,-6.92474],[110.70638,-6.9248],[110.70616,-6.92474],[110.70566,-6.92454],[110.70481,-6.92424],[110.70445,-6.92397],[110.70426,-6.9239],[110.70403,-6.92387],[110.70357,-6.92391],[110.70328,-6.92381],[110.70297,-6.92364],[110.70291,-6.92346],[110.70299,-6.92266],[110.70299,-6.92235],[110.70292,-6.92199],[110.70287,-6.92136],[110.70275,-6.92079],[110.70263,-6.9203],[110.70249,-6.91989],[110.70221,-6.9195],[110.70182,-6.91913],[110.70154560000009,-6.918952199999978],[110.70068670000006,-6.920823699999971],[110.69947540000004,-6.923687899999948],[110.69774780000006,-6.922934],[110.697748,-6.922633599999926],[110.697794,-6.922335499999974],[110.697932,-6.922014499999932],[110.69756780000006,-6.921871299999964],[110.69728950000007,-6.921761899999979],[110.69683060000006,-6.921601],[110.69648640000008,-6.921532],[110.69614210000009,-6.921623499999953],[110.69600440000005,-6.92162339999993],[110.69476520000006,-6.921393299999977],[110.69453580000004,-6.921232599999939],[110.694513,-6.921049099999948],[110.69451320000007,-6.920659199999932],[110.69451330000004,-6.920544599999971],[110.694522,-6.920475199999942],[110.69458250000008,-6.919994199999962],[110.69462860000004,-6.919673099999955],[110.69462880000009,-6.91932909999997],[110.69462890000005,-6.919191499999954],[110.69460620000007,-6.918870399999946],[110.69439980000004,-6.918595099999948],[110.69426220000008,-6.918434399999967],[110.69421650000004,-6.918113299999959],[110.69433140000007,-6.917838199999949],[110.69446940000006,-6.917471299999931],[110.69467610000004,-6.917242099999953],[110.69513530000006,-6.916921299999956],[110.69525020000009,-6.916715],[110.69525030000005,-6.916439799999978],[110.69525040000008,-6.916279199999963],[110.69508990000008,-6.916164499999979],[110.69492920000005,-6.916164399999957],[110.69479150000006,-6.916164299999934],[110.694585,-6.916164099999946],[110.69437840000006,-6.916232799999932],[110.69412580000005,-6.91637019999996],[110.69396510000007,-6.916507799999977],[110.69391930000006,-6.916393099999937],[110.69389640000009,-6.916278399999953],[110.69387350000005,-6.91616369999997],[110.69389660000007,-6.916003199999977],[110.69398840000008,-6.916003199999977],[110.69405730000005,-6.915911499999936],[110.69408030000005,-6.915773899999976],[110.69408040000008,-6.915659299999959],[110.69409010000004,-6.915620499999932],[110.69409750000005,-6.915591199999938],[110.69410340000007,-6.915567499999952],[110.69428710000005,-6.91543],[110.69418120000006,-6.915288699999962],[110.69414950000004,-6.915246499999967],[110.69414960000006,-6.91515469999996],[110.69421180000006,-6.91507189999993],[110.69421850000003,-6.915063099999941],[110.69433330000004,-6.914971399999956],[110.69433340000006,-6.914775599999928],[110.69433340000006,-6.914719099999957],[110.69437940000006,-6.91458149999994],[110.69456310000004,-6.914444],[110.69462790000006,-6.914401],[110.69476980000007,-6.914306599999975],[110.69481570000005,-6.914191899999935],[110.69480860000004,-6.914148799999964],[110.69479290000004,-6.914054299999975],[110.69481590000004,-6.913962599999934],[110.69495360000008,-6.913939699999958],[110.69504540000008,-6.91393979999998],[110.69519710000009,-6.91399679999995],[110.69522890000007,-6.914008699999954],[110.69536660000006,-6.91412349999996],[110.69548630000008,-6.913901599999974],[110.69547,-6.91389],[110.69546990000003,-6.913889899999958],[110.695455,-6.913877699999944],[110.69603260000008,-6.91339],[110.69603270000005,-6.913183599999968],[110.69614760000007,-6.913046099999974],[110.69621650000005,-6.912862599999926],[110.69637720000009,-6.912771],[110.69656090000007,-6.912748199999953],[110.696561,-6.91251879999993],[110.69683660000004,-6.912266699999975],[110.69702030000008,-6.912060399999973],[110.69720410000008,-6.911716499999955],[110.697319,-6.911464299999977],[110.697457,-6.911074499999927],[110.69761770000008,-6.91089119999998],[110.69777850000008,-6.910707799999955],[110.69791640000005,-6.910363899999936],[110.69805430000008,-6.910111699999959],[110.69814620000005,-6.909836499999926],[110.698307,-6.909653099999957],[110.69844480000006,-6.909515599999963],[110.69853670000003,-6.909263399999929],[110.69870550000007,-6.909116099999949],[110.69871120000005,-6.909111],[110.69872040000007,-6.909103],[110.69883530000004,-6.908896599999935],[110.69884390000004,-6.908825399999955],[110.69884440000004,-6.908821299999943],[110.69890450000008,-6.90832329999995],[110.69874390000007,-6.908254399999976],[110.69865220000008,-6.908139699999936],[110.69851450000004,-6.90813959999997],[110.69837680000006,-6.908116599999971],[110.69814750000006,-6.907864199999949],[110.69810170000005,-6.907703599999934],[110.69810180000007,-6.907566],[110.69807890000004,-6.907405399999959],[110.69812490000004,-6.907267899999965],[110.69828560000008,-6.907176199999981],[110.69828580000006,-6.906923899999981],[110.69828590000009,-6.906740499999955],[110.69828610000008,-6.906396399999949],[110.69833230000006,-6.906006599999955],[110.69840120000003,-6.905823199999929],[110.69849320000009,-6.905525099999977],[110.69876880000004,-6.905295899999942],[110.69895240000005,-6.90520429999998],[110.69920490000004,-6.905066799999929],[110.69941160000008,-6.904952299999934],[110.69970990000007,-6.90492949999998],[110.69989370000008,-6.904677399999969],[110.69989370000008,-6.904562699999929],[110.70014650000007,-6.904058299999974],[110.70016960000004,-6.903874899999948],[110.70028450000007,-6.903622599999949],[110.70037640000004,-6.903347499999938],[110.70037660000008,-6.903141099999971],[110.70042250000006,-6.903049399999929],[110.70049140000003,-6.903049399999929],[110.70069790000008,-6.903049499999952],[110.70074380000005,-6.903049599999974],[110.70074390000008,-6.902934899999934],[110.70076690000008,-6.902912],[110.70097370000008,-6.902384599999948],[110.70106560000005,-6.902247099999954],[110.70111170000007,-6.901971899999978],[110.70097420000008,-6.901719499999956],[110.70092830000004,-6.901604799999973],[110.70090540000007,-6.901513099999931],[110.70097440000006,-6.901375499999972],[110.70117260000006,-6.901364],[110.70119,-6.90137],[110.70139,-6.90145],[110.70150170000005,-6.901483199999973],[110.70176,-6.90156],[110.70196,-6.90162],[110.70198990000006,-6.90160149999997],[110.70186210000008,-6.901379799999972],[110.70179480000007,-6.901204399999926],[110.70180850000008,-6.90082689999997],[110.70184910000006,-6.90055719999998],[110.70203820000006,-6.900355],[110.70228110000005,-6.900274299999978],[110.70234870000007,-6.900179899999955],[110.70241620000007,-6.900031599999977],[110.70252430000005,-6.899829399999931],[110.70261890000006,-6.899519299999952],[110.70268650000008,-6.899371],[110.70273740000005,-6.899373799999978],[110.70303750000005,-6.899101499999972],[110.703383,-6.899228299999947],[110.70340180000005,-6.899209599999949],[110.70357720000004,-6.899290599999972],[110.70411780000006,-6.899535399999934],[110.70412,-6.899532299999976],[110.70425170000004,-6.899628199999938],[110.70446750000008,-6.89973619999995],[110.70479130000007,-6.89987119999995],[110.70498010000006,-6.900019699999973],[110.70524990000007,-6.900168199999939],[110.70542520000004,-6.900303199999939],[110.70562760000007,-6.900397699999928],[110.70588390000006,-6.900559699999974],[110.70627510000008,-6.900735199999929],[110.70661240000004,-6.900802899999974],[110.70682830000004,-6.90088389999994],[110.70707120000009,-6.900897499999928],[110.707449,-6.900951699999951],[110.70766490000005,-6.900951799999973],[110.70773240000005,-6.900790099999938],[110.70775970000005,-6.900399],[110.70807080000009,-6.899077599999941],[110.70882740000008,-6.897608199999979],[110.70947640000009,-6.89678269999996],[110.70950550000003,-6.896795599999962],[110.70983010000003,-6.896976099999961],[110.71019140000004,-6.896219],[110.70983070000005,-6.896074499999941],[110.71246880000007,-6.889584799999966],[110.71304720000006,-6.887890199999958],[110.71351690000006,-6.887025],[110.71405870000007,-6.886051599999973],[110.71445610000006,-6.885366699999963],[110.71478110000004,-6.884934099999953],[110.71514250000007,-6.884068799999966],[110.717664,-6.884257],[110.71783,-6.88434],[110.71824,-6.88443],[110.71835,-6.88452],[110.71861,-6.88462],[110.72075,-6.88533],[110.72075920000009,-6.885333],[110.72102880000006,-6.884553199999971],[110.72136030000007,-6.883781399999975],[110.72152620000008,-6.883257599999979],[110.72160930000007,-6.882596],[110.72177510000006,-6.882127399999945],[110.72188570000009,-6.881796599999973],[110.72210680000006,-6.881107399999962],[110.72232810000008,-6.880032299999925],[110.72246640000009,-6.879508499999929],[110.72252180000004,-6.879122499999937],[110.72270760000004,-6.878058099999976],[110.7226,-6.87811],[110.72153,-6.87847],[110.72074,-6.87859],[110.71992,-6.87859],[110.71909,-6.87854],[110.71795,-6.87837],[110.71767380000006,-6.878308199999935],[110.71719,-6.8782],[110.71615,-6.87814],[110.71553,-6.87815],[110.71551,-6.8775],[110.71557,-6.87703],[110.71567,-6.87644],[110.71583,-6.87589],[110.71619,-6.875],[110.71633,-6.8742],[110.71636,-6.87403],[110.71619,-6.87381],[110.71614,-6.87368],[110.7161,-6.87357],[110.71604,-6.87325],[110.71603,-6.87311],[110.71601,-6.8729],[110.71613,-6.87292],[110.71634,-6.87288],[110.71856,-6.8726],[110.71897920000004,-6.872528599999953],[110.71991,-6.87237],[110.72042,-6.87228],[110.72209,-6.87205],[110.72309,-6.8719],[110.72382,-6.87175],[110.72516,-6.87154],[110.72737,-6.87119],[110.72794,-6.87113],[110.72802,-6.87112],[110.72857,-6.87104],[110.72875,-6.87099],[110.72938,-6.87088],[110.73011,-6.87083],[110.73021,-6.87081],[110.73045,-6.87077],[110.73118,-6.87066],[110.73184,-6.87059],[110.7323,-6.8705],[110.73291,-6.87037],[110.73314,-6.87034],[110.73354,-6.87029],[110.73508,-6.87009],[110.73519,-6.87007],[110.73552,-6.87002],[110.73591620000008,-6.869945199999961],[110.73605,-6.86992],[110.73813,-6.86955],[110.73868,-6.86944],[110.74046,-6.86914],[110.74086,-6.86904],[110.74108,-6.86899],[110.74151,-6.86892],[110.74174,-6.86884],[110.74194,-6.86881],[110.7422,-6.86878],[110.74275,-6.86868],[110.74316,-6.86864],[110.74348,-6.86857],[110.74425,-6.86843],[110.74464,-6.86839],[110.74482,-6.86835],[110.74507,-6.86831],[110.74569,-6.86817],[110.74601,-6.8681],[110.74638,-6.86806],[110.74685,-6.86797],[110.74723,-6.86793],[110.74749,-6.86788],[110.74882,-6.86765],[110.75001,-6.86743],[110.75043,-6.8673],[110.75063,-6.86725],[110.75086,-6.8677],[110.75113,-6.86768],[110.75164,-6.86758],[110.7523,-6.86747],[110.75273,-6.86736],[110.75322,-6.86723],[110.75373,-6.86716],[110.7546,-6.867],[110.75512,-6.8669],[110.75582,-6.86676],[110.7568,-6.8666],[110.75746,-6.86649],[110.75808,-6.86638],[110.75864,-6.86626],[110.75957,-6.8661],[110.76006,-6.86599],[110.76064,-6.86698],[110.761,-6.86746],[110.76146,-6.86805],[110.76177,-6.86845],[110.76248,-6.86945],[110.76284,-6.86992],[110.76291,-6.87001]]]]}},{"type":"Feature","properties":{"district":"Karang Tengah"},"geometry":{"type":"MultiPolygon","coordinates":[[[[110.55803,-6.90918],[110.55803070000007,-6.909179299999948],[110.55830270000007,-6.908925499999953],[110.558823,-6.907784399999969],[110.55928320000004,-6.906907199999978],[110.55963520000006,-6.906164799999942],[110.56001430000003,-6.905328],[110.56047450000005,-6.904437299999927],[110.56085330000008,-6.903951499999948],[110.56096130000009,-6.904073099999948],[110.56175360000009,-6.903369199999929],[110.56142170000004,-6.902912299999969],[110.560828,-6.90210159999998],[110.560518,-6.901196599999935],[110.56007270000003,-6.900575099999969],[110.55978950000008,-6.899994199999981],[110.55951990000005,-6.899386299999946],[110.55937160000008,-6.898967599999935],[110.55995320000005,-6.898374],[110.560156,-6.898171599999955],[110.56061570000008,-6.897848],[110.56088640000007,-6.89740269999993],[110.56094790000009,-6.897378099999969],[110.56102170000008,-6.897173199999941],[110.56118460000005,-6.896336199999951],[110.56118490000006,-6.896025599999973],[110.56110620000004,-6.895648299999948],[110.56109360000005,-6.89564009999998],[110.561,-6.89558],[110.56073640000005,-6.895465099999967],[110.56073130000004,-6.895462899999927],[110.56061,-6.89541],[110.56039,-6.89528],[110.56025,-6.89513],[110.56024840000003,-6.895126299999959],[110.56024550000006,-6.895119799999975],[110.56024440000004,-6.895117499999969],[110.56024140000005,-6.895110599999953],[110.56013,-6.89486],[110.56006,-6.89472],[110.56001,-6.89463],[110.55988,-6.89424],[110.55984,-6.89412],[110.55978130000005,-6.89379729999996],[110.55977820000004,-6.89377989999997],[110.55976990000005,-6.893734199999926],[110.55976850000008,-6.893726599999979],[110.55851210000009,-6.893336099999942],[110.55871520000005,-6.892850199999941],[110.55967180000005,-6.89319039999998],[110.55966970000009,-6.89317879999993],[110.5595,-6.89222],[110.55937570000009,-6.891957899999966],[110.55947270000007,-6.891932699999927],[110.55958090000007,-6.891770799999961],[110.55972950000006,-6.891838399999926],[110.55997260000004,-6.89191969999996],[110.56071570000006,-6.89200139999997],[110.56114810000008,-6.89193419999998],[110.56133730000005,-6.891866899999968],[110.56145930000008,-6.891461899999967],[110.56147330000005,-6.890962299999956],[110.56127120000008,-6.890341],[110.56101470000004,-6.890097699999956],[110.56052840000007,-6.889921699999945],[110.56006910000008,-6.889907799999946],[110.55960970000007,-6.88990739999997],[110.55910980000004,-6.889893399999949],[110.55831270000004,-6.889798199999973],[110.55827310000006,-6.889793699999927],[110.55827310000006,-6.889809699999944],[110.558273,-6.88981119999994],[110.55727260000003,-6.889334899999938],[110.55718730000007,-6.889338199999941],[110.55691110000004,-6.889259599999946],[110.55685320000003,-6.889184499999942],[110.55679530000003,-6.889150399999949],[110.55642040000004,-6.888925099999938],[110.556354,-6.888756299999955],[110.55628250000007,-6.888654],[110.55615650000004,-6.888500499999964],[110.55618380000004,-6.888398299999949],[110.55599640000008,-6.888203899999951],[110.55595560000006,-6.888118599999927],[110.55590640000008,-6.887888499999974],[110.55589290000006,-6.887663599999939],[110.55588630000005,-6.887455699999975],[110.55595830000004,-6.887016099999926],[110.55646160000003,-6.886745599999927],[110.55707910000007,-6.886545099999978],[110.55759820000009,-6.886260499999935],[110.55760030000005,-6.886259299999949],[110.55760960000003,-6.886254199999939],[110.55777610000007,-6.886068899999941],[110.55778180000004,-6.886062599999946],[110.55861230000005,-6.885138299999937],[110.55861330000005,-6.885137199999974],[110.55861550000009,-6.885136699999975],[110.55877680000009,-6.884721499999955],[110.55850680000009,-6.884491699999955],[110.55852050000004,-6.884194699999966],[110.55842620000004,-6.883978599999978],[110.55816970000006,-6.883681299999978],[110.55812930000008,-6.883532699999932],[110.55796740000005,-6.883316499999978],[110.55776480000009,-6.883194799999956],[110.55757580000005,-6.883113599999945],[110.55733230000004,-6.883342899999946],[110.55708880000009,-6.883707299999969],[110.55700760000008,-6.883882699999958],[110.556994,-6.883977199999947],[110.55677780000008,-6.884031],[110.55652080000004,-6.884300899999971],[110.55629090000008,-6.884503199999926],[110.55602040000008,-6.884773],[110.55583110000003,-6.884975399999973],[110.55582820000006,-6.885005499999977],[110.55504680000007,-6.885649799999953],[110.55474990000005,-6.885338899999965],[110.55563110000008,-6.884163],[110.55548180000005,-6.883211299999971],[110.553395,-6.884962399999949],[110.55331560000008,-6.884914699999968],[110.55297270000005,-6.884279399999969],[110.55281890000003,-6.88355839999997],[110.55273310000007,-6.883421],[110.55300820000008,-6.883078],[110.55300850000003,-6.88282049999998],[110.55306020000006,-6.882597399999952],[110.55280260000006,-6.882528499999978],[110.55278590000006,-6.882082299999979],[110.55278610000005,-6.881824799999947],[110.55263170000006,-6.881653099999937],[110.55261470000005,-6.881464199999925],[110.55244310000006,-6.881378299999938],[110.55240910000003,-6.881000599999936],[110.55244370000008,-6.880743199999927],[110.552547,-6.880434399999956],[110.55301080000004,-6.880349],[110.55325120000003,-6.880349199999955],[110.55369760000008,-6.880521299999941],[110.55417830000005,-6.880624699999942],[110.55441870000004,-6.880727899999954],[110.55467620000007,-6.880762499999946],[110.55491670000004,-6.880762699999934],[110.55507150000005,-6.880505399999947],[110.55524350000007,-6.880196599999977],[110.55529520000005,-6.879956399999969],[110.55531260000004,-6.879716099999939],[110.55519260000005,-6.879492899999946],[110.55510690000006,-6.879355499999974],[110.55496960000005,-6.879218],[110.55486550000006,-6.879080899999963],[110.55485250000004,-6.87909389999993],[110.55464860000006,-6.878925],[110.55458990000005,-6.878878499999928],[110.55447990000005,-6.878791299999932],[110.55442050000005,-6.878786899999966],[110.55436120000007,-6.878782399999977],[110.55429,-6.878777099999979],[110.55393790000005,-6.878783399999975],[110.55393280000004,-6.87878349999994],[110.55391720000006,-6.878783799999951],[110.55358650000005,-6.878825599999971],[110.55353060000004,-6.87883729999993],[110.55352130000006,-6.878839199999959],[110.553284,-6.878888599999925],[110.55301660000003,-6.878965699999981],[110.55275620000003,-6.879099],[110.55247470000006,-6.879218299999934],[110.55227060000004,-6.879386799999963],[110.55160920000009,-6.879629],[110.55158350000005,-6.87954179999997],[110.55144690000009,-6.879336699999953],[110.551386,-6.878777299999967],[110.55136660000005,-6.878759099999968],[110.55136860000005,-6.878713599999969],[110.55141610000004,-6.878243199999929],[110.55156930000004,-6.878008099999931],[110.55182850000006,-6.87771429999998],[110.55194640000008,-6.877455699999928],[110.552088,-6.877044199999943],[110.55214710000007,-6.876726799999972],[110.55172370000008,-6.876491099999953],[110.55140620000009,-6.876290899999958],[110.55113570000009,-6.876090699999963],[110.55100770000007,-6.87590339999997],[110.55101760000008,-6.875880199999926],[110.55102420000009,-6.875864699999966],[110.55092430000008,-6.875655399999971],[110.55095980000004,-6.875420199999951],[110.55106580000006,-6.875302699999963],[110.55113060000008,-6.875295799999947],[110.55121460000004,-6.875286799999969],[110.551217,-6.875276199999973],[110.55137190000005,-6.875220699999943],[110.55148960000008,-6.875197299999968],[110.55154840000006,-6.875197299999968],[110.551725,-6.875150399999939],[110.55290130000009,-6.875622],[110.55308950000006,-6.875680899999963],[110.55325420000008,-6.875751699999967],[110.55341890000005,-6.875740099999973],[110.55354840000007,-6.875716699999941],[110.55371330000008,-6.875563899999975],[110.55372530000005,-6.875328699999955],[110.55363140000009,-6.875058099999933],[110.55357280000004,-6.874834599999929],[110.55351410000009,-6.874611099999981],[110.55338490000008,-6.874387599999977],[110.55319680000008,-6.874152199999969],[110.55305570000007,-6.874022699999955],[110.55289110000007,-6.873881399999959],[110.55264410000007,-6.87374],[110.55246760000006,-6.873739899999975],[110.55222050000003,-6.873739599999965],[110.55184390000005,-6.873798099999931],[110.55128560000009,-6.873894099999973],[110.55128560000009,-6.873889199999951],[110.55128110000004,-6.873890099999926],[110.55127940000006,-6.873873099999969],[110.55128570000005,-6.873872399999925],[110.55129,-6.87301],[110.55127490000007,-6.87276849999995],[110.55062780000009,-6.872599699999967],[110.550087,-6.872338899999932],[110.55020750000006,-6.872058599999946],[110.550288,-6.871758299999954],[110.55078910000009,-6.871478399999944],[110.55084960000005,-6.871158099999946],[110.55095010000008,-6.870777699999962],[110.55112440000005,-6.870882399999971],[110.55108250000006,-6.87069189999994],[110.55107930000008,-6.870677399999977],[110.55168150000009,-6.870915599999933],[110.55241040000004,-6.871087699999975],[110.55253920000007,-6.870916399999942],[110.55273270000004,-6.870338],[110.55277640000008,-6.869502299999965],[110.55279850000005,-6.868752299999926],[110.55292820000005,-6.867616599999963],[110.55284280000006,-6.867295099999978],[110.55076310000004,-6.867036],[110.55001280000005,-6.866928099999939],[110.549541,-6.867013399999962],[110.54924030000006,-6.867548899999974],[110.54883780000006,-6.86837259999993],[110.54883440000003,-6.868370299999981],[110.54882580000009,-6.868364399999962],[110.54835,-6.86804],[110.5478,-6.86741],[110.5476,-6.86701],[110.5476,-6.866633199999967],[110.5476,-6.86647],[110.54866,-6.86504],[110.54909,-6.86421],[110.54932,-6.86353],[110.54882620000006,-6.863036199999954],[110.54665880000005,-6.862856799999975],[110.54556110000004,-6.862759799999935],[110.543066,-6.86194729999994],[110.54273,-6.86315],[110.54256,-6.86369],[110.54249,-6.86442],[110.54223,-6.86526],[110.54129,-6.86521],[110.54052,-6.86522],[110.54017960000004,-6.86534759999995],[110.53996,-6.86543],[110.53906,-6.86573],[110.53887,-6.86591],[110.53882780000004,-6.865967],[110.53862830000008,-6.865653],[110.53856420000005,-6.865417199999968],[110.53837140000007,-6.865202699999941],[110.53760010000008,-6.864601899999968],[110.53715010000008,-6.864322899999934],[110.53693580000004,-6.864237],[110.53667840000008,-6.864258199999938],[110.53624940000009,-6.864514899999961],[110.53541340000004,-6.864278399999932],[110.53464090000006,-6.864856199999963],[110.53421160000005,-6.865305799999931],[110.53422510000007,-6.865455499999939],[110.534242,-6.865643599999942],[110.534254,-6.865777299999934],[110.53395720000009,-6.866088299999944],[110.53386280000007,-6.866235599999925],[110.53385760000003,-6.866276299999981],[110.53391040000008,-6.866355599999963],[110.53369590000005,-6.866484],[110.53354580000007,-6.866441],[110.53277370000006,-6.866633099999945],[110.53470580000004,-6.870071399999972],[110.53449,-6.87034],[110.53344,-6.87155],[110.53299,-6.87202],[110.53224,-6.87069],[110.53223380000009,-6.870678],[110.53129,-6.86886],[110.53121620000007,-6.86874679999994],[110.53056,-6.86774],[110.52963,-6.86647],[110.5291,-6.86575],[110.52841,-6.86469],[110.52738,-6.86321],[110.52667,-6.86228],[110.52574,-6.86089],[110.52499,-6.85981],[110.52452,-6.85926],[110.52417,-6.85906],[110.52364,-6.85895],[110.52314,-6.859],[110.52263,-6.85923],[110.52211,-6.85965],[110.52127,-6.86016],[110.52038,-6.86074],[110.51945,-6.8615],[110.51815,-6.86249],[110.5181,-6.86237],[110.51788,-6.86205],[110.51765,-6.86182],[110.51745,-6.86167],[110.5174,-6.86163],[110.51695,-6.86137],[110.51652,-6.86112],[110.5161,-6.86078],[110.51558,-6.86025],[110.51543,-6.86007],[110.5154,-6.86002],[110.51526,-6.85956],[110.51523,-6.85929],[110.51526,-6.85911],[110.51549,-6.85875],[110.51646,-6.85774],[110.5176,-6.85639],[110.51781,-6.85607],[110.51794,-6.85587],[110.51807,-6.85567],[110.51843090000006,-6.855112899999938],[110.51893050000007,-6.852157299999931],[110.52017970000009,-6.849896899999976],[110.52173,-6.84896],[110.52201190000005,-6.848748599999965],[110.52297560000005,-6.849421],[110.52440330000007,-6.849718399999972],[110.52523610000009,-6.849718399999972],[110.52612840000006,-6.849064],[110.52538,-6.84773],[110.52601,-6.84776],[110.52657,-6.8478],[110.52727,-6.84805],[110.52741,-6.84809],[110.52758,-6.848],[110.52798,-6.8476],[110.52818,-6.84736],[110.52827,-6.84716],[110.5284,-6.84645],[110.52838,-6.84596],[110.52832,-6.84561],[110.52819,-6.84504],[110.52802,-6.84311],[110.52801,-6.8427],[110.52801,-6.84211],[110.52789380000007,-6.841014199999961],[110.52648530000005,-6.840379],[110.52488940000006,-6.839236299999925],[110.52422480000007,-6.837464199999943],[110.52202380000006,-6.836809799999969],[110.52143,-6.83498],[110.5218,-6.83466],[110.522,-6.83436],[110.52209,-6.83424],[110.52337,-6.83495],[110.52443,-6.83566],[110.52599,-6.83665],[110.52754,-6.83736],[110.52926,-6.8377],[110.53035,-6.83779],[110.53181,-6.83823],[110.53308,-6.83845],[110.53344,-6.83847],[110.53409,-6.8384],[110.53518,-6.83834],[110.53568,-6.83849],[110.5365,-6.83887],[110.5375,-6.83954],[110.53873,-6.84057],[110.54021,-6.84188],[110.54131,-6.8428],[110.54219,-6.84364],[110.54301,-6.84461],[110.54393,-6.8456],[110.54494,-6.84663],[110.54569,-6.84751],[110.54593,-6.84786],[110.54636,-6.84848],[110.547,-6.84951],[110.54786,-6.85088],[110.54879,-6.85244],[110.54883,-6.8525],[110.54943,-6.85344],[110.54995840000004,-6.854374899999925],[110.55021,-6.85482],[110.55128,-6.85671],[110.55227,-6.85858],[110.55307,-6.86],[110.55382,-6.86133],[110.55486,-6.86318],[110.55565,-6.86464],[110.55638,-6.86602],[110.5569,-6.86709],[110.55757,-6.86799],[110.55812,-6.86875],[110.55839,-6.86932],[110.55856,-6.86967],[110.55901,-6.8709],[110.55974,-6.87281],[110.56048,-6.875],[110.56086,-6.8761],[110.56119,-6.87707],[110.5617,-6.87854],[110.56179,-6.87918],[110.56192,-6.87944],[110.56227,-6.88032],[110.56274,-6.88169],[110.56322,-6.88303],[110.56372,-6.88439],[110.5644,-6.88642],[110.56469,-6.88718],[110.5648,-6.88775],[110.56494,-6.8887],[110.56505,-6.8894],[110.56518,-6.88984],[110.56544,-6.89035],[110.56575,-6.89079],[110.56641,-6.89154],[110.56643060000005,-6.891564499999959],[110.56742,-6.89274],[110.56845,-6.89391],[110.56955,-6.89523],[110.57016,-6.89595],[110.5705,-6.89637],[110.57123,-6.89721],[110.57212,-6.89839],[110.57298,-6.89938],[110.57367,-6.90037],[110.5741,-6.90099],[110.57454,-6.90142],[110.57505,-6.90202],[110.57562,-6.90253],[110.57621,-6.90294],[110.57678,-6.90323],[110.57758,-6.90369],[110.57843,-6.90422],[110.57933,-6.90481],[110.58034,-6.90564],[110.58142,-6.90635],[110.58247,-6.90698],[110.5834,-6.90758],[110.5846,-6.90852],[110.58518,-6.90896],[110.5859,-6.90959],[110.58693,-6.91017],[110.58808,-6.91076],[110.58869460000005,-6.911058799999978],[110.58917,-6.91129],[110.58939360000005,-6.911403699999937],[110.58976,-6.91159],[110.59087,-6.91208],[110.59242,-6.91278],[110.59258980000004,-6.912859499999968],[110.59262610000007,-6.912876499999925],[110.59265050000005,-6.912846099999967],[110.59281110000006,-6.912879699999962],[110.59281040000008,-6.912881099999936],[110.59310120000004,-6.913065],[110.59357570000009,-6.913494],[110.59438710000006,-6.91389259999994],[110.59490940000006,-6.914141099999938],[110.59488,-6.9142],[110.59490860000005,-6.91421459999998],[110.59531,-6.91442],[110.59601,-6.91476],[110.59668,-6.91508],[110.59741,-6.91539],[110.59803,-6.91561],[110.59862,-6.91583],[110.5993,-6.91612],[110.59978810000007,-6.916322499999978],[110.59980760000008,-6.916330599999981],[110.59982250000007,-6.916336799999954],[110.60024,-6.91651],[110.6009,-6.91666],[110.60138,-6.91664],[110.60207,-6.91657],[110.60224580000005,-6.91658689999997],[110.60267970000007,-6.916817499999979],[110.60290740000005,-6.917057499999942],[110.602877,-6.917075799999964],[110.602895,-6.917098799999962],[110.603273,-6.917582299999935],[110.60352060000008,-6.918376499999965],[110.60354510000008,-6.918798299999935],[110.603669,-6.919096099999933],[110.60349470000006,-6.919716299999948],[110.60339480000005,-6.920410899999979],[110.60346870000006,-6.921080899999936],[110.60374140000005,-6.921552499999962],[110.60408880000006,-6.921900199999925],[110.60443630000009,-6.921974899999952],[110.60488310000005,-6.922074499999951],[110.60520580000008,-6.92217409999995],[110.60547890000004,-6.922248699999955],[110.60585110000005,-6.92249709999993],[110.60622330000007,-6.922770399999933],[110.60669470000005,-6.923192599999936],[110.607191,-6.923515499999951],[110.60796010000007,-6.924310099999957],[110.60830740000006,-6.924707399999932],[110.60843140000009,-6.924856399999953],[110.60843130000006,-6.925005299999953],[110.60843090000009,-6.925427099999979],[110.60843070000004,-6.925724799999955],[110.60848010000007,-6.926022599999953],[110.60870340000008,-6.926196399999981],[110.60907570000006,-6.926395199999945],[110.60934870000006,-6.926469899999972],[110.60979570000006,-6.926420599999972],[110.609913,-6.926284099999975],[110.60995,-6.92627],[110.61033,-6.92591],[110.610414,-6.925793599999963],[110.61046660000005,-6.92577609999995],[110.61058140000006,-6.925561499999958],[110.61077,-6.9253],[110.61109,-6.92495],[110.61156,-6.92461],[110.6123,-6.92426],[110.61274,-6.92411],[110.61302,-6.92415],[110.61316,-6.92431],[110.61322,-6.9245],[110.61319680000008,-6.92458019999998],[110.61311,-6.92488],[110.613,-6.92543],[110.61296,-6.92582],[110.612975,-6.925852799999973],[110.61304030000008,-6.925995199999932],[110.61307,-6.92606],[110.61318890000007,-6.926162499999975],[110.61325530000005,-6.926219799999956],[110.61325550000004,-6.926219899999978],[110.61325610000006,-6.926220399999977],[110.61325610000006,-6.926220499999943],[110.61336,-6.92631],[110.61368,-6.92644],[110.6141,-6.92652],[110.61467,-6.92655],[110.61494,-6.92655],[110.61514,-6.92664],[110.61531,-6.92674],[110.6156,-6.92709],[110.61584,-6.92747],[110.61625,-6.92813],[110.616432,-6.928462299999978],[110.61648,-6.92855],[110.6167,-6.92918],[110.61670250000009,-6.929207299999973],[110.61672,-6.9294],[110.61652,-6.93008],[110.61643,-6.93048],[110.6165,-6.93072],[110.61651570000004,-6.930732399999954],[110.61692,-6.93105],[110.61751,-6.93129],[110.61823,-6.93153],[110.61889,-6.93173],[110.61924,-6.93189],[110.61938830000008,-6.93201769999996],[110.6196,-6.9322],[110.61988,-6.93239],[110.62019,-6.93248],[110.62047,-6.93259],[110.62062610000004,-6.932737399999951],[110.62065,-6.93276],[110.62066290000007,-6.932801299999937],[110.6207,-6.93292],[110.62072,-6.93316],[110.62065,-6.93351],[110.62058,-6.93373],[110.62019,-6.93426],[110.61934,-6.93507],[110.61925,-6.93527],[110.61922,-6.93541],[110.61923,-6.93558],[110.6196,-6.93589],[110.61989,-6.93611],[110.62061,-6.93668],[110.6212,-6.93692],[110.62142,-6.93697],[110.6219,-6.93708],[110.6227,-6.93718],[110.62311,-6.93727],[110.62373,-6.93751],[110.62426,-6.93775],[110.6246,-6.93791],[110.62498,-6.93821],[110.62537,-6.93852],[110.62571,-6.93879],[110.62619,-6.93905],[110.62657,-6.93918],[110.62691,-6.93916],[110.62716,-6.9391],[110.62727710000007,-6.939003],[110.62751,-6.93881],[110.6279,-6.93842],[110.62815,-6.93815],[110.62832,-6.93787],[110.62836,-6.93772],[110.62844,-6.93748],[110.62851,-6.93704],[110.62855630000007,-6.936947499999974],[110.62856690000007,-6.936926099999937],[110.62897960000004,-6.937009899999964],[110.62925460000008,-6.936973099999932],[110.629609,-6.936825399999975],[110.63004280000007,-6.936598599999968],[110.63017510000009,-6.936493],[110.63024390000004,-6.936434899999938],[110.63024390000004,-6.936387399999944],[110.63020170000004,-6.936302799999964],[110.63013830000006,-6.936255199999948],[110.63002720000009,-6.936218099999962],[110.62996380000004,-6.936165199999948],[110.62999560000009,-6.936049],[110.630075,-6.935943399999928],[110.63007510000006,-6.935901099999967],[110.63001170000007,-6.93581649999993],[110.62995360000008,-6.935758299999975],[110.62986370000004,-6.935758199999952],[110.62979490000004,-6.935758199999952],[110.62949360000005,-6.935625799999968],[110.62939840000007,-6.935636299999942],[110.62915490000006,-6.935510199999953],[110.62915730000009,-6.935505399999954],[110.62941,-6.935],[110.62977,-6.9344],[110.62985070000008,-6.93423869999998],[110.63001,-6.93392],[110.63018,-6.93363],[110.63033,-6.93353],[110.63037030000004,-6.933518],[110.6308,-6.93339],[110.63144,-6.93316],[110.63145210000005,-6.933154699999932],[110.63219,-6.93283],[110.63296,-6.93247],[110.63302540000007,-6.932455899999979],[110.63333,-6.93239],[110.63377,-6.93237],[110.63437060000007,-6.932265099999938],[110.6344,-6.93226],[110.63505,-6.93211],[110.63518520000008,-6.932081399999959],[110.63576,-6.93196],[110.63656,-6.93184],[110.63722,-6.93174],[110.63747,-6.93175],[110.63775,-6.93183],[110.63794,-6.93195],[110.63827,-6.93231],[110.63834390000005,-6.932405699999947],[110.63837570000004,-6.932446699999957],[110.63861,-6.93275],[110.63885,-6.93295],[110.63932,-6.93326],[110.63977,-6.93371],[110.63987,-6.93434],[110.63988,-6.93488],[110.63976,-6.93545],[110.6396,-6.9359],[110.63941,-6.93622],[110.63924,-6.93639],[110.63892,-6.93657],[110.63852,-6.93667],[110.63794,-6.93671],[110.63706,-6.93658],[110.63665,-6.93643],[110.63612,-6.93631],[110.63585,-6.93632],[110.63556,-6.93636],[110.63548190000006,-6.936393799999962],[110.63539830000008,-6.936430099999939],[110.63526,-6.93649],[110.6349,-6.93672],[110.6346,-6.93706],[110.63429,-6.93767],[110.63401,-6.93855],[110.63386810000009,-6.938940099999968],[110.64115210000006,-6.942707499999926],[110.641017,-6.943335299999944],[110.64155530000005,-6.943784199999925],[110.64164470000009,-6.944277599999964],[110.64144240000007,-6.944681099999968],[110.63926740000005,-6.946456599999976],[110.63847820000007,-6.94710079999993],[110.63827620000006,-6.947167899999954],[110.63798450000007,-6.947145199999966],[110.63755820000006,-6.947032799999931],[110.63717660000009,-6.947054899999955],[110.63681760000009,-6.947009799999933],[110.63668280000007,-6.947144199999968],[110.63645830000007,-6.947323499999925],[110.63641320000005,-6.947592499999928],[110.63636810000008,-6.947839199999976],[110.63612110000008,-6.947973499999932],[110.63582930000007,-6.948130299999946],[110.63544760000008,-6.948309399999971],[110.63393620000005,-6.948591399999941],[110.63352850000007,-6.948815399999944],[110.63352,-6.94882],[110.63346120000006,-6.948846],[110.63309,-6.94901],[110.63225,-6.94933],[110.63171,-6.94953],[110.631,-6.9498],[110.63096,-6.94969],[110.63022,-6.94942],[110.62979,-6.94924],[110.62962,-6.94913],[110.62966,-6.94901],[110.62981,-6.94852],[110.62983,-6.94844],[110.62991,-6.94814],[110.62992020000007,-6.948109299999942],[110.62993150000005,-6.948075399999937],[110.63005,-6.94772],[110.63023,-6.94756],[110.63027,-6.94751],[110.63027,-6.94738],[110.6302,-6.9472],[110.62997,-6.94682],[110.62995,-6.94676],[110.62962,-6.94672],[110.62932950000004,-6.946745],[110.62904,-6.94677],[110.62872,-6.94691],[110.62832,-6.94714],[110.62779,-6.94748],[110.62764,-6.94772],[110.62738,-6.94813],[110.62743,-6.94827],[110.62748,-6.94848],[110.6274,-6.94856],[110.62721,-6.94876],[110.62715,-6.94897],[110.62706,-6.94909],[110.62702,-6.94916],[110.62691,-6.94933],[110.62683,-6.94941],[110.62631,-6.94882],[110.62598,-6.94844],[110.62559,-6.94806],[110.62505,-6.94764],[110.625,-6.9476],[110.62428,-6.94705],[110.62346,-6.94635],[110.62319,-6.94665],[110.62341,-6.94748],[110.6234,-6.94846],[110.62321,-6.94958],[110.62316,-6.95096],[110.62319,-6.95186],[110.62316,-6.95287],[110.62295,-6.95362],[110.62282,-6.95395],[110.62264,-6.95416],[110.6223,-6.95444],[110.62202,-6.95442],[110.62175,-6.95439],[110.62147,-6.95428],[110.62101,-6.95412],[110.62069,-6.95409],[110.62062,-6.95408],[110.62004,-6.95393],[110.61966,-6.95383],[110.61938,-6.95382],[110.61882,-6.95378],[110.61827,-6.95367],[110.61794,-6.95357],[110.61761,-6.95339],[110.61712,-6.95329],[110.61627,-6.9532],[110.61427,-6.953],[110.61340990000008,-6.953296299999977],[110.61337,-6.95331],[110.6133,-6.95329],[110.61194,-6.95284],[110.61115,-6.95258],[110.61033,-6.95235],[110.61013850000006,-6.952303599999937],[110.61,-6.95227],[110.60937,-6.95206],[110.60925,-6.95201],[110.60859,-6.95179],[110.60842110000004,-6.951694499999974],[110.60813,-6.95153],[110.60767,-6.95107],[110.6073,-6.9506],[110.60698,-6.95022],[110.60671,-6.95009],[110.60612,-6.95002],[110.60565,-6.95012],[110.60526,-6.9503],[110.60503,-6.9505],[110.60483,-6.95091],[110.60475,-6.95147],[110.60475,-6.95235],[110.60481,-6.95329],[110.60481,-6.953448799999933],[110.60481,-6.95367],[110.60488,-6.95466],[110.60493,-6.95529],[110.60506,-6.95602],[110.60524,-6.95657],[110.60561,-6.95731],[110.60574,-6.95767],[110.60581,-6.95804],[110.60585,-6.95875],[110.6059,-6.95919],[110.60603,-6.95969],[110.60625,-6.96028],[110.60634,-6.96061],[110.6064,-6.961],[110.60644,-6.96208],[110.60649,-6.96253],[110.60658,-6.96294],[110.60663,-6.96303],[110.6067,-6.96373],[110.60661,-6.96454],[110.60638,-6.96534],[110.60612,-6.96587],[110.60561,-6.96635],[110.60488,-6.96679],[110.60426,-6.96708],[110.60347,-6.96732],[110.60279,-6.96743],[110.60157,-6.96751],[110.60099,-6.96746],[110.60056,-6.96732],[110.59977,-6.96689],[110.59874,-6.96605],[110.59796,-6.96557],[110.59736,-6.96524],[110.59673,-6.96502],[110.59596,-6.96474],[110.59535,-6.96454],[110.59508,-6.96444],[110.59473,-6.9643],[110.59402,-6.96418],[110.59232,-6.9641],[110.59166,-6.96406],[110.59104,-6.96399],[110.59027,-6.96377],[110.58944,-6.96349],[110.58828,-6.96303],[110.58751,-6.9627],[110.58702,-6.96244],[110.58666,-6.96226],[110.58606,-6.96195],[110.58549,-6.96173],[110.58525,-6.96162],[110.58479,-6.96156],[110.58446,-6.96162],[110.58426,-6.96169],[110.58388,-6.96196],[110.58349,-6.9624],[110.58301,-6.96309],[110.58259,-6.96379],[110.58226,-6.96458],[110.58194,-6.96522],[110.5817,-6.96541],[110.58108,-6.96558],[110.58059,-6.96558],[110.58005,-6.96543],[110.57973480000004,-6.965234899999928],[110.57935710000004,-6.965347699999938],[110.57886610000008,-6.965460499999949],[110.57814850000005,-6.965610699999957],[110.57705350000003,-6.965609799999982],[110.576336,-6.965609099999938],[110.57567530000006,-6.965438699999936],[110.57524120000005,-6.965268599999945],[110.57442980000008,-6.964796199999967],[110.57397690000005,-6.964512799999966],[110.57344850000004,-6.964323699999966],[110.57317920000008,-6.964164799999935],[110.57244470000006,-6.963589399999933],[110.57265540000009,-6.963207599999976],[110.56974250000007,-6.961939],[110.56979690000009,-6.961641799999938],[110.56720440000004,-6.960440699999936],[110.56687,-6.96032],[110.56571,-6.95986],[110.56427,-6.95909],[110.56349,-6.95866],[110.56264,-6.958],[110.56168,-6.95716],[110.56123,-6.95808],[110.56099,-6.95878],[110.5609,-6.95915],[110.56068,-6.96022],[110.56059170000009,-6.960495599999945],[110.56031130000008,-6.96042529999994],[110.560314,-6.960414899999932],[110.56026760000009,-6.960410799999977],[110.56068660000005,-6.958803699999976],[110.56074330000007,-6.958586],[110.55867980000005,-6.958035799999948],[110.55852090000008,-6.956990099999928],[110.55822030000007,-6.95544289999998],[110.55817170000006,-6.955129699999929],[110.55805950000007,-6.954405599999973],[110.55802640000007,-6.954192199999966],[110.55802660000006,-6.954192199999966],[110.55801840000004,-6.954139],[110.55801870000005,-6.954138899999975],[110.55795680000006,-6.953699099999938],[110.55795530000006,-6.953699599999936],[110.55777010000008,-6.952348499999971],[110.55776670000006,-6.952282],[110.55775610000006,-6.951773399999979],[110.55773490000007,-6.951650899999947],[110.55769590000006,-6.950876899999969],[110.55835860000008,-6.948778299999958],[110.55835880000006,-6.948569899999939],[110.55841780000009,-6.948024099999941],[110.55848310000005,-6.94783979999994],[110.55911610000004,-6.948148099999969],[110.55911960000009,-6.948125799999957],[110.56026490000005,-6.948661799999968],[110.56102120000008,-6.947185799999943],[110.55998270000003,-6.946756599999958],[110.56044970000005,-6.945959599999981],[110.56064380000004,-6.945959799999969],[110.56095590000007,-6.945979499999964],[110.56182580000007,-6.946276],[110.56249,-6.94594],[110.56281,-6.94555],[110.56292,-6.94527],[110.56302,-6.94477],[110.56313,-6.94369],[110.56318,-6.94284],[110.56321,-6.94218],[110.56317,-6.94165],[110.56301,-6.94096],[110.56271,-6.94058],[110.56249,-6.9404],[110.56194,-6.94065],[110.56094,-6.94103],[110.56076,-6.94122],[110.56016,-6.94179],[110.55966,-6.94228],[110.55922,-6.94267],[110.55839,-6.94325],[110.55797,-6.94348],[110.55754670000005,-6.943718499999932],[110.55726,-6.94388],[110.55632,-6.94437],[110.55546,-6.94466],[110.55525,-6.94476],[110.5545,-6.94513],[110.55420110000006,-6.945258099999933],[110.55401,-6.94534],[110.5535,-6.94551],[110.55305,-6.94552],[110.55278,-6.94553],[110.55237,-6.94569],[110.55184,-6.94597],[110.55102,-6.94665],[110.55096840000004,-6.946437399999979],[110.55096510000004,-6.946423799999934],[110.55069,-6.94529],[110.55036,-6.94379],[110.55003,-6.94238],[110.5499,-6.94184],[110.54958,-6.93983],[110.54926,-6.9376],[110.54898,-6.93629],[110.54879,-6.93541],[110.54867,-6.93487],[110.54853,-6.93427],[110.54846,-6.93392],[110.54827,-6.93289],[110.54826,-6.9328],[110.54812,-6.93177],[110.54732,-6.93146],[110.54668,-6.93115],[110.54617,-6.93079],[110.54584,-6.93033],[110.54558,-6.92977],[110.54551,-6.92955],[110.54549,-6.92943],[110.54521,-6.92782],[110.54505910000006,-6.926862799999981],[110.54486,-6.9256],[110.54462,-6.9244],[110.54448,-6.92336],[110.54429,-6.92198],[110.54396,-6.91988],[110.54371,-6.9177],[110.5434,-6.91555],[110.54307,-6.91337],[110.5429,-6.91204],[110.5434,-6.91166],[110.54386,-6.9112],[110.54432,-6.9108],[110.54489,-6.91038],[110.54552,-6.91],[110.54552880000006,-6.909996199999966],[110.54561360000008,-6.909959],[110.54632,-6.90965],[110.54737,-6.90919],[110.54824,-6.90881],[110.5487,-6.90865],[110.54921,-6.90858],[110.5498,-6.90858],[110.55023,-6.90862],[110.55077,-6.90876],[110.55144,-6.90904],[110.55194,-6.90934],[110.55322,-6.91017],[110.55336670000008,-6.9102],[110.553464,-6.910219899999959],[110.55393780000009,-6.910316799999976],[110.55399640000007,-6.910328799999945],[110.5541,-6.91035],[110.55492,-6.91035],[110.55626,-6.90998],[110.55756,-6.90943],[110.55803,-6.90918]]]]}},{"type":"Feature","properties":{"district":"Bonang"},"geometry":{"type":"MultiPolygon","coordinates":[[[[110.60056,-6.80853],[110.60061,-6.80861],[110.60072,-6.80885],[110.601,-6.80948],[110.60126,-6.80997],[110.60152,-6.81029],[110.60204,-6.81089],[110.60261,-6.8116],[110.60323,-6.81244],[110.60363,-6.81303],[110.60426,-6.81394],[110.60458,-6.81464],[110.60486,-6.81491],[110.60527,-6.81531],[110.60549,-6.81561],[110.60560740000005,-6.81578369999994],[110.60580380000005,-6.816074199999946],[110.60622,-6.81669],[110.60692,-6.81763],[110.60777,-6.81863],[110.60783,-6.81871],[110.60786,-6.81876],[110.60818,-6.81924],[110.60857,-6.81951],[110.60885,-6.81974],[110.60903,-6.81985],[110.61007,-6.82041],[110.61093,-6.82106],[110.61119,-6.82134],[110.61085,-6.82308],[110.61025,-6.82433],[110.60952,-6.82596],[110.60919920000003,-6.827365799999939],[110.60918,-6.82745],[110.60917970000008,-6.827457399999957],[110.60913,-6.82867],[110.60941,-6.82985],[110.6098,-6.83059],[110.61052,-6.83096],[110.6112,-6.83133],[110.61165,-6.83053],[110.61182740000004,-6.830219599999964],[110.61244690000007,-6.83041819999994],[110.61320340000009,-6.829431099999965],[110.615121,-6.83042039999998],[110.61459730000007,-6.831117199999937],[110.61580210000005,-6.831817699999931],[110.61639860000008,-6.832164599999942],[110.61604940000007,-6.832687199999953],[110.61786360000008,-6.833595699999933],[110.61787540000006,-6.833601599999952],[110.61814480000004,-6.833736499999929],[110.618955,-6.834142199999974],[110.61893290000006,-6.834176199999945],[110.61836250000005,-6.835055799999964],[110.6187,-6.83522],[110.61923,-6.83546],[110.62058,-6.83611],[110.62091,-6.83487],[110.62174,-6.83261],[110.62204,-6.83165],[110.62234,-6.83089],[110.62238,-6.83064],[110.62243870000009,-6.830501099999935],[110.622623,-6.830065199999979],[110.6229,-6.82941],[110.62315,-6.82855],[110.62362,-6.82749],[110.62444,-6.82578],[110.625,-6.82452],[110.62513,-6.82388],[110.62529,-6.82343],[110.6255,-6.82299],[110.62573,-6.82254],[110.62589,-6.82221],[110.62614,-6.82169],[110.62644,-6.82161],[110.62693,-6.82162],[110.62717,-6.82168],[110.62759,-6.82184],[110.62802,-6.82212],[110.62842,-6.82235],[110.62862,-6.82243],[110.62878,-6.82248],[110.62902,-6.82253],[110.62944,-6.82258],[110.62950190000004,-6.822586899999976],[110.6298,-6.82262],[110.63018,-6.8226],[110.63079,-6.82252],[110.6316,-6.82225],[110.63252,-6.82191],[110.63274,-6.82183],[110.63323,-6.82161],[110.63389,-6.82136],[110.63448,-6.82121],[110.63486,-6.82117],[110.63521,-6.82118],[110.63576,-6.82133],[110.63627,-6.82166],[110.63634130000008,-6.821719899999948],[110.63671,-6.82203],[110.63716,-6.82248],[110.63728290000006,-6.822602899999936],[110.63762,-6.82294],[110.63766940000005,-6.82300209999994],[110.63805,-6.82348],[110.63853,-6.82402],[110.63892,-6.82447],[110.6394,-6.82489],[110.63989,-6.82534],[110.6406,-6.82588],[110.64123,-6.82627],[110.64203,-6.82685],[110.64258,-6.82726],[110.64313,-6.8277],[110.64357,-6.82803],[110.64396,-6.82829],[110.64429,-6.82845],[110.6446,-6.82852],[110.64487,-6.82846],[110.64518,-6.8283],[110.64564,-6.82803],[110.64612,-6.8276],[110.6466,-6.82707],[110.64691,-6.8266],[110.64721,-6.82624],[110.64746,-6.82607],[110.64773,-6.82595],[110.64774320000004,-6.825949699999967],[110.64779240000007,-6.825948499999981],[110.64787850000005,-6.82594649999993],[110.64815,-6.82594],[110.64843,-6.82604],[110.64884,-6.82637],[110.64924,-6.82678],[110.64965,-6.82714],[110.65016,-6.82757],[110.65093,-6.82811],[110.65176,-6.82872],[110.65244,-6.82916],[110.65336,-6.82975],[110.65427,-6.83034],[110.65446,-6.83046],[110.65495,-6.8307],[110.65588,-6.83115],[110.65679,-6.83159],[110.65752,-6.832],[110.65825,-6.83237],[110.65906,-6.83272],[110.65967,-6.83293],[110.66046,-6.83322],[110.66102,-6.83348],[110.66164,-6.83386],[110.66217280000006,-6.83421519999996],[110.662208,-6.834238699999958],[110.6623,-6.8343],[110.66278,-6.83458],[110.66316510000007,-6.834776599999941],[110.66325,-6.83482],[110.66403,-6.83514],[110.66475,-6.8354],[110.66519,-6.8355],[110.66502,-6.8361],[110.66478,-6.83691],[110.66464,-6.83752],[110.66451,-6.83821],[110.66446,-6.83882],[110.66436,-6.83931],[110.66415,-6.83987],[110.66386,-6.84061],[110.6636,-6.84119],[110.66338,-6.84187],[110.66309,-6.8424],[110.66275,-6.84284],[110.66231,-6.8434],[110.66219,-6.84365],[110.66191,-6.84427],[110.6617,-6.84479],[110.66169,-6.8449],[110.66061,-6.84438],[110.66023650000005,-6.844742499999938],[110.65993,-6.84504],[110.65975,-6.84528],[110.65969,-6.84544],[110.65945,-6.84565],[110.65897,-6.84592],[110.65857,-6.84618],[110.65802,-6.84645],[110.65730470000005,-6.846832099999972],[110.65729,-6.84684],[110.6568,-6.84716],[110.65655,-6.84733],[110.65637390000006,-6.847510899999975],[110.65618,-6.84771],[110.65604,-6.84785],[110.65579,-6.84819],[110.65561,-6.84865],[110.65550170000006,-6.849053599999934],[110.6555,-6.84906],[110.655486,-6.849149399999931],[110.65726380000007,-6.850447],[110.65610310000005,-6.852044799999931],[110.65522240000007,-6.853442899999948],[110.65462170000006,-6.854681399999947],[110.65338110000005,-6.856079299999976],[110.65278030000007,-6.857477599999982],[110.65237930000006,-6.859035899999981],[110.65237840000009,-6.860274799999956],[110.65217710000007,-6.862113],[110.65265550000004,-6.864111599999944],[110.65273460000009,-6.86531059999993],[110.65273420000005,-6.86595],[110.652058,-6.865466599999934],[110.65205920000005,-6.865511599999934],[110.65206,-6.86554],[110.65168,-6.86556],[110.65075,-6.86542],[110.64976,-6.86505],[110.64839,-6.86436],[110.64753,-6.8639],[110.64663,-6.86337],[110.64547,-6.86256],[110.64468,-6.86215],[110.64416,-6.86207],[110.64358,-6.86209],[110.64303,-6.86228],[110.64289,-6.86296],[110.64273,-6.86381],[110.64264,-6.8644],[110.64232,-6.86623],[110.64167,-6.8661],[110.64095,-6.86598],[110.63963,-6.86577],[110.63869,-6.86573],[110.6379,-6.86574],[110.63665,-6.8659],[110.63557,-6.86629],[110.63466,-6.86676],[110.63449390000005,-6.866835099999946],[110.63393,-6.86709],[110.63362,-6.86723],[110.63311,-6.86753],[110.63214,-6.86804],[110.63133,-6.8684],[110.63097,-6.86853],[110.63069,-6.86863],[110.62985,-6.86883],[110.6291,-6.86899],[110.6285,-6.86901],[110.6279,-6.86878],[110.62723,-6.86813],[110.62643,-6.86733],[110.62592,-6.86682],[110.62541,-6.86636],[110.625,-6.86561],[110.62475,-6.8655],[110.62428,-6.86548],[110.62422,-6.86548],[110.62374,-6.86565],[110.62321,-6.86595],[110.62282,-6.86605],[110.6219,-6.8658],[110.62112,-6.86537],[110.62067,-6.86503],[110.62039,-6.86464],[110.62033,-6.8641],[110.62045,-6.86249],[110.62054030000007,-6.861468899999977],[110.62058,-6.86102],[110.62032,-6.86021],[110.6194,-6.85907],[110.61902960000003,-6.858706699999971],[110.61835,-6.85804],[110.61733,-6.85712],[110.61626,-6.85604],[110.61581,-6.85533],[110.61578,-6.85475],[110.6159,-6.85448],[110.61607,-6.85409],[110.61634,-6.85371],[110.61659,-6.85345],[110.61678,-6.85323],[110.61687,-6.85303],[110.61716,-6.85222],[110.61737,-6.85193],[110.61747,-6.8519],[110.61758040000007,-6.851313499999947],[110.617661,-6.85088589999998],[110.61776,-6.85036],[110.61772,-6.84954],[110.61748,-6.84827],[110.61696,-6.84737],[110.616299,-6.846752099999946],[110.61604,-6.84651],[110.615901,-6.846439799999928],[110.61503,-6.846],[110.61391,-6.84578],[110.61337690000005,-6.845904899999937],[110.61327,-6.84593],[110.61253,-6.84699],[110.6123,-6.84731],[110.61184,-6.84811],[110.61152,-6.84874],[110.6107,-6.85045],[110.61027,-6.85107],[110.60991,-6.85155],[110.60933,-6.85247],[110.60895,-6.853],[110.6083,-6.8541],[110.60791,-6.85475],[110.60785,-6.8551],[110.60787,-6.85568],[110.608,-6.85706],[110.60791,-6.8579],[110.60768,-6.85863],[110.6071,-6.85981],[110.60658,-6.86082],[110.60596,-6.86188],[110.6059,-6.86252],[110.60602,-6.86261],[110.60649,-6.86284],[110.6068,-6.86291],[110.60706,-6.86292],[110.60732,-6.86292],[110.60774,-6.86287],[110.60796,-6.86276],[110.60814,-6.86258],[110.60858,-6.86208],[110.60875,-6.86201],[110.60919,-6.86193],[110.60987,-6.86192],[110.61,-6.86201],[110.61004,-6.86206],[110.61011,-6.86218],[110.61022,-6.86247],[110.6104,-6.86319],[110.61032,-6.86326],[110.61031,-6.86333],[110.61026,-6.86363],[110.61033,-6.86372],[110.61038,-6.86404],[110.61039,-6.86421],[110.61031,-6.86453],[110.61024,-6.86476],[110.6102,-6.86491],[110.61007,-6.86534],[110.61,-6.8656],[110.60995,-6.86578],[110.61025,-6.86581],[110.61029,-6.86592],[110.61043,-6.86611],[110.6111,-6.86686],[110.61151,-6.86754],[110.61158,-6.86768],[110.61191,-6.86838],[110.61204,-6.8687],[110.61211,-6.86899],[110.61219,-6.86931],[110.61219,-6.86963],[110.61223,-6.87012],[110.61231,-6.87048],[110.61248,-6.87088],[110.61296,-6.87184],[110.61309,-6.87208],[110.61319,-6.87248],[110.61323,-6.87302],[110.61313,-6.87368],[110.61298,-6.87426],[110.61281,-6.875],[110.61268,-6.87533],[110.61227,-6.87592],[110.61149,-6.87646],[110.61084,-6.8767],[110.60983,-6.87686],[110.60869,-6.87684],[110.60752,-6.87685],[110.60668,-6.87698],[110.60601,-6.87726],[110.60576,-6.87744],[110.60559,-6.87777],[110.60557,-6.87812],[110.60559,-6.87841],[110.60579,-6.87895],[110.60598,-6.87924],[110.60610320000006,-6.879343899999981],[110.60625580000004,-6.879472399999941],[110.60687,-6.87999],[110.60731,-6.88035],[110.60755,-6.88062],[110.60778,-6.88099],[110.60782,-6.88137],[110.60764,-6.88174],[110.60728,-6.88208],[110.60667,-6.88223],[110.60617,-6.88223],[110.60542,-6.88215],[110.60461,-6.882],[110.60369,-6.88175],[110.60325,-6.88174],[110.60288310000004,-6.881859599999927],[110.60279,-6.88189],[110.60276890000006,-6.881961399999966],[110.6025,-6.88287],[110.60223,-6.88377],[110.60172,-6.88565],[110.60149,-6.8865],[110.60074,-6.88655],[110.60064950000009,-6.886532899999963],[110.59947,-6.88631],[110.5987,-6.88618],[110.598,-6.88607],[110.59736,-6.88611],[110.59704,-6.88622],[110.59684,-6.88642],[110.59667,-6.8867],[110.59644,-6.88758],[110.59627,-6.88822],[110.596024,-6.88931649999995],[110.59592,-6.88978],[110.59591940000007,-6.889782599999933],[110.59602130000007,-6.889798799999937],[110.59704150000005,-6.889844],[110.59948130000004,-6.890321899999947],[110.59958430000006,-6.890367699999956],[110.59968240000006,-6.890361299999938],[110.60019450000004,-6.890327599999978],[110.60020680000008,-6.890464],[110.60027510000003,-6.891222],[110.60023420000005,-6.891547199999934],[110.59844460000005,-6.891057899999964],[110.59775310000003,-6.891016699999966],[110.59787440000008,-6.891870499999925],[110.59815860000003,-6.892561899999976],[110.59766920000004,-6.894025],[110.59733670000008,-6.89520269999997],[110.59815520000006,-6.896667899999954],[110.598327,-6.897505599999931],[110.59804,-6.89787],[110.59797,-6.8981],[110.59799,-6.89885],[110.59792,-6.89947],[110.5978,-6.90003],[110.59778540000008,-6.900060499999938],[110.59715780000005,-6.899927899999966],[110.59656220000005,-6.899808299999961],[110.59560920000007,-6.89952969999996],[110.59525170000006,-6.899648499999955],[110.59525140000005,-6.899966],[110.59493350000008,-6.900243499999931],[110.59473480000008,-6.900402099999951],[110.59529070000008,-6.900521699999956],[110.59584650000005,-6.900720599999943],[110.59616390000008,-6.901157499999954],[110.59620330000007,-6.901554399999952],[110.59568650000006,-6.902069899999958],[110.59528930000005,-6.90210929999995],[110.59493180000004,-6.902188299999978],[110.594693,-6.902823199999943],[110.59578440000007,-6.90333069999997],[110.59545,-6.90379],[110.59489220000006,-6.904576399999939],[110.59484,-6.90465],[110.59376,-6.90606],[110.59351880000008,-6.906375699999955],[110.592909,-6.905765199999962],[110.59205930000007,-6.905339699999956],[110.59136850000004,-6.90544529999994],[110.59189950000007,-6.905817499999955],[110.59157970000007,-6.906932099999949],[110.59104760000008,-6.907887399999936],[110.59099360000005,-6.908896099999936],[110.59056780000009,-6.909798299999977],[110.59014240000005,-6.910222699999963],[110.59018520000006,-6.911004499999933],[110.58976,-6.91159],[110.58939360000005,-6.911403699999937],[110.58917,-6.91129],[110.58869460000005,-6.911058799999978],[110.58808,-6.91076],[110.58693,-6.91017],[110.5859,-6.90959],[110.58518,-6.90896],[110.5846,-6.90852],[110.5834,-6.90758],[110.58247,-6.90698],[110.58142,-6.90635],[110.58034,-6.90564],[110.57933,-6.90481],[110.57843,-6.90422],[110.57758,-6.90369],[110.57678,-6.90323],[110.57621,-6.90294],[110.57562,-6.90253],[110.57505,-6.90202],[110.57454,-6.90142],[110.5741,-6.90099],[110.57367,-6.90037],[110.57298,-6.89938],[110.57212,-6.89839],[110.57123,-6.89721],[110.5705,-6.89637],[110.57016,-6.89595],[110.56955,-6.89523],[110.56845,-6.89391],[110.56742,-6.89274],[110.56643060000005,-6.891564499999959],[110.56641,-6.89154],[110.56575,-6.89079],[110.56544,-6.89035],[110.56518,-6.88984],[110.56505,-6.8894],[110.56494,-6.8887],[110.5648,-6.88775],[110.56469,-6.88718],[110.5644,-6.88642],[110.56372,-6.88439],[110.56322,-6.88303],[110.56274,-6.88169],[110.56227,-6.88032],[110.56192,-6.87944],[110.56179,-6.87918],[110.5617,-6.87854],[110.56119,-6.87707],[110.56086,-6.8761],[110.56048,-6.875],[110.55974,-6.87281],[110.55901,-6.8709],[110.55856,-6.86967],[110.55839,-6.86932],[110.55812,-6.86875],[110.55757,-6.86799],[110.5569,-6.86709],[110.55638,-6.86602],[110.55565,-6.86464],[110.55486,-6.86318],[110.55382,-6.86133],[110.55307,-6.86],[110.55227,-6.85858],[110.55128,-6.85671],[110.55021,-6.85482],[110.54995840000004,-6.854374899999925],[110.54943,-6.85344],[110.54883,-6.8525],[110.54879,-6.85244],[110.54786,-6.85088],[110.547,-6.84951],[110.54636,-6.84848],[110.54593,-6.84786],[110.54569,-6.84751],[110.54494,-6.84663],[110.54393,-6.8456],[110.54301,-6.84461],[110.54219,-6.84364],[110.54131,-6.8428],[110.54021,-6.84188],[110.53873,-6.84057],[110.5375,-6.83954],[110.5365,-6.83887],[110.53568,-6.83849],[110.53518,-6.83834],[110.53409,-6.8384],[110.53344,-6.83847],[110.53308,-6.83845],[110.53181,-6.83823],[110.53035,-6.83779],[110.52926,-6.8377],[110.52754,-6.83736],[110.52599,-6.83665],[110.52443,-6.83566],[110.52337,-6.83495],[110.52209,-6.83424],[110.5223,-6.83398],[110.5224,-6.83389],[110.52248,-6.83384],[110.52274,-6.83374],[110.52318,-6.83369],[110.52362,-6.83374],[110.52437,-6.83393],[110.52467,-6.83399],[110.52676,-6.8336],[110.52733,-6.83345],[110.52762,-6.83331],[110.52839,-6.83295],[110.52888,-6.83272],[110.52937,-6.83253],[110.52991,-6.83222],[110.53009,-6.83212],[110.53033,-6.83201],[110.53085,-6.83176],[110.53168,-6.83112],[110.53226,-6.83057],[110.53338,-6.8296],[110.53362,-6.82937],[110.53374,-6.82912],[110.53383,-6.82895],[110.53423,-6.82846],[110.53468,-6.82805],[110.53507,-6.82779],[110.53534,-6.82766],[110.53554,-6.82762],[110.53595,-6.82776],[110.53611,-6.82782],[110.53618220000004,-6.827772899999957],[110.53552730000007,-6.826756599999953],[110.54016720000004,-6.821938199999977],[110.54079,-6.82262],[110.54147,-6.82176],[110.54182,-6.82131],[110.54232,-6.82079],[110.54337,-6.82002],[110.54359,-6.8199],[110.54381,-6.81986],[110.54398,-6.81989],[110.54408,-6.81997],[110.54426,-6.82039],[110.54443,-6.82072],[110.54448,-6.82079],[110.54534250000006,-6.818428499999925],[110.54742460000006,-6.813491099999965],[110.54995850000006,-6.810420799999974],[110.55220970000005,-6.808740299999954],[110.55277840000008,-6.808315799999946],[110.55337320000007,-6.808256299999925],[110.55367070000005,-6.807185499999946],[110.55450350000007,-6.806174299999952],[110.55616910000003,-6.805282],[110.55902,-6.80475],[110.55927,-6.8046],[110.55964,-6.80429],[110.55999,-6.80393],[110.56013,-6.80368],[110.5602,-6.80341],[110.56020930000005,-6.802955199999928],[110.56021,-6.80292],[110.55801320000006,-6.802724],[110.55718040000005,-6.802307599999949],[110.55878650000005,-6.798143599999946],[110.56128490000009,-6.793979499999978],[110.56215270000007,-6.794474699999967],[110.56253,-6.79469],[110.56332,-6.79512],[110.56397,-6.79549],[110.56438,-6.79573],[110.56507,-6.79631],[110.56571,-6.79697],[110.56612,-6.79716],[110.56738,-6.79731],[110.56775,-6.79735],[110.56805,-6.79742],[110.56839,-6.79772],[110.56885,-6.79817],[110.5691,-6.7983],[110.56943,-6.79837],[110.56996470000007,-6.798338499999943],[110.57028,-6.79832],[110.57069,-6.79832],[110.57106,-6.79843],[110.57162,-6.7989],[110.572,-6.79914],[110.57226,-6.79916],[110.57267,-6.79907],[110.57329,-6.79885],[110.57355,-6.79885],[110.57417,-6.79916],[110.57456,-6.79939],[110.57522,-6.79954],[110.57568,-6.79971],[110.57593,-6.79993],[110.57621,-6.80079],[110.57639,-6.80098],[110.57654,-6.80105],[110.57688,-6.80105],[110.57785,-6.80094],[110.57836,-6.80096],[110.57913,-6.8013],[110.5798,-6.8018],[110.58057,-6.80223],[110.58135,-6.80268],[110.5821,-6.80311],[110.58307,-6.80366],[110.58392,-6.80418],[110.58423,-6.80442],[110.5845,-6.80486],[110.58485,-6.80545],[110.58496,-6.80589],[110.58503,-6.80581],[110.58512,-6.80579],[110.58535,-6.80578],[110.58569,-6.80581],[110.58589,-6.80591],[110.58622,-6.80615],[110.58665,-6.80657],[110.58767,-6.80776],[110.58792,-6.80797],[110.5884,-6.80819],[110.58854,-6.80817],[110.58885,-6.80807],[110.58954,-6.80786],[110.59008,-6.80768],[110.59042,-6.80747],[110.59057,-6.80729],[110.59089,-6.80681],[110.59098,-6.80664],[110.59109,-6.80646],[110.5913,-6.80631],[110.59171,-6.80611],[110.59181,-6.8061],[110.59191,-6.80611],[110.59197460000007,-6.80612519999994],[110.59225,-6.80619],[110.59265,-6.80633],[110.59286,-6.80649],[110.59317,-6.80679],[110.59331,-6.80685],[110.59361,-6.80687],[110.5939,-6.80681],[110.59418,-6.80673],[110.59463,-6.80662],[110.59556,-6.80636],[110.59598,-6.80642],[110.59621,-6.80652],[110.59662,-6.8068],[110.59692,-6.80698],[110.59709560000005,-6.807034499999929],[110.59721,-6.80707],[110.59739,-6.80704],[110.59817,-6.80686],[110.59838,-6.80687],[110.59862,-6.80695],[110.59894,-6.80713],[110.59919,-6.80737],[110.59928,-6.80756],[110.59955,-6.80844],[110.59968,-6.80862],[110.59979,-6.80868],[110.59985,-6.80874],[110.59993,-6.80873],[110.60025,-6.80865],[110.60056,-6.80853]]]]}},{"type":"Feature","properties":{"district":"Wonosalam"},"geometry":{"type":"MultiPolygon","coordinates":[[[[110.65207470000007,-6.912336799999935],[110.65204,-6.91219],[110.65179,-6.91118],[110.65174,-6.91084],[110.65164,-6.91031],[110.65158,-6.90996],[110.65154,-6.90953],[110.6515,-6.90903],[110.65145,-6.90845],[110.65141,-6.90799],[110.65138,-6.9078],[110.65134090000004,-6.907760899999971],[110.65022,-6.90664],[110.64997,-6.90647],[110.64975,-6.90643],[110.64938,-6.90647],[110.64887,-6.90652],[110.64866,-6.90644],[110.64849,-6.9063],[110.64838,-6.90613],[110.64821,-6.90552],[110.64817,-6.90523],[110.64825,-6.90494],[110.64828,-6.90471],[110.64824,-6.9042],[110.6484,-6.90391],[110.64896,-6.90303],[110.64901,-6.90292],[110.6492,-6.90256],[110.64965,-6.90196],[110.6498,-6.90171],[110.64985,-6.9016],[110.6498,-6.90157],[110.64957,-6.90145],[110.64986,-6.90093],[110.64901,-6.90037],[110.64878,-6.90011],[110.649131,-6.899651],[110.6493,-6.89943],[110.64934,-6.89933],[110.64956,-6.89913],[110.64948,-6.89873],[110.64897,-6.89851],[110.64949,-6.89794],[110.649503,-6.897884599999941],[110.64968,-6.89713],[110.64946,-6.89702],[110.64945870000008,-6.897016899999926],[110.6493,-6.89664],[110.64834,-6.89541],[110.64819,-6.89519],[110.64806,-6.89478],[110.64794510000007,-6.894260599999939],[110.64786350000008,-6.893891699999926],[110.64720110000007,-6.89388189999994],[110.64656460000003,-6.893835399999944],[110.64631390000005,-6.893692],[110.64618380000007,-6.893529199999932],[110.64618390000004,-6.893399099999954],[110.64637940000006,-6.89313889999994],[110.64683550000007,-6.892781299999967],[110.64738320000004,-6.892394299999978],[110.64735,-6.89228],[110.64739,-6.89224],[110.64746,-6.89215],[110.64755,-6.89203],[110.64835,-6.89126],[110.64841280000007,-6.891213199999981],[110.648487,-6.891157799999974],[110.64885510000005,-6.891611399999931],[110.64898490000007,-6.892294799999945],[110.64885420000007,-6.892880399999967],[110.64891880000005,-6.893661399999928],[110.64956930000005,-6.894605499999955],[110.65038290000007,-6.895159299999932],[110.65129480000007,-6.894802],[110.65139270000009,-6.894476699999927],[110.65123070000004,-6.893435299999965],[110.65044940000007,-6.893174399999964],[110.64983110000009,-6.89278349999995],[110.64927780000005,-6.892425199999934],[110.64927810000006,-6.892002199999979],[110.64921340000006,-6.891481499999941],[110.64886960000007,-6.890872499999944],[110.64891970000008,-6.89083519999997],[110.64894,-6.89082],[110.64954,-6.89048],[110.65025,-6.89021],[110.65098,-6.89005],[110.65192,-6.89],[110.6527,-6.8901],[110.65346,-6.89028],[110.65467,-6.89076],[110.65497,-6.89081],[110.65524,-6.89071],[110.65546,-6.89048],[110.6556,-6.8902],[110.65567,-6.88974],[110.65585,-6.88873],[110.65544,-6.88821],[110.65483,-6.88751],[110.65461,-6.88725],[110.65432,-6.88686],[110.65408,-6.88664],[110.65397,-6.88654],[110.65369,-6.8863],[110.65365,-6.88625],[110.65413,-6.88616],[110.65449,-6.88608],[110.65632,-6.88567],[110.65699,-6.88551],[110.65713,-6.88545],[110.6578,-6.88531],[110.6586,-6.8851],[110.65868,-6.88508],[110.65922,-6.88497],[110.65985,-6.88484],[110.6606,-6.88464],[110.66196,-6.88434],[110.66267,-6.88418],[110.66297,-6.88396],[110.66368,-6.88339],[110.66397,-6.88288],[110.66404,-6.88231],[110.66398,-6.88176],[110.66392,-6.88105],[110.66395,-6.88085],[110.66414,-6.88056],[110.6645,-6.88003],[110.66546,-6.87873],[110.66669,-6.87712],[110.66714,-6.87649],[110.66748,-6.87615],[110.6679,-6.87599],[110.66835,-6.87608],[110.66871,-6.87635],[110.66921,-6.87712],[110.66942,-6.87771],[110.6697,-6.87851],[110.67019,-6.88055],[110.67072280000008,-6.882227299999954],[110.67073,-6.88225],[110.671745,-6.882027199999925],[110.67163940000006,-6.882735899999943],[110.67198670000005,-6.882736199999954],[110.67141050000004,-6.883919699999979],[110.67141120000008,-6.88392129999994],[110.67147210000007,-6.88406539999994],[110.67155,-6.88425],[110.67223,-6.8852],[110.67289,-6.8857],[110.67362820000005,-6.885990799999945],[110.67388,-6.88609],[110.674232,-6.88623739999997],[110.67505,-6.88658],[110.67589,-6.88708],[110.6765,-6.88769],[110.67712,-6.88858],[110.6776,-6.8894],[110.67819,-6.89028],[110.67881,-6.89126],[110.67932170000006,-6.892181],[110.67936,-6.89225],[110.6797,-6.89267],[110.68007,-6.89303],[110.68025,-6.89317],[110.68043,-6.89321],[110.68066580000004,-6.893225499999971],[110.68134,-6.89327],[110.68153,-6.89336],[110.6816,-6.8934],[110.68207,-6.89363],[110.68241,-6.89367],[110.68284,-6.89365],[110.683,-6.89365],[110.68336,-6.89356],[110.68386,-6.8934],[110.68394,-6.89326],[110.68389,-6.893],[110.68381,-6.89266],[110.68365,-6.8924],[110.68342,-6.89202],[110.68357,-6.892],[110.68372,-6.89197],[110.6838,-6.89186],[110.68394,-6.89153],[110.68451,-6.88961],[110.68487,-6.88824],[110.68521,-6.88715],[110.68529,-6.88688],[110.68557,-6.88593],[110.68575,-6.88529],[110.68575960000004,-6.885174799999959],[110.68576,-6.88517],[110.68628,-6.88373],[110.68666180000008,-6.882633699999928],[110.68667,-6.88261],[110.68668170000007,-6.882572899999957],[110.68568710000005,-6.882640199999969],[110.686257,-6.880193199999951],[110.68578360000004,-6.880044099999964],[110.68609580000009,-6.878502799999978],[110.68729,-6.878154099999961],[110.68729,-6.878101299999969],[110.68729,-6.878079599999978],[110.68953030000006,-6.877566599999966],[110.69020330000006,-6.874549],[110.68913190000006,-6.874310299999934],[110.68869890000008,-6.87441819999998],[110.6878,-6.874815799999965],[110.68783540000004,-6.874722399999939],[110.68803,-6.87421],[110.68818560000005,-6.873941599999966],[110.68370210000006,-6.871478799999977],[110.68378060000003,-6.871185199999957],[110.68425290000005,-6.870657199999926],[110.68427070000007,-6.870637399999964],[110.68485810000004,-6.870970499999942],[110.68961930000006,-6.868624499999953],[110.69027680000005,-6.869019399999956],[110.69031,-6.86894],[110.69142,-6.86949],[110.6922,-6.86988],[110.69263,-6.87009],[110.69273,-6.8701],[110.69304,-6.87004],[110.69368,-6.8698],[110.69429,-6.86948],[110.69536,-6.86882],[110.69563,-6.8686],[110.69632,-6.86802],[110.69658,-6.86793],[110.69686,-6.86792],[110.69726,-6.86797],[110.69758,-6.86809],[110.69793,-6.8683],[110.69802420000008,-6.868380199999933],[110.6982,-6.86853],[110.69847,-6.86885],[110.69863,-6.86916],[110.69886,-6.86954],[110.6991,-6.86997],[110.69941,-6.87063],[110.69959,-6.87084],[110.69983,-6.87112],[110.70025,-6.87157],[110.70063,-6.87185],[110.70088,-6.87187],[110.70125170000006,-6.872155],[110.70128760000006,-6.872182499999951],[110.70402010000004,-6.872922399999936],[110.70439040000008,-6.873375199999941],[110.70422510000009,-6.874403699999959],[110.70398830000005,-6.87487619999996],[110.70668410000007,-6.87446609999995],[110.70661780000006,-6.87500289999997],[110.70669470000007,-6.875145799999927],[110.70667380000003,-6.875254799999936],[110.70748180000004,-6.875426599999969],[110.70726870000004,-6.876396799999952],[110.70670530000007,-6.878961799999956],[110.70675080000007,-6.878968599999951],[110.70696,-6.879],[110.70767,-6.87908],[110.70863,-6.87919],[110.70929,-6.87944],[110.70978,-6.87981],[110.71042,-6.88065],[110.71083830000003,-6.881425799999931],[110.71401710000004,-6.882363899999973],[110.71403150000003,-6.882346499999926],[110.71595280000008,-6.882927399999971],[110.71686030000006,-6.879965699999957],[110.71767380000006,-6.878308199999935],[110.71795,-6.87837],[110.71909,-6.87854],[110.71992,-6.87859],[110.72074,-6.87859],[110.72153,-6.87847],[110.7226,-6.87811],[110.72270760000004,-6.878058099999976],[110.72252180000004,-6.879122499999937],[110.72246640000009,-6.879508499999929],[110.72232810000008,-6.880032299999925],[110.72210680000006,-6.881107399999962],[110.72188570000009,-6.881796599999973],[110.72177510000006,-6.882127399999945],[110.72160930000007,-6.882596],[110.72152620000008,-6.883257599999979],[110.72136030000007,-6.883781399999975],[110.72102880000006,-6.884553199999971],[110.72075920000009,-6.885333],[110.72075,-6.88533],[110.71861,-6.88462],[110.71835,-6.88452],[110.71824,-6.88443],[110.71783,-6.88434],[110.717664,-6.884257],[110.71514250000007,-6.884068799999966],[110.71478110000004,-6.884934099999953],[110.71445610000006,-6.885366699999963],[110.71405870000007,-6.886051599999973],[110.71351690000006,-6.887025],[110.71304720000006,-6.887890199999958],[110.71246880000007,-6.889584799999966],[110.70983070000005,-6.896074499999941],[110.71019140000004,-6.896219],[110.70983010000003,-6.896976099999961],[110.70950550000003,-6.896795599999962],[110.70947640000009,-6.89678269999996],[110.70882740000008,-6.897608199999979],[110.70807080000009,-6.899077599999941],[110.70775970000005,-6.900399],[110.70773240000005,-6.900790099999938],[110.70766490000005,-6.900951799999973],[110.707449,-6.900951699999951],[110.70707120000009,-6.900897499999928],[110.70682830000004,-6.90088389999994],[110.70661240000004,-6.900802899999974],[110.70627510000008,-6.900735199999929],[110.70588390000006,-6.900559699999974],[110.70562760000007,-6.900397699999928],[110.70542520000004,-6.900303199999939],[110.70524990000007,-6.900168199999939],[110.70498010000006,-6.900019699999973],[110.70479130000007,-6.89987119999995],[110.70446750000008,-6.89973619999995],[110.70425170000004,-6.899628199999938],[110.70412,-6.899532299999976],[110.70411780000006,-6.899535399999934],[110.70357720000004,-6.899290599999972],[110.70340180000005,-6.899209599999949],[110.703383,-6.899228299999947],[110.70303750000005,-6.899101499999972],[110.70273740000005,-6.899373799999978],[110.70268650000008,-6.899371],[110.70261890000006,-6.899519299999952],[110.70252430000005,-6.899829399999931],[110.70241620000007,-6.900031599999977],[110.70234870000007,-6.900179899999955],[110.70228110000005,-6.900274299999978],[110.70203820000006,-6.900355],[110.70184910000006,-6.90055719999998],[110.70180850000008,-6.90082689999997],[110.70179480000007,-6.901204399999926],[110.70186210000008,-6.901379799999972],[110.70198990000006,-6.90160149999997],[110.70196,-6.90162],[110.70176,-6.90156],[110.70150170000005,-6.901483199999973],[110.70139,-6.90145],[110.70119,-6.90137],[110.70117260000006,-6.901364],[110.70097440000006,-6.901375499999972],[110.70090540000007,-6.901513099999931],[110.70092830000004,-6.901604799999973],[110.70097420000008,-6.901719499999956],[110.70111170000007,-6.901971899999978],[110.70106560000005,-6.902247099999954],[110.70097370000008,-6.902384599999948],[110.70076690000008,-6.902912],[110.70074390000008,-6.902934899999934],[110.70074380000005,-6.903049599999974],[110.70069790000008,-6.903049499999952],[110.70049140000003,-6.903049399999929],[110.70042250000006,-6.903049399999929],[110.70037660000008,-6.903141099999971],[110.70037640000004,-6.903347499999938],[110.70028450000007,-6.903622599999949],[110.70016960000004,-6.903874899999948],[110.70014650000007,-6.904058299999974],[110.69989370000008,-6.904562699999929],[110.69989370000008,-6.904677399999969],[110.69970990000007,-6.90492949999998],[110.69941160000008,-6.904952299999934],[110.69920490000004,-6.905066799999929],[110.69895240000005,-6.90520429999998],[110.69876880000004,-6.905295899999942],[110.69849320000009,-6.905525099999977],[110.69840120000003,-6.905823199999929],[110.69833230000006,-6.906006599999955],[110.69828610000008,-6.906396399999949],[110.69828590000009,-6.906740499999955],[110.69828580000006,-6.906923899999981],[110.69828560000008,-6.907176199999981],[110.69812490000004,-6.907267899999965],[110.69807890000004,-6.907405399999959],[110.69810180000007,-6.907566],[110.69810170000005,-6.907703599999934],[110.69814750000006,-6.907864199999949],[110.69837680000006,-6.908116599999971],[110.69851450000004,-6.90813959999997],[110.69865220000008,-6.908139699999936],[110.69874390000007,-6.908254399999976],[110.69890450000008,-6.90832329999995],[110.69884440000004,-6.908821299999943],[110.69884390000004,-6.908825399999955],[110.69883530000004,-6.908896599999935],[110.69872040000007,-6.909103],[110.69871120000005,-6.909111],[110.69870550000007,-6.909116099999949],[110.69853670000003,-6.909263399999929],[110.69844480000006,-6.909515599999963],[110.698307,-6.909653099999957],[110.69814620000005,-6.909836499999926],[110.69805430000008,-6.910111699999959],[110.69791640000005,-6.910363899999936],[110.69777850000008,-6.910707799999955],[110.69761770000008,-6.91089119999998],[110.697457,-6.911074499999927],[110.697319,-6.911464299999977],[110.69720410000008,-6.911716499999955],[110.69702030000008,-6.912060399999973],[110.69683660000004,-6.912266699999975],[110.696561,-6.91251879999993],[110.69656090000007,-6.912748199999953],[110.69637720000009,-6.912771],[110.69621650000005,-6.912862599999926],[110.69614760000007,-6.913046099999974],[110.69603270000005,-6.913183599999968],[110.69603260000008,-6.91339],[110.695455,-6.913877699999944],[110.69546990000003,-6.913889899999958],[110.69547,-6.91389],[110.69548630000008,-6.913901599999974],[110.69536660000006,-6.91412349999996],[110.69522890000007,-6.914008699999954],[110.69519710000009,-6.91399679999995],[110.69504540000008,-6.91393979999998],[110.69495360000008,-6.913939699999958],[110.69481590000004,-6.913962599999934],[110.69479290000004,-6.914054299999975],[110.69480860000004,-6.914148799999964],[110.69481570000005,-6.914191899999935],[110.69476980000007,-6.914306599999975],[110.69462790000006,-6.914401],[110.69456310000004,-6.914444],[110.69437940000006,-6.91458149999994],[110.69433340000006,-6.914719099999957],[110.69433340000006,-6.914775599999928],[110.69433330000004,-6.914971399999956],[110.69421850000003,-6.915063099999941],[110.69421180000006,-6.91507189999993],[110.69414960000006,-6.91515469999996],[110.69414950000004,-6.915246499999967],[110.69418120000006,-6.915288699999962],[110.69428710000005,-6.91543],[110.69410340000007,-6.915567499999952],[110.69409750000005,-6.915591199999938],[110.69409010000004,-6.915620499999932],[110.69408040000008,-6.915659299999959],[110.69408030000005,-6.915773899999976],[110.69405730000005,-6.915911499999936],[110.69398840000008,-6.916003199999977],[110.69389660000007,-6.916003199999977],[110.69387350000005,-6.91616369999997],[110.69389640000009,-6.916278399999953],[110.69391930000006,-6.916393099999937],[110.69396510000007,-6.916507799999977],[110.69412580000005,-6.91637019999996],[110.69437840000006,-6.916232799999932],[110.694585,-6.916164099999946],[110.69479150000006,-6.916164299999934],[110.69492920000005,-6.916164399999957],[110.69508990000008,-6.916164499999979],[110.69525040000008,-6.916279199999963],[110.69525030000005,-6.916439799999978],[110.69525020000009,-6.916715],[110.69513530000006,-6.916921299999956],[110.69467610000004,-6.917242099999953],[110.69446940000006,-6.917471299999931],[110.69433140000007,-6.917838199999949],[110.69421650000004,-6.918113299999959],[110.69426220000008,-6.918434399999967],[110.69439980000004,-6.918595099999948],[110.69460620000007,-6.918870399999946],[110.69462890000005,-6.919191499999954],[110.69462880000009,-6.91932909999997],[110.69462860000004,-6.919673099999955],[110.69458250000008,-6.919994199999962],[110.694522,-6.920475199999942],[110.69451330000004,-6.920544599999971],[110.69451320000007,-6.920659199999932],[110.694513,-6.921049099999948],[110.69453580000004,-6.921232599999939],[110.69476520000006,-6.921393299999977],[110.69600440000005,-6.92162339999993],[110.69614210000009,-6.921623499999953],[110.69648640000008,-6.921532],[110.69683060000006,-6.921601],[110.69728950000007,-6.921761899999979],[110.69756780000006,-6.921871299999964],[110.697932,-6.922014499999932],[110.697794,-6.922335499999974],[110.697748,-6.922633599999926],[110.69774780000006,-6.922934],[110.69947540000004,-6.923687899999948],[110.70201270000007,-6.924795],[110.70004440000008,-6.924032699999941],[110.70004180000006,-6.924040899999966],[110.69956940000009,-6.923835899999972],[110.69936510000008,-6.923729899999955],[110.69883820000007,-6.923542699999928],[110.698308,-6.923425799999961],[110.69802350000003,-6.923253299999942],[110.698023,-6.923253099999954],[110.69802260000006,-6.923252699999978],[110.69786780000004,-6.923158799999953],[110.69783210000008,-6.923242199999947],[110.697584,-6.923067299999957],[110.69755440000006,-6.923228799999947],[110.69775080000005,-6.923572799999931],[110.69959330000006,-6.924398199999928],[110.69951970000005,-6.924589],[110.69981810000007,-6.924705899999935],[110.69887920000008,-6.927061],[110.69873150000006,-6.927437399999974],[110.69858380000005,-6.927682899999979],[110.69837070000005,-6.92784649999993],[110.69807580000008,-6.927911799999947],[110.69766910000004,-6.927958499999932],[110.69763180000007,-6.927945399999942],[110.69703860000004,-6.929182899999944],[110.69674240000006,-6.929128899999967],[110.69515140000004,-6.932384199999944],[110.69716310000007,-6.933252899999957],[110.69789750000007,-6.93357],[110.69765470000004,-6.934242599999948],[110.70010490000004,-6.935078499999975],[110.70021260000004,-6.935186199999976],[110.70023940000004,-6.935293799999954],[110.70026030000008,-6.93546189999995],[110.70023930000008,-6.935455299999944],[110.699013,-6.938274099999944],[110.69877640000004,-6.938197],[110.69852050000009,-6.93810869999993],[110.69816760000003,-6.937967399999934],[110.69786760000005,-6.937861399999974],[110.69764710000004,-6.937799499999926],[110.69730290000007,-6.937772799999948],[110.69706460000003,-6.937790299999961],[110.69688810000008,-6.937851899999941],[110.69665850000007,-6.938063399999976],[110.69654370000006,-6.938257399999941],[110.69638010000006,-6.938505],[110.69628750000004,-6.938645199999939],[110.69620790000005,-6.938971399999957],[110.696384,-6.939527099999964],[110.69641790000009,-6.939594899999975],[110.69656910000003,-6.939897599999938],[110.69714230000005,-6.940479899999957],[110.69740690000003,-6.940700599999957],[110.69768920000007,-6.940859499999931],[110.69808630000006,-6.940903799999944],[110.69850110000004,-6.940904099999955],[110.69869530000005,-6.940868899999941],[110.69913650000007,-6.940860399999963],[110.69941890000007,-6.940887],[110.69962180000005,-6.940896],[110.69983360000003,-6.940957799999978],[110.70006290000003,-6.941107899999963],[110.70034520000007,-6.941399099999956],[110.70070860000004,-6.941673799999933],[110.70101,-6.94216],[110.70161,-6.9431],[110.70164510000006,-6.943177399999968],[110.70165120000007,-6.943190899999934],[110.70114910000007,-6.943105399999979],[110.70102210000005,-6.94307989999993],[110.70098410000008,-6.942991099999972],[110.70098420000005,-6.942889599999944],[110.70095890000005,-6.942737399999942],[110.70097180000005,-6.942471],[110.70076870000008,-6.942470899999932],[110.70078150000006,-6.942191899999955],[110.70008350000006,-6.942051899999967],[110.700109,-6.941849],[110.69962670000007,-6.941759899999965],[110.69916980000005,-6.941658099999927],[110.699321,-6.943472],[110.69828620000004,-6.943359399999963],[110.69779790000007,-6.943306199999938],[110.69779780000005,-6.943369599999926],[110.69779770000008,-6.943534499999942],[110.69788650000004,-6.943762899999967],[110.69796250000007,-6.943991199999971],[110.69807650000007,-6.944257599999958],[110.69747990000008,-6.944308],[110.69747980000005,-6.944498299999964],[110.69695930000006,-6.944548699999928],[110.69698460000006,-6.944726299999957],[110.69633720000007,-6.944776599999955],[110.69641320000005,-6.945030299999928],[110.69572750000009,-6.945448399999975],[110.69538470000003,-6.94548629999997],[110.69535880000007,-6.946298],[110.69514310000005,-6.946297899999934],[110.69511720000008,-6.947046199999932],[110.69492650000007,-6.947426599999972],[110.69487590000006,-6.948227499999973],[110.69481,-6.94851],[110.69465,-6.94919],[110.6945,-6.94989],[110.6945,-6.95],[110.69451,-6.95007],[110.69394,-6.95074],[110.69351,-6.9511],[110.69306,-6.95122],[110.69264,-6.9512],[110.69217,-6.95113],[110.69195,-6.9511],[110.69178,-6.95131],[110.69158,-6.95149],[110.69131,-6.95172],[110.69119,-6.95176],[110.69094,-6.95178],[110.69047,-6.95177],[110.69005,-6.95176],[110.68982,-6.95183],[110.68972,-6.95192],[110.68966,-6.95206],[110.68964,-6.95227],[110.6896,-6.95352],[110.68952,-6.95438],[110.68956,-6.95491],[110.68957,-6.95508],[110.68959,-6.95549],[110.68955,-6.9559],[110.68955,-6.95604],[110.68956,-6.9562],[110.68953,-6.95666],[110.68945,-6.95712],[110.68933,-6.95756],[110.68913,-6.95801],[110.68894,-6.95834],[110.68865,-6.95879],[110.6886,-6.95927],[110.68857,-6.96004],[110.68861,-6.96073],[110.68863670000007,-6.960931399999936],[110.68885760000006,-6.961107099999936],[110.68909,-6.963722],[110.68919950000009,-6.96476789999997],[110.68932890000008,-6.966935499999977],[110.68965890000004,-6.967733899999928],[110.69082780000008,-6.970445699999971],[110.69081370000004,-6.970886099999973],[110.69070340000007,-6.971147499999972],[110.69048290000006,-6.971298699999977],[110.69029010000008,-6.971353599999929],[110.68982170000004,-6.971449699999937],[110.68936710000008,-6.971587],[110.68875260000004,-6.97196729999996],[110.68787910000009,-6.972508],[110.68692840000006,-6.97296149999994],[110.686281,-6.97309869999998],[110.68582080000004,-6.97314659999995],[110.68457310000008,-6.97327649999994],[110.68402230000004,-6.973055899999963],[110.68402240000006,-6.972890599999971],[110.68400870000005,-6.97289939999996],[110.68400870000005,-6.972753199999943],[110.682783,-6.972642299999961],[110.68277010000008,-6.973184],[110.68107560000004,-6.972131899999965],[110.68069010000005,-6.97192519999993],[110.68034580000005,-6.971925],[110.67990640000005,-6.971684],[110.67961580000008,-6.971580099999926],[110.67859530000004,-6.970943899999952],[110.67874610000007,-6.970659699999942],[110.67795970000009,-6.970358099999942],[110.67722350000008,-6.970073299999967],[110.67660430000006,-6.969922399999973],[110.67616930000008,-6.969704699999966],[110.675751,-6.969553899999937],[110.67454630000009,-6.968934299999944],[110.67367640000003,-6.968314899999939],[110.67359210000006,-6.968245899999943],[110.67361,-6.96825],[110.67370940000006,-6.968226299999969],[110.67382,-6.9682],[110.67384940000005,-6.968180399999937],[110.67421,-6.96794],[110.67442,-6.96776],[110.67484,-6.96736],[110.67502,-6.9671],[110.67506,-6.96685],[110.675,-6.96655],[110.67462,-6.96581],[110.67453,-6.96555],[110.67455,-6.96539],[110.67471,-6.96505],[110.67485,-6.9647],[110.6749,-6.9644],[110.6749,-6.96402],[110.6748,-6.96362],[110.67469,-6.96336],[110.67445,-6.96316],[110.67422,-6.96304],[110.67382,-6.96292],[110.6734,-6.96271],[110.67287,-6.9624],[110.67262,-6.96223],[110.67251,-6.96212],[110.67229,-6.96173],[110.67216,-6.96143],[110.67201,-6.96131],[110.67184,-6.96123],[110.67158,-6.96123],[110.67091,-6.96129],[110.67032,-6.96133],[110.66952,-6.96124],[110.6692,-6.96121],[110.66863,-6.96116],[110.66838,-6.96114],[110.66805,-6.96111],[110.6677,-6.96106],[110.66726,-6.96101],[110.66664,-6.96094],[110.66586,-6.96089],[110.66577780000006,-6.960881399999948],[110.665,-6.9608],[110.66427,-6.96069],[110.66368,-6.96054],[110.66332,-6.96036],[110.66313,-6.9602],[110.66306,-6.96001],[110.66307,-6.95979],[110.66308,-6.95915],[110.66307,-6.95886],[110.66293,-6.9582],[110.66266,-6.95718],[110.66243,-6.95632],[110.66236,-6.95615],[110.66222,-6.95599],[110.66176,-6.95571],[110.66097,-6.95517],[110.66028,-6.95477],[110.65997,-6.95466],[110.65974,-6.95464],[110.65953,-6.95473],[110.65921,-6.95494],[110.65869,-6.95539],[110.6582,-6.9558],[110.65792,-6.95582],[110.65779,-6.9558],[110.65769,-6.95569],[110.65764,-6.95541],[110.65759,-6.95509],[110.65752,-6.95489],[110.65729,-6.95467],[110.65705,-6.95458],[110.65687,-6.95463],[110.65661,-6.95485],[110.65623,-6.95519],[110.65591,-6.95525],[110.65561,-6.95519],[110.65546,-6.95507],[110.65531,-6.95486],[110.65519,-6.95461],[110.65516,-6.95446],[110.6552,-6.9542],[110.6554,-6.95374],[110.65541,-6.95356],[110.65531,-6.95321],[110.65513,-6.95281],[110.65487,-6.95235],[110.65456,-6.952],[110.6543,-6.95186],[110.65405,-6.95184],[110.65342,-6.95189],[110.65291,-6.95188],[110.65267,-6.95178],[110.65249,-6.95161],[110.65235,-6.95136],[110.65217,-6.95089],[110.65209,-6.95067],[110.65191,-6.95032],[110.65163,-6.94985],[110.65149,-6.9497],[110.65134,-6.94964],[110.65081,-6.94955],[110.6503,-6.94943],[110.64915,-6.9491],[110.64887,-6.94898],[110.64836,-6.94855],[110.64774,-6.94799],[110.64743,-6.94759],[110.647,-6.94698],[110.64653,-6.94617],[110.64606,-6.94533],[110.64583,-6.94473],[110.64584,-6.94451],[110.64597,-6.94434],[110.64615,-6.94422],[110.64674,-6.94394],[110.64686,-6.94382],[110.64688,-6.94362],[110.64683,-6.94341],[110.64674,-6.94328],[110.64657,-6.94317],[110.64593,-6.943],[110.64515,-6.94285],[110.64492,-6.94274],[110.64448,-6.94236],[110.64411,-6.94197],[110.6438,-6.94146],[110.64372,-6.94121],[110.64374,-6.94064],[110.64371,-6.94041],[110.6436,-6.94025],[110.64347,-6.94015],[110.64303,-6.94003],[110.64253,-6.93987],[110.64196,-6.93948],[110.64176,-6.93922],[110.64173,-6.93899],[110.64177,-6.93874],[110.64194,-6.9385],[110.64255,-6.93808],[110.64305,-6.93766],[110.64321,-6.93744],[110.64323,-6.93725],[110.64321,-6.93708],[110.64305,-6.93674],[110.64263,-6.93607],[110.64244,-6.93581],[110.64223,-6.93568],[110.64136,-6.93525],[110.64104,-6.93505],[110.64058,-6.93469],[110.64029,-6.93433],[110.63977,-6.93371],[110.63932,-6.93326],[110.63885,-6.93295],[110.63861,-6.93275],[110.63837570000004,-6.932446699999957],[110.63834390000005,-6.932405699999947],[110.63827,-6.93231],[110.63794,-6.93195],[110.63775,-6.93183],[110.63747,-6.93175],[110.63722,-6.93174],[110.63656,-6.93184],[110.63576,-6.93196],[110.63518520000008,-6.932081399999959],[110.63505,-6.93211],[110.6344,-6.93226],[110.63437060000007,-6.932265099999938],[110.63377,-6.93237],[110.63333,-6.93239],[110.63302540000007,-6.932455899999979],[110.63296,-6.93247],[110.63219,-6.93283],[110.63145210000005,-6.933154699999932],[110.63144,-6.93316],[110.6308,-6.93339],[110.63037030000004,-6.933518],[110.63033,-6.93353],[110.63018,-6.93363],[110.63001,-6.93392],[110.62985070000008,-6.93423869999998],[110.62977,-6.9344],[110.62941,-6.935],[110.62915730000009,-6.935505399999954],[110.62915490000006,-6.935510199999953],[110.62939840000007,-6.935636299999942],[110.62949360000005,-6.935625799999968],[110.62979490000004,-6.935758199999952],[110.62986370000004,-6.935758199999952],[110.62995360000008,-6.935758299999975],[110.63001170000007,-6.93581649999993],[110.63007510000006,-6.935901099999967],[110.630075,-6.935943399999928],[110.62999560000009,-6.936049],[110.62996380000004,-6.936165199999948],[110.63002720000009,-6.936218099999962],[110.63013830000006,-6.936255199999948],[110.63020170000004,-6.936302799999964],[110.63024390000004,-6.936387399999944],[110.63024390000004,-6.936434899999938],[110.63017510000009,-6.936493],[110.63004280000007,-6.936598599999968],[110.629609,-6.936825399999975],[110.62925460000008,-6.936973099999932],[110.62897960000004,-6.937009899999964],[110.62856690000007,-6.936926099999937],[110.62855630000007,-6.936947499999974],[110.62851,-6.93704],[110.62844,-6.93748],[110.62836,-6.93772],[110.62832,-6.93787],[110.62815,-6.93815],[110.6279,-6.93842],[110.62751,-6.93881],[110.62727710000007,-6.939003],[110.62716,-6.9391],[110.62691,-6.93916],[110.62657,-6.93918],[110.62619,-6.93905],[110.62571,-6.93879],[110.62537,-6.93852],[110.62498,-6.93821],[110.6246,-6.93791],[110.62426,-6.93775],[110.62373,-6.93751],[110.62311,-6.93727],[110.6227,-6.93718],[110.6219,-6.93708],[110.62142,-6.93697],[110.6212,-6.93692],[110.62061,-6.93668],[110.61989,-6.93611],[110.6196,-6.93589],[110.61923,-6.93558],[110.61922,-6.93541],[110.61925,-6.93527],[110.61934,-6.93507],[110.62019,-6.93426],[110.62058,-6.93373],[110.62065,-6.93351],[110.62072,-6.93316],[110.6207,-6.93292],[110.62066290000007,-6.932801299999937],[110.62065,-6.93276],[110.62062610000004,-6.932737399999951],[110.62047,-6.93259],[110.62019,-6.93248],[110.61988,-6.93239],[110.6196,-6.9322],[110.61938830000008,-6.93201769999996],[110.61924,-6.93189],[110.61889,-6.93173],[110.61823,-6.93153],[110.61751,-6.93129],[110.61692,-6.93105],[110.61651570000004,-6.930732399999954],[110.6165,-6.93072],[110.61643,-6.93048],[110.61652,-6.93008],[110.61672,-6.9294],[110.61670250000009,-6.929207299999973],[110.6167,-6.92918],[110.61648,-6.92855],[110.616432,-6.928462299999978],[110.61625,-6.92813],[110.61584,-6.92747],[110.6156,-6.92709],[110.61531,-6.92674],[110.61514,-6.92664],[110.61494,-6.92655],[110.61467,-6.92655],[110.6141,-6.92652],[110.61368,-6.92644],[110.61336,-6.92631],[110.61325610000006,-6.926220499999943],[110.61325610000006,-6.926220399999977],[110.61325550000004,-6.926219899999978],[110.61325530000005,-6.926219799999956],[110.61318890000007,-6.926162499999975],[110.61307,-6.92606],[110.61304030000008,-6.925995199999932],[110.612975,-6.925852799999973],[110.61296,-6.92582],[110.613,-6.92543],[110.61311,-6.92488],[110.61319680000008,-6.92458019999998],[110.61322,-6.9245],[110.61316,-6.92431],[110.61302,-6.92415],[110.61274,-6.92411],[110.6123,-6.92426],[110.61156,-6.92461],[110.61109,-6.92495],[110.61077,-6.9253],[110.61058140000006,-6.925561499999958],[110.61046660000005,-6.92577609999995],[110.610414,-6.925793599999963],[110.61033,-6.92591],[110.60995,-6.92627],[110.609913,-6.926284099999975],[110.60979570000006,-6.926420599999972],[110.60934870000006,-6.926469899999972],[110.60907570000006,-6.926395199999945],[110.60870340000008,-6.926196399999981],[110.60848010000007,-6.926022599999953],[110.60843070000004,-6.925724799999955],[110.60843090000009,-6.925427099999979],[110.60843130000006,-6.925005299999953],[110.60843140000009,-6.924856399999953],[110.60830740000006,-6.924707399999932],[110.60796010000007,-6.924310099999957],[110.607191,-6.923515499999951],[110.60669470000005,-6.923192599999936],[110.60622330000007,-6.922770399999933],[110.60585110000005,-6.92249709999993],[110.60547890000004,-6.922248699999955],[110.60520580000008,-6.92217409999995],[110.60488310000005,-6.922074499999951],[110.60443630000009,-6.921974899999952],[110.60408880000006,-6.921900199999925],[110.60374140000005,-6.921552499999962],[110.60346870000006,-6.921080899999936],[110.60339480000005,-6.920410899999979],[110.60349470000006,-6.919716299999948],[110.603669,-6.919096099999933],[110.60354510000008,-6.918798299999935],[110.60352060000008,-6.918376499999965],[110.603273,-6.917582299999935],[110.602895,-6.917098799999962],[110.60315050000008,-6.916940699999941],[110.60315,-6.91694],[110.60312260000006,-6.916915],[110.60374710000008,-6.916650599999969],[110.60397,-6.91662],[110.60435,-6.91648],[110.60501,-6.91616],[110.60556,-6.91593],[110.60577,-6.91583],[110.6065,-6.91548],[110.60761,-6.91496],[110.60863,-6.91443],[110.60951,-6.91399],[110.61015,-6.91369],[110.61131,-6.91323],[110.6124,-6.91276],[110.61252,-6.9127],[110.61308710000009,-6.912427699999967],[110.61479,-6.91161],[110.61543,-6.91128],[110.61632,-6.91087],[110.61639,-6.91083],[110.61679470000007,-6.910626499999978],[110.61818,-6.90993],[110.61891,-6.90936],[110.61925,-6.90914],[110.62011,-6.90858],[110.62049,-6.90834],[110.62058,-6.90827],[110.62145,-6.90768],[110.62243,-6.90703],[110.62354,-6.9063],[110.62484,-6.90538],[110.625,-6.90528],[110.62621,-6.90454],[110.62659,-6.90428],[110.62705,-6.90397],[110.62796,-6.90336],[110.62807,-6.90329],[110.62868,-6.90285],[110.62885,-6.90271],[110.62913,-6.90256],[110.62941,-6.90239],[110.629549,-6.902578399999925],[110.62986,-6.903],[110.6303,-6.90321],[110.63074,-6.90335],[110.6312,-6.90335],[110.63177,-6.90328],[110.63227,-6.90303],[110.63316,-6.90241],[110.63338290000007,-6.902253299999927],[110.6338,-6.90196],[110.63462,-6.90137],[110.6349,-6.90116],[110.63528,-6.90089],[110.63596,-6.90044],[110.63662,-6.89996],[110.63719,-6.89958],[110.63736,-6.8995],[110.6375,-6.89944],[110.63794,-6.89918],[110.63834,-6.89896],[110.63841,-6.89909],[110.63851,-6.89936],[110.63864,-6.89966],[110.63869,-6.90114],[110.6389,-6.90221],[110.63894,-6.90232],[110.63897,-6.90241],[110.63908,-6.90253],[110.63954,-6.90279],[110.63973,-6.90289],[110.63986,-6.90318],[110.63988,-6.90333],[110.63982,-6.9035],[110.63965,-6.90371],[110.63935,-6.90391],[110.63919,-6.90398],[110.63893,-6.90443],[110.63886,-6.90498],[110.63889,-6.90584],[110.63895,-6.90658],[110.63914,-6.90723],[110.63928,-6.90748],[110.63963,-6.90766],[110.63996,-6.90773],[110.64025,-6.90775],[110.64084,-6.9078],[110.64114140000004,-6.907836499999974],[110.64108590000006,-6.906450699999937],[110.64117930000003,-6.905739299999937],[110.64213890000008,-6.905678099999932],[110.64343880000007,-6.905895599999951],[110.64365520000007,-6.906174199999953],[110.64275550000008,-6.908988399999942],[110.64330120000005,-6.909271699999977],[110.64359090000005,-6.909422099999972],[110.64321830000006,-6.91099939999998],[110.64191830000004,-6.910936599999957],[110.64188470000005,-6.914462899999933],[110.641637,-6.914493599999957],[110.641513,-6.914741],[110.64176050000009,-6.914864899999941],[110.64116990000008,-6.916450399999974],[110.64118910000008,-6.916496299999949],[110.64135,-6.91688],[110.64166,-6.91734],[110.64204,-6.9178],[110.64259,-6.91828],[110.64304,-6.91864],[110.64371,-6.91909],[110.64431,-6.9194],[110.64511,-6.9197],[110.64572,-6.91987],[110.6468,-6.92016],[110.64738,-6.92023],[110.64772,-6.9202],[110.64803,-6.92003],[110.64825,-6.9199],[110.64849,-6.91965],[110.64882,-6.91919],[110.64916,-6.91883],[110.64958,-6.91867],[110.64992,-6.9186],[110.65023,-6.91856],[110.651,-6.91859],[110.65179,-6.91863],[110.6523,-6.9186],[110.65263430000005,-6.91851639999993],[110.652732,-6.918492],[110.65274,-6.91849],[110.65316,-6.91832],[110.65347,-6.91812],[110.6536,-6.91795],[110.65365,-6.91774],[110.6537,-6.91742],[110.65363,-6.91721],[110.6531,-6.91641],[110.65299,-6.91613],[110.65289,-6.91584],[110.65273,-6.91518],[110.65258,-6.91453],[110.65254620000007,-6.914399299999957],[110.65254610000005,-6.914399],[110.65253630000007,-6.914361],[110.65253620000004,-6.914360699999975],[110.65252230000004,-6.914307],[110.65251010000009,-6.914259799999968],[110.65243,-6.91395],[110.65226,-6.91312],[110.65207470000007,-6.912336799999935]]],[[[110.59982250000007,-6.916336799999954],[110.59980760000008,-6.916330599999981],[110.59978810000007,-6.916322499999978],[110.5993,-6.91612],[110.59862,-6.91583],[110.59803,-6.91561],[110.59741,-6.91539],[110.59668,-6.91508],[110.59601,-6.91476],[110.59531,-6.91442],[110.59490860000005,-6.91421459999998],[110.59488,-6.9142],[110.59490940000006,-6.914141099999938],[110.59438710000006,-6.91389259999994],[110.59357570000009,-6.913494],[110.59310120000004,-6.913065],[110.59281040000008,-6.912881099999936],[110.59281110000006,-6.912879699999962],[110.59325330000007,-6.912094499999967],[110.59343930000006,-6.911764199999936],[110.59382220000003,-6.91176459999997],[110.59426630000007,-6.911902699999928],[110.59463370000009,-6.912178499999925],[110.59503160000008,-6.912500299999977],[110.59553580000005,-6.912775699999941],[110.59556,-6.91272],[110.59569890000006,-6.912772299999972],[110.59702,-6.91327],[110.59703830000007,-6.913276899999971],[110.59708330000007,-6.913466299999925],[110.59745050000004,-6.913879899999927],[110.59798640000008,-6.914125299999967],[110.59875230000006,-6.914110599999958],[110.59931870000008,-6.914509099999975],[110.60035920000007,-6.915734499999928],[110.60011860000009,-6.915994499999954],[110.59999070000003,-6.916132699999935],[110.60004880000008,-6.916148599999929],[110.59982250000007,-6.916336799999954]]]]}},{"type":"Feature","properties":{"district":"Karangawen"},"geometry":{"type":"MultiPolygon","coordinates":[[[[110.61413670000007,-7.020131],[110.61760170000008,-7.020914599999969],[110.61952520000006,-7.02114679999994],[110.61787480000004,-7.023258899999973],[110.61814,-7.02328],[110.61821960000009,-7.02328],[110.61821750000007,-7.023284399999966],[110.61814120000008,-7.023450799999978],[110.61781310000003,-7.023817],[110.61740110000005,-7.024014899999941],[110.617218,-7.024237599999935],[110.61710360000006,-7.024374899999941],[110.61678310000008,-7.024725399999966],[110.61540220000006,-7.026677599999971],[110.61502840000009,-7.027102899999932],[110.61483,-7.027536399999974],[110.61466220000005,-7.02781049999993],[110.61450960000008,-7.028261199999974],[110.61444090000003,-7.028553899999963],[110.61396790000003,-7.02939269999996],[110.61365510000007,-7.029804199999944],[110.61333470000005,-7.030080799999951],[110.61313630000006,-7.030443599999955],[110.61267090000007,-7.031612899999971],[110.61264850000003,-7.031888099999946],[110.612648,-7.031893699999955],[110.61238860000009,-7.032492099999956],[110.61194610000007,-7.032861699999955],[110.61148070000007,-7.033224099999927],[110.61119840000003,-7.033568799999955],[110.61070250000006,-7.034263599999974],[110.61051180000004,-7.034661699999958],[110.61028290000007,-7.035104299999944],[110.60998530000006,-7.035496699999953],[110.609787,-7.03575369999993],[110.60924530000005,-7.036408899999969],[110.60865020000006,-7.037494599999945],[110.608429,-7.038052099999959],[110.60818480000006,-7.038583299999971],[110.60796350000004,-7.038974699999926],[110.60752870000005,-7.040131499999973],[110.60730740000008,-7.040743799999973],[110.60703280000007,-7.041357499999947],[110.60673520000006,-7.04177859999993],[110.60643,-7.04212],[110.60575870000008,-7.042799899999977],[110.60572820000004,-7.042799399999979],[110.60536960000007,-7.043244799999968],[110.60522460000004,-7.043756499999972],[110.60501860000005,-7.044279099999926],[110.60487370000004,-7.044902299999933],[110.60471340000004,-7.045509799999934],[110.60450740000005,-7.04601329999997],[110.60433960000006,-7.046463],[110.60387420000006,-7.047120099999972],[110.60346990000005,-7.04743],[110.603447,-7.047448599999939],[110.60295870000004,-7.047759499999927],[110.60230250000006,-7.048098099999947],[110.60179140000008,-7.048344099999952],[110.60125730000004,-7.048429499999941],[110.60018920000005,-7.048447099999976],[110.59936520000008,-7.048691699999949],[110.59912110000005,-7.04922629999993],[110.598877,-7.04970359999993],[110.59853360000005,-7.050283399999955],[110.59810640000006,-7.051216599999975],[110.59782410000008,-7.051606199999981],[110.59717560000007,-7.052302299999951],[110.59704590000007,-7.052510199999972],[110.59696960000008,-7.05268],[110.59693150000004,-7.052760599999942],[110.59668730000004,-7.053044799999952],[110.59664920000006,-7.05309909999994],[110.59664890000005,-7.053099699999962],[110.59655,-7.053317499999935],[110.59645080000007,-7.053712799999971],[110.59633640000004,-7.054713699999979],[110.59623720000008,-7.054919699999971],[110.59606170000006,-7.055064199999947],[110.59561160000004,-7.055413199999975],[110.59506220000009,-7.055835199999933],[110.59503170000005,-7.055995899999971],[110.595047,-7.056148499999949],[110.59505460000008,-7.056251499999973],[110.595108,-7.056955799999969],[110.59511570000006,-7.058016299999963],[110.59513090000007,-7.058874099999969],[110.59505460000008,-7.059005199999945],[110.59486390000006,-7.059186],[110.59451290000004,-7.059519699999953],[110.59449,-7.059732],[110.59441370000008,-7.060293599999966],[110.59438320000004,-7.060738499999957],[110.59441370000008,-7.061230199999954],[110.59449770000003,-7.061452399999951],[110.59466550000008,-7.062008799999944],[110.59474950000003,-7.062467499999968],[110.59478,-7.063020699999981],[110.59473420000006,-7.063588599999946],[110.59468080000005,-7.063853199999926],[110.59459690000006,-7.063987699999927],[110.59439850000007,-7.06418229999997],[110.59409330000005,-7.064468799999929],[110.59406280000007,-7.064627099999939],[110.59407040000008,-7.064870799999937],[110.59415440000004,-7.064991],[110.59442140000004,-7.065336699999932],[110.59444430000008,-7.06555979999996],[110.59439850000007,-7.065714799999967],[110.59427640000007,-7.065850199999943],[110.59387970000006,-7.066294199999959],[110.59390260000004,-7.066526899999928],[110.59397130000008,-7.066787199999965],[110.59407040000008,-7.067187299999944],[110.59405520000007,-7.067441499999973],[110.59396360000005,-7.067842499999927],[110.59384920000008,-7.067987],[110.59373470000008,-7.06804649999998],[110.59357450000005,-7.068044199999974],[110.59336850000005,-7.067962099999932],[110.59316250000006,-7.06781049999995],[110.592308,-7.067214],[110.59214780000008,-7.067194399999948],[110.59207920000006,-7.067271699999935],[110.59195710000006,-7.067543],[110.59176640000004,-7.067904],[110.59164430000004,-7.06814049999997],[110.59172060000009,-7.068286899999976],[110.59207150000009,-7.068927299999928],[110.592041,-7.069049299999961],[110.59194950000006,-7.069191],[110.59181980000005,-7.069287799999927],[110.59136960000006,-7.069572],[110.59133910000008,-7.069672599999933],[110.591362,-7.070045899999968],[110.59133910000008,-7.070516599999962],[110.59133830000007,-7.070518599999957],[110.59123230000006,-7.070788399999969],[110.59111790000009,-7.070863199999962],[110.59082030000008,-7.07090089999997],[110.59015650000003,-7.071006299999965],[110.58998860000008,-7.071155099999942],[110.58998110000005,-7.071161699999948],[110.58993530000004,-7.071302899999978],[110.58977510000005,-7.071900299999925],[110.58960720000005,-7.072021499999948],[110.58940890000008,-7.072101599999939],[110.58927150000005,-7.072185499999932],[110.58866880000005,-7.072750099999951],[110.58840940000005,-7.072997499999929],[110.58808140000008,-7.073221199999978],[110.58795170000008,-7.073222099999953],[110.587822,-7.07312769999993],[110.58754730000004,-7.072845899999948],[110.58741760000004,-7.072609899999975],[110.58728030000009,-7.072239799999977],[110.587265,-7.071992399999942],[110.58731840000007,-7.071817399999929],[110.58752440000006,-7.071269],[110.58744050000007,-7.07110119999993],[110.58731080000007,-7.07096],[110.58718870000007,-7.070898499999942],[110.58693690000007,-7.070856599999956],[110.58676910000008,-7.070917599999973],[110.58655550000009,-7.071083],[110.58645630000007,-7.071245199999964],[110.58625030000007,-7.071554599999956],[110.58600620000004,-7.071664299999952],[110.58568570000006,-7.071730599999967],[110.58538050000004,-7.071705299999962],[110.58483890000008,-7.071592799999962],[110.58480070000007,-7.071519299999977],[110.58480840000004,-7.071369599999969],[110.58490750000004,-7.071272299999976],[110.58526610000007,-7.070911399999943],[110.585495,-7.070535599999971],[110.58553310000008,-7.070312],[110.58547970000006,-7.070160399999963],[110.58538820000007,-7.070068799999945],[110.58525850000007,-7.070062599999972],[110.58488460000007,-7.070135599999958],[110.584198,-7.070257199999958],[110.58397670000005,-7.070216199999948],[110.58383940000004,-7.070101199999954],[110.58379360000004,-7.069955799999946],[110.58367160000006,-7.069497099999978],[110.58357240000004,-7.069443199999967],[110.58345030000004,-7.069472799999971],[110.58333590000007,-7.069563899999935],[110.58325830000007,-7.069671199999959],[110.58322140000007,-7.069722099999979],[110.58311460000004,-7.069836099999975],[110.58300020000007,-7.069883799999957],[110.58274840000007,-7.069911899999965],[110.58257290000006,-7.069867099999954],[110.58218380000005,-7.069783699999959],[110.58198550000009,-7.069816099999969],[110.58170320000005,-7.069956299999944],[110.58127590000004,-7.070150799999965],[110.58101650000003,-7.070119799999929],[110.58094020000004,-7.070028299999933],[110.58097840000005,-7.069875199999956],[110.58108520000008,-7.069724],[110.58126070000009,-7.06951609999993],[110.58131410000004,-7.069310599999937],[110.58129880000007,-7.069159],[110.58117680000004,-7.069001199999946],[110.58100890000009,-7.068887199999949],[110.580841,-7.068823799999961],[110.58079530000003,-7.068869099999972],[110.580658,-7.069056],[110.58061980000008,-7.069279199999926],[110.58053590000009,-7.069449399999939],[110.58042910000006,-7.069519499999956],[110.580246,-7.069496599999979],[110.58009340000007,-7.06937309999995],[110.57994080000009,-7.069270099999926],[110.57979580000006,-7.069279199999926],[110.579628,-7.069369299999948],[110.57946010000006,-7.069570499999941],[110.57868960000008,-7.070483699999954],[110.57848360000008,-7.070547099999942],[110.57831570000008,-7.070539899999972],[110.577919,-7.070433599999944],[110.57724,-7.070276699999965],[110.57667540000006,-7.070240499999954],[110.57564540000004,-7.070179],[110.57553860000007,-7.07018039999997],[110.57547760000006,-7.070180899999968],[110.57529450000004,-7.070209499999976],[110.57524110000008,-7.070305799999971],[110.57524110000008,-7.07041879999997],[110.57524870000009,-7.070445499999948],[110.575264,-7.070605299999954],[110.57542420000004,-7.070907099999943],[110.57549290000009,-7.071120199999939],[110.57551570000004,-7.071546099999978],[110.57543940000005,-7.07174109999994],[110.575264,-7.072024799999951],[110.57490540000003,-7.072290399999929],[110.57462310000005,-7.072645199999954],[110.57446290000007,-7.072857799999952],[110.57431790000004,-7.073070499999972],[110.574234,-7.073247899999956],[110.57415770000006,-7.073371799999961],[110.574089,-7.073495799999932],[110.57399750000008,-7.073637899999937],[110.57378390000008,-7.073815299999978],[110.57359310000004,-7.073868299999958],[110.57319640000009,-7.073903099999939],[110.57256320000005,-7.073991299999932],[110.57212070000008,-7.073966499999926],[110.57212,-7.073966399999961],[110.571803,-7.073949899999946],[110.57175240000004,-7.074054899999965],[110.57096630000007,-7.075687],[110.56989,-7.075930299999925],[110.56842290000009,-7.07553809999996],[110.56807990000004,-7.076173],[110.56734420000004,-7.078322299999968],[110.56719710000004,-7.078713099999959],[110.56822350000004,-7.079593599999953],[110.56768420000009,-7.080912499999954],[110.56655920000009,-7.080911399999934],[110.56655830000005,-7.081791],[110.56562710000009,-7.083744699999954],[110.56518440000008,-7.086382899999933],[110.56523280000005,-7.086920499999962],[110.56400970000004,-7.087114799999938],[110.56322650000004,-7.087749299999928],[110.56317510000008,-7.090387899999939],[110.563321,-7.091267599999981],[110.56144330000006,-7.090378299999941],[110.56145480000004,-7.090579499999933],[110.56156920000006,-7.090741099999946],[110.56157620000005,-7.090750399999934],[110.56159210000004,-7.090771599999925],[110.56193540000004,-7.091078699999969],[110.562027,-7.091391499999929],[110.562027,-7.092212699999948],[110.56197360000004,-7.092665699999941],[110.56191250000006,-7.093232099999966],[110.56177520000006,-7.09385489999994],[110.56179810000003,-7.094279799999981],[110.56191250000006,-7.09445],[110.56199650000008,-7.094563],[110.56214140000009,-7.094563499999936],[110.56245420000005,-7.094421799999964],[110.56375880000007,-7.093715199999963],[110.56435390000007,-7.093319399999928],[110.56478120000008,-7.093235],[110.564949,-7.093348499999934],[110.56514740000006,-7.093688499999928],[110.56511690000008,-7.094198199999937],[110.56500240000008,-7.094679299999939],[110.564949,-7.09510419999998],[110.56478120000008,-7.095642099999964],[110.56478120000008,-7.09578369999997],[110.564888,-7.095896699999969],[110.56517790000004,-7.095953899999927],[110.56557460000005,-7.095954399999925],[110.56574250000006,-7.096096],[110.56690980000008,-7.096290099999976],[110.56784820000007,-7.096631],[110.56872560000005,-7.097014899999976],[110.56946560000006,-7.097408299999927],[110.570076,-7.097804499999938],[110.571106,-7.098732899999959],[110.57139590000008,-7.099019],[110.57147220000007,-7.099094799999932],[110.57147280000004,-7.099095499999976],[110.57180020000004,-7.099419599999976],[110.57225040000009,-7.09982489999993],[110.57267760000008,-7.100094299999967],[110.57280730000008,-7.100189199999932],[110.57305910000008,-7.10038609999998],[110.57350160000004,-7.100807199999963],[110.573761,-7.101248699999928],[110.573967,-7.101683099999946],[110.57418060000003,-7.102152299999943],[110.57434080000007,-7.102588599999933],[110.57463840000008,-7.102954399999931],[110.57504270000004,-7.103438399999959],[110.57574460000006,-7.104237099999978],[110.57609560000009,-7.104972299999929],[110.57630160000008,-7.10666509999993],[110.57646180000006,-7.106748599999946],[110.57658390000006,-7.106887299999926],[110.57666020000005,-7.107060399999966],[110.57669070000009,-7.107367],[110.57669830000009,-7.10768749999994],[110.57678220000008,-7.108211],[110.57687380000004,-7.108636799999942],[110.57743070000004,-7.109620099999972],[110.57759090000008,-7.109884699999952],[110.578476,-7.110442599999942],[110.578537,-7.110593299999948],[110.57878870000008,-7.11134],[110.57897950000006,-7.111605599999962],[110.57914730000005,-7.111724399999957],[110.57975770000007,-7.112106799999935],[110.58009340000007,-7.112241199999971],[110.58123780000005,-7.112664199999926],[110.581604,-7.112786299999925],[110.58176420000007,-7.11280249999993],[110.58198550000009,-7.112798199999929],[110.58216860000005,-7.112880699999948],[110.58241270000008,-7.113132399999927],[110.58255010000005,-7.113314099999968],[110.58273320000006,-7.113442899999939],[110.58326720000008,-7.11355059999994],[110.58352660000008,-7.113613599999951],[110.58380890000007,-7.113780899999938],[110.58409880000005,-7.113957399999947],[110.58409990000007,-7.113958099999934],[110.58495330000005,-7.11448379999996],[110.58513640000007,-7.114382699999965],[110.58560180000006,-7.114309299999945],[110.586113,-7.114258699999937],[110.58660890000004,-7.114212],[110.58689120000008,-7.114199599999949],[110.58712010000005,-7.11411709999993],[110.58745570000008,-7.113989299999957],[110.58775330000009,-7.11395159999995],[110.58838650000007,-7.114037499999938],[110.58918760000006,-7.114301699999942],[110.58977510000005,-7.114505699999938],[110.59034730000008,-7.114637799999969],[110.59119420000007,-7.114754199999936],[110.59144590000005,-7.114765099999943],[110.59144650000007,-7.114765399999953],[110.591507,-7.114788],[110.59198760000004,-7.114919699999973],[110.592308,-7.115025499999945],[110.59236140000007,-7.115046],[110.59260560000007,-7.115219099999933],[110.59268190000006,-7.115308199999959],[110.59270480000004,-7.11547319999994],[110.59278110000008,-7.11581469999993],[110.59294890000007,-7.11602019999998],[110.592987,-7.116071699999964],[110.59311680000008,-7.11626],[110.59311680000008,-7.116374399999927],[110.59306340000006,-7.116465499999947],[110.59297940000005,-7.116480799999977],[110.59278110000008,-7.116506499999957],[110.59279630000009,-7.116615699999954],[110.59288790000005,-7.116712499999949],[110.59326940000005,-7.117114],[110.59417720000005,-7.118233699999962],[110.59433750000005,-7.119117299999971],[110.59442140000004,-7.119925899999942],[110.59432980000008,-7.120838599999956],[110.59403230000004,-7.121692099999962],[110.59400180000006,-7.121707399999934],[110.59385680000008,-7.122365899999977],[110.59345250000007,-7.123405399999967],[110.59307860000007,-7.124211799999955],[110.59268190000006,-7.124768199999949],[110.59178160000005,-7.125000399999976],[110.59149930000007,-7.125371399999949],[110.59139250000004,-7.125476799999944],[110.59116360000007,-7.125491099999977],[110.59097290000005,-7.125532599999929],[110.59025570000006,-7.126078099999972],[110.59003450000006,-7.126234],[110.58982090000006,-7.126394699999935],[110.58970640000007,-7.12654729999997],[110.58956150000006,-7.126831],[110.58940890000008,-7.127012699999966],[110.58917240000005,-7.127175299999976],[110.58857730000005,-7.127359399999932],[110.58840940000005,-7.127405199999941],[110.58827210000004,-7.12752009999997],[110.58816530000007,-7.127686],[110.588028,-7.127996899999971],[110.58789830000006,-7.128180499999928],[110.58772280000005,-7.128304],[110.58751680000006,-7.128384599999947],[110.58737180000008,-7.128635899999949],[110.587326,-7.128747],[110.58721920000005,-7.128820399999938],[110.58702850000009,-7.128865699999949],[110.58676910000008,-7.128724599999941],[110.58663940000008,-7.128649699999926],[110.58634950000004,-7.128636799999981],[110.58616640000008,-7.128664],[110.58575440000004,-7.12902779999996],[110.58560940000007,-7.129165599999965],[110.58556370000008,-7.129188499999941],[110.58551790000007,-7.129193799999939],[110.58503720000004,-7.129297199999939],[110.58480840000004,-7.129433099999972],[110.584671,-7.129593799999952],[110.58462520000006,-7.129783599999939],[110.58452610000006,-7.130005299999937],[110.58445740000008,-7.130016299999966],[110.58428190000006,-7.12995669999998],[110.58369450000004,-7.129768299999967],[110.58341220000005,-7.129760199999964],[110.58307650000006,-7.129816],[110.58285520000004,-7.12990949999994],[110.58243560000005,-7.130044],[110.58215330000007,-7.130141699999967],[110.58202360000007,-7.130261399999938],[110.58197020000006,-7.130413499999975],[110.58189390000007,-7.130567],[110.58142850000007,-7.131042899999954],[110.58130650000004,-7.131308499999932],[110.58126070000009,-7.131537899999955],[110.58118440000004,-7.131651799999929],[110.58079530000003,-7.131957499999942],[110.58046720000004,-7.132116799999949],[110.58009750000008,-7.13237],[110.58008570000004,-7.132378099999926],[110.57957460000006,-7.132602199999951],[110.57891850000004,-7.132865899999956],[110.57820130000005,-7.133160099999941],[110.57731630000006,-7.133501],[110.57616420000005,-7.133873],[110.57514950000007,-7.134198199999958],[110.57413480000008,-7.134492399999942],[110.57301330000007,-7.134786599999927],[110.57192230000004,-7.135080799999969],[110.57108310000007,-7.135282],[110.57016750000008,-7.135514199999932],[110.56940460000004,-7.135699699999975],[110.56832890000004,-7.13599389999996],[110.56780240000006,-7.136133599999937],[110.56707,-7.136365799999965],[110.56622310000006,-7.13669109999995],[110.56524660000008,-7.137140699999975],[110.56435390000007,-7.137544099999957],[110.56349940000007,-7.137978],[110.56272120000006,-7.138459199999943],[110.56208040000007,-7.138784899999962],[110.56128690000008,-7.139141099999961],[110.56053920000005,-7.139358],[110.55950930000006,-7.139543499999945],[110.55848690000005,-7.139651299999969],[110.55827370000009,-7.139654],[110.55736540000004,-7.139665599999944],[110.556572,-7.139633599999968],[110.55647280000005,-7.139524399999971],[110.55636590000006,-7.13944859999998],[110.55620580000004,-7.139363299999957],[110.55599370000004,-7.139272199999937],[110.55584990000006,-7.13927259999997],[110.55566080000006,-7.139320099999964],[110.55534950000003,-7.139275199999929],[110.55513220000006,-7.139136199999939],[110.55491,-7.138966],[110.55463740000005,-7.13882719999998],[110.55444980000004,-7.138734399999976],[110.55437320000004,-7.138657099999932],[110.55429890000005,-7.138548799999967],[110.55428810000006,-7.138536199999976],[110.55408480000006,-7.138472],[110.55350490000006,-7.138319899999942],[110.55325020000004,-7.138223799999935],[110.55322120000005,-7.138223899999957],[110.55306060000004,-7.138193299999955],[110.55288440000004,-7.13814739999998],[110.55273040000009,-7.138054499999953],[110.55259130000007,-7.137961699999948],[110.55243490000004,-7.137930899999958],[110.55228040000009,-7.137899799999957],[110.55214250000006,-7.137822],[110.55202120000007,-7.137697599999967],[110.55188080000005,-7.137635599999953],[110.55176980000005,-7.137512299999969],[110.55164330000008,-7.13738909999995],[110.55148610000003,-7.13731219999994],[110.55144760000007,-7.137285799999972],[110.55131530000006,-7.137258499999973],[110.55112460000004,-7.137248499999941],[110.55079650000005,-7.137305199999957],[110.55048370000009,-7.13740869999998],[110.55014040000009,-7.137569399999961],[110.54989630000006,-7.137711],[110.54954530000003,-7.13797569999997],[110.54929350000003,-7.138151199999925],[110.54920960000004,-7.138017599999955],[110.54917910000006,-7.137959899999942],[110.54917530000006,-7.137953899999957],[110.54885020000006,-7.138141399999938],[110.54866060000006,-7.137883199999976],[110.54858180000008,-7.137727699999971],[110.54851820000005,-7.137587599999961],[110.54840720000004,-7.137432],[110.54837490000006,-7.13727659999995],[110.54832690000006,-7.13710569999995],[110.548248,-7.136966],[110.54818480000006,-7.136810899999944],[110.54809050000006,-7.136671399999955],[110.547997,-7.136532],[110.54792,-7.136377],[110.54781120000007,-7.136253],[110.54768640000009,-7.136129],[110.54756160000005,-7.136035899999968],[110.54746810000006,-7.135896299999956],[110.54732780000006,-7.135818699999959],[110.54717180000006,-7.135787599999958],[110.54703150000006,-7.135709899999938],[110.54674970000008,-7.135585899999967],[110.54662410000009,-7.135462],[110.546483,-7.135338299999944],[110.54642010000003,-7.135199],[110.54631040000004,-7.134951399999977],[110.546907,-7.133969299999933],[110.54701660000006,-7.133648899999969],[110.54727670000005,-7.133434899999941],[110.54754570000006,-7.132997199999977],[110.54754170000007,-7.132593399999962],[110.54742220000009,-7.132239899999945],[110.54741560000008,-7.132219899999939],[110.54660920000003,-7.131050499999958],[110.54566330000006,-7.130407399999967],[110.54574590000004,-7.130919399999925],[110.54573060000007,-7.131036699999981],[110.545639,-7.131104899999968],[110.54547120000007,-7.13107679999996],[110.54533390000006,-7.130989099999965],[110.545166,-7.131008599999973],[110.54512790000007,-7.131008099999974],[110.54477690000004,-7.131004299999972],[110.54454040000007,-7.130949499999929],[110.54440310000007,-7.130868899999939],[110.54438020000003,-7.130797799999925],[110.54459380000009,-7.130534099999977],[110.54476160000007,-7.13035009999993],[110.54480740000008,-7.130239],[110.54477690000004,-7.130136],[110.54450230000003,-7.130195599999979],[110.54430390000005,-7.13025],[110.54419710000008,-7.130201799999952],[110.544136,-7.130109799999957],[110.54409790000005,-7.130034],[110.54402160000006,-7.12983939999998],[110.54405210000004,-7.129683899999975],[110.54414370000006,-7.129559499999971],[110.54285770000007,-7.128642399999933],[110.54238580000003,-7.128355299999953],[110.54208370000003,-7.128500899999949],[110.541954,-7.128566699999965],[110.54176330000007,-7.128547199999957],[110.54143520000008,-7.128438899999935],[110.54120640000008,-7.128706],[110.54099270000006,-7.128766499999927],[110.54081730000007,-7.128750799999978],[110.54068760000007,-7.128686899999934],[110.540657,-7.128618199999949],[110.54074090000006,-7.128441799999962],[110.54067990000004,-7.128366],[110.54017640000006,-7.12834689999994],[110.53992460000006,-7.128318699999966],[110.53961180000005,-7.128122799999971],[110.53946680000007,-7.128039299999955],[110.53942110000008,-7.128054599999928],[110.53945920000007,-7.128199099999961],[110.53954310000006,-7.128372199999944],[110.53952790000005,-7.128489499999944],[110.53947450000004,-7.12854619999996],[110.53902440000007,-7.128396],[110.53887940000004,-7.128309199999933],[110.538826,-7.12812329999997],[110.53881070000006,-7.127952099999959],[110.538681,-7.127779499999974],[110.53853610000004,-7.127679799999953],[110.53844450000008,-7.127697],[110.53834530000006,-7.127904399999977],[110.53836820000004,-7.128283899999929],[110.53836060000003,-7.128367899999944],[110.53822330000008,-7.128400299999953],[110.53800960000007,-7.128235299999972],[110.53787230000006,-7.128085099999964],[110.53771970000008,-7.128035499999953],[110.53756710000005,-7.128098],[110.53733060000008,-7.128129],[110.537117,-7.128137099999947],[110.536995,-7.128192899999931],[110.53696440000004,-7.128256299999975],[110.53716280000003,-7.128428399999962],[110.53729250000004,-7.128538099999957],[110.53733060000008,-7.128647799999953],[110.53722380000005,-7.128775599999926],[110.53719330000007,-7.129056899999966],[110.53719330000007,-7.129160399999932],[110.53707890000004,-7.12926189999996],[110.53684230000005,-7.129612399999928],[110.53671260000004,-7.129803599999946],[110.53659060000007,-7.129899499999965],[110.53639220000008,-7.12996389999995],[110.53626250000008,-7.129956199999981],[110.53620910000006,-7.129799799999944],[110.53568270000005,-7.129407799999967],[110.53549960000004,-7.129242899999952],[110.535469,-7.129118],[110.535553,-7.128922399999965],[110.53566740000008,-7.128663499999959],[110.53572080000004,-7.128459],[110.53565220000007,-7.128370699999948],[110.53543850000005,-7.128303],[110.53526310000007,-7.128314499999931],[110.53514860000007,-7.128379299999949],[110.53502660000004,-7.128542899999957],[110.53497310000006,-7.12883039999997],[110.53497310000006,-7.129289099999937],[110.53498840000009,-7.129530399999965],[110.53492740000007,-7.129683499999942],[110.53486630000003,-7.129803199999969],[110.53488160000006,-7.130094499999927],[110.53495790000005,-7.130364399999962],[110.53498840000009,-7.130418799999973],[110.534935,-7.130744899999968],[110.53471370000005,-7.130866],[110.53459170000008,-7.130850299999963],[110.53445430000005,-7.130863199999965],[110.53421020000008,-7.130904199999975],[110.53399660000008,-7.130867],[110.53359990000007,-7.13071629999996],[110.53305050000006,-7.13057079999993],[110.53290560000005,-7.130604699999935],[110.53269960000006,-7.130769199999975],[110.53246310000009,-7.130986199999938],[110.532341,-7.131134],[110.53228,-7.131221699999969],[110.53202060000007,-7.13139579999995],[110.531807,-7.131659],[110.53163910000006,-7.131872199999975],[110.53153230000004,-7.131816799999967],[110.53128050000004,-7.131668599999955],[110.53093720000004,-7.131504499999949],[110.53078460000006,-7.131405799999925],[110.530571,-7.131278],[110.53025060000004,-7.130971899999963],[110.52960970000004,-7.13100529999997],[110.52948760000004,-7.130887499999972],[110.52948760000004,-7.130801599999927],[110.52944950000006,-7.130707699999959],[110.52928920000005,-7.130602299999964],[110.52918240000008,-7.130484599999932],[110.529129,-7.130449299999952],[110.52899170000006,-7.13043209999995],[110.52877810000007,-7.13035629999996],[110.52808380000005,-7.129511299999933],[110.52787780000006,-7.129418399999963],[110.52734370000007,-7.12927389999993],[110.52716060000006,-7.129183699999942],[110.52710720000005,-7.129216699999972],[110.52683260000003,-7.129429799999969],[110.52658080000003,-7.12972069999995],[110.52635190000007,-7.129905699999938],[110.526146,-7.129978599999959],[110.52513880000004,-7.13035629999996],[110.52500910000003,-7.130426899999975],[110.52460480000008,-7.130700099999956],[110.52422330000007,-7.131042399999956],[110.52380370000009,-7.13138239999995],[110.52325440000004,-7.131691399999966],[110.52287290000004,-7.13190979999996],[110.52259060000006,-7.132147299999929],[110.52221680000008,-7.13263029999996],[110.52218630000004,-7.132651799999962],[110.52216340000007,-7.132689],[110.52185820000005,-7.132881599999962],[110.52168270000004,-7.132973199999981],[110.52153010000006,-7.133048],[110.52135470000007,-7.133117599999935],[110.52114870000008,-7.133187299999975],[110.52091980000006,-7.133235399999933],[110.52069860000006,-7.133248299999934],[110.52069650000004,-7.133247099999949],[110.52046960000007,-7.133116199999961],[110.52038570000008,-7.133065199999976],[110.519371,-7.132523499999934],[110.51901250000009,-7.132324199999971],[110.51857760000007,-7.132004699999925],[110.51822660000005,-7.131782499999929],[110.51799780000005,-7.131642299999953],[110.51763150000005,-7.131451599999934],[110.51731110000009,-7.131299],[110.51679990000008,-7.130993399999966],[110.51634210000009,-7.130700599999955],[110.51599120000009,-7.130433499999981],[110.51569360000008,-7.130191799999977],[110.515419,-7.129975299999955],[110.51535030000008,-7.129977199999928],[110.51520540000007,-7.12974689999993],[110.515068,-7.129642899999965],[110.51484680000004,-7.129413099999965],[110.51464850000008,-7.129209],[110.51416780000005,-7.128953399999943],[110.513588,-7.128434199999958],[110.51339720000004,-7.128255799999977],[110.51342770000008,-7.128219599999966],[110.51349640000007,-7.128036],[110.51351930000004,-7.127746099999968],[110.51367190000008,-7.127113299999962],[110.51386260000004,-7.126692299999945],[110.51382450000006,-7.126264499999934],[110.51380920000008,-7.126176799999939],[110.51374820000007,-7.125738599999977],[110.51373290000004,-7.125209299999938],[110.51381680000009,-7.125000399999976],[110.51386260000004,-7.124634699999945],[110.51356510000005,-7.123993399999961],[110.51335150000006,-7.12349219999993],[110.51295470000008,-7.123222799999951],[110.51280210000004,-7.123120799999981],[110.51225280000006,-7.122970599999974],[110.51152040000005,-7.122760299999925],[110.51118470000006,-7.122620599999948],[110.51067350000005,-7.122283899999957],[110.51020810000006,-7.12193439999993],[110.51020630000005,-7.121934899999928],[110.51021,-7.12193],[110.51081,-7.12114],[110.5111,-7.12065],[110.51126,-7.11976],[110.51124,-7.11946],[110.51143,-7.11901],[110.51157,-7.11864],[110.51177,-7.11818],[110.51205,-7.11724],[110.51206,-7.11683],[110.5121,-7.11629],[110.51213,-7.11571],[110.51206,-7.11506],[110.51224,-7.11452],[110.51241,-7.11403],[110.51268,-7.11362],[110.51289,-7.113],[110.51294,-7.11229],[110.51285,-7.11174],[110.51313,-7.11115],[110.51327,-7.11086],[110.51371,-7.11043],[110.51403,-7.1102],[110.51453,-7.10973],[110.51477,-7.10925],[110.51482,-7.10876],[110.51495,-7.10844],[110.51526,-7.10796],[110.51552,-7.10748],[110.51567,-7.10695],[110.51571,-7.10649],[110.51593,-7.10588],[110.51595,-7.10582],[110.5161,-7.10549],[110.51649,-7.10479],[110.51665,-7.10434],[110.5166,-7.10382],[110.51654,-7.10334],[110.51673,-7.10294],[110.51689,-7.10246],[110.51718,-7.10186],[110.51731,-7.10122],[110.51738,-7.10024],[110.51756,-7.0994],[110.51776,-7.09846],[110.51802,-7.09802],[110.51833,-7.09718],[110.51838,-7.09671],[110.51853,-7.09623],[110.51882,-7.09583],[110.51907,-7.0954],[110.51929,-7.0949],[110.51968,-7.09426],[110.52024,-7.09336],[110.52045,-7.09282],[110.52066,-7.09237],[110.5207,-7.09232],[110.52094,-7.09117],[110.52096,-7.09063],[110.52118,-7.08959],[110.52137,-7.08917],[110.5217,-7.08872],[110.52206,-7.08696],[110.52212,-7.08644],[110.52237,-7.08604],[110.52256,-7.08557],[110.52271,-7.08505],[110.523,-7.08435],[110.52322,-7.08371],[110.52368,-7.08299],[110.52393,-7.08243],[110.52402,-7.08196],[110.52405,-7.08133],[110.52413,-7.08074],[110.52439,-7.0802],[110.52481,-7.0792],[110.525,-7.0785],[110.52555,-7.07779],[110.5264,-7.07659],[110.52703,-7.07563],[110.52733,-7.07524],[110.52767,-7.07471],[110.52777,-7.07375],[110.52767,-7.07358],[110.52764,-7.07332],[110.52763,-7.07315],[110.52746,-7.07281],[110.52727,-7.07254],[110.52699,-7.07227],[110.52674,-7.0721],[110.5266,-7.07195],[110.52654,-7.07183],[110.52663,-7.07142],[110.5267,-7.07126],[110.52706,-7.07097],[110.52715,-7.07066],[110.52721,-7.07047],[110.5273,-7.07036],[110.52761,-7.07022],[110.52776,-7.07016],[110.52784,-7.07006],[110.52784,-7.06989],[110.52773,-7.06962],[110.52761,-7.06939],[110.52759,-7.06929],[110.52765,-7.06921],[110.52798,-7.06908],[110.52824,-7.06901],[110.52835,-7.06895],[110.52843,-7.06884],[110.52845,-7.06859],[110.52845,-7.06834],[110.52855,-7.06806],[110.52863,-7.06788],[110.52842,-7.06755],[110.52809,-7.06713],[110.52786,-7.06677],[110.52771,-7.06633],[110.52769,-7.06619],[110.52781,-7.06598],[110.52795,-7.06572],[110.52832,-7.06536],[110.52846,-7.0652],[110.52841,-7.06485],[110.52835,-7.0646],[110.52843,-7.06407],[110.52885,-7.0638],[110.52898,-7.0637],[110.52907,-7.06343],[110.5291,-7.06319],[110.52907,-7.063],[110.52898,-7.06285],[110.5289,-7.06276],[110.52884,-7.0619],[110.52885,-7.06142],[110.52888,-7.06127],[110.52904,-7.06074],[110.52914,-7.06022],[110.52924,-7.06],[110.52934,-7.05991],[110.52952,-7.05988],[110.53041,-7.06012],[110.53065,-7.06019],[110.53081,-7.06015],[110.53097,-7.05999],[110.53102,-7.05991],[110.53105,-7.05986],[110.53107,-7.05962],[110.53106,-7.05956],[110.53127,-7.05942],[110.53149,-7.05919],[110.53157,-7.05907],[110.53155,-7.05891],[110.53155,-7.05883],[110.53159,-7.05875],[110.53151,-7.05855],[110.53149,-7.05832],[110.53153,-7.05819],[110.53162,-7.05807],[110.53181,-7.058],[110.53196,-7.05797],[110.53208,-7.05788],[110.53205,-7.05769],[110.53199,-7.05749],[110.53203,-7.0573],[110.53209,-7.0572],[110.53227,-7.05687],[110.53236,-7.0567],[110.53229,-7.05619],[110.53222,-7.0559],[110.53194,-7.05571],[110.53179,-7.0556],[110.53161,-7.0554],[110.53163,-7.05528],[110.53176,-7.05512],[110.5318,-7.05476],[110.53212,-7.05432],[110.53224,-7.05416],[110.53228,-7.05411],[110.53231,-7.05394],[110.53231,-7.05386],[110.53228,-7.05378],[110.53238,-7.05365],[110.53253,-7.05352],[110.53268,-7.05323],[110.53297,-7.0528],[110.53301680000004,-7.052738499999975],[110.53316,-7.05255],[110.53319,-7.05212],[110.53324,-7.05194],[110.53342,-7.05149],[110.53351,-7.05131],[110.53366,-7.05119],[110.53376,-7.05114],[110.534,-7.05058],[110.53419,-7.0499],[110.53434,-7.04944],[110.53461,-7.04936],[110.53513,-7.04917],[110.53538,-7.04923],[110.53554,-7.04928],[110.53578,-7.04927],[110.53585,-7.0492],[110.53592,-7.04901],[110.53599,-7.04891],[110.5361,-7.04891],[110.53638,-7.049],[110.53646,-7.04892],[110.5365,-7.04881],[110.53681,-7.04878],[110.53692,-7.04865],[110.537,-7.04853],[110.53732,-7.04847],[110.53754,-7.04845],[110.53789,-7.0483],[110.53796,-7.04827],[110.53809,-7.04833],[110.53826,-7.04848],[110.53843,-7.04862],[110.53896,-7.04869],[110.53935,-7.04864],[110.53973,-7.04846],[110.5399,-7.04835],[110.54013,-7.04774],[110.5402,-7.04757],[110.54034,-7.04741],[110.54049,-7.04732],[110.54066,-7.04728],[110.54084,-7.04748],[110.54091,-7.04756],[110.54108,-7.04757],[110.54122,-7.04758],[110.54145,-7.04765],[110.54157,-7.04766],[110.54176,-7.04753],[110.54198,-7.04734],[110.54212,-7.04727],[110.54233,-7.04729],[110.54241,-7.04732],[110.54249,-7.04769],[110.54252,-7.0478],[110.54267,-7.0479],[110.54276,-7.04791],[110.54292,-7.04779],[110.54357,-7.04819],[110.5441,-7.04848],[110.54427,-7.04856],[110.54445,-7.04865],[110.54485,-7.04896],[110.54515,-7.04926],[110.54656,-7.05027],[110.54698,-7.0506],[110.54751,-7.05089],[110.54806,-7.05121],[110.54887,-7.05096],[110.54899,-7.0509],[110.54936,-7.05091],[110.54998,-7.05111],[110.55000550000005,-7.051115099999947],[110.55003560000006,-7.051121099999932],[110.55182780000007,-7.043006399999967],[110.551586,-7.042925599999933],[110.55051870000005,-7.042516099999943],[110.55035950000007,-7.042788299999927],[110.54976910000005,-7.042492699999968],[110.54986020000007,-7.042288499999927],[110.54833880000007,-7.041697],[110.54865760000007,-7.040834899999936],[110.54961170000007,-7.040835799999968],[110.54949870000007,-7.040268399999945],[110.54956740000006,-7.039655699999969],[110.54677440000006,-7.038631799999962],[110.54659240000007,-7.038835799999958],[110.54572960000007,-7.038426499999957],[110.54595760000007,-7.037609699999962],[110.54500410000009,-7.037018799999942],[110.54543640000009,-7.036293],[110.54505040000004,-7.036111],[110.54534040000004,-7.035475399999939],[110.54522080000004,-7.03544919999996],[110.54495,-7.03539],[110.54426,-7.03508],[110.54374,-7.03485],[110.54322,-7.03463],[110.54272,-7.03438],[110.54205,-7.03427],[110.54159,-7.03397],[110.54169,-7.03369],[110.54193,-7.03317],[110.54227,-7.03264],[110.54265,-7.03191],[110.54311,-7.03103],[110.54393,-7.0313],[110.54428,-7.03148],[110.54467,-7.03163],[110.54547,-7.03176],[110.54592,-7.03173],[110.54657,-7.03166],[110.54692,-7.03148],[110.54755,-7.03098],[110.54781,-7.03074],[110.54852,-7.03041],[110.54895,-7.03045],[110.54928,-7.03048],[110.54974,-7.03029],[110.55018,-7.03007],[110.5505,-7.02978],[110.55069,-7.02968],[110.55098,-7.02954],[110.55141,-7.02925],[110.55182,-7.02903],[110.55219,-7.02884],[110.55273,-7.02864],[110.55289,-7.02854],[110.55331,-7.02824],[110.55342,-7.02811],[110.5538,-7.02777],[110.55414,-7.02753],[110.55453,-7.02736],[110.55512,-7.02728],[110.55546,-7.02725],[110.55568,-7.02723],[110.55602,-7.02718],[110.55637,-7.02712],[110.55771,-7.02666],[110.5583,-7.02635],[110.55879,-7.02583],[110.55922,-7.02526],[110.55933,-7.02513],[110.55962,-7.025],[110.56027,-7.02474],[110.56046,-7.02431],[110.5609,-7.02377],[110.56107,-7.02359],[110.56116,-7.02331],[110.5613,-7.02286],[110.56163,-7.0219],[110.56178,-7.02155],[110.56191,-7.02138],[110.56238,-7.02081],[110.56262510000005,-7.020506],[110.56263,-7.0205],[110.56266330000005,-7.020458699999949],[110.56267940000004,-7.020438699999943],[110.56385930000005,-7.021055199999978],[110.56457490000008,-7.020341499999972],[110.56433650000008,-7.020460399999934],[110.56473420000009,-7.019905199999926],[110.56461530000007,-7.019587599999966],[110.564298,-7.019111099999975],[110.56445730000007,-7.018674699999963],[110.56549030000008,-7.018358199999966],[110.56505710000005,-7.017969499999936],[110.56452780000006,-7.017494499999941],[110.56453650000009,-7.017488399999934],[110.56492,-7.01722],[110.56526,-7.01699],[110.56563,-7.01638],[110.56608,-7.0158],[110.56621,-7.01561],[110.56627,-7.01532],[110.56557,-7.01489],[110.56521,-7.01468],[110.56483,-7.01434],[110.56442,-7.01398],[110.56403,-7.01373],[110.5636,-7.0134],[110.56326,-7.01305],[110.56327,-7.01254],[110.56326,-7.01203],[110.56331,-7.01155],[110.56342,-7.01106],[110.56354,-7.01063],[110.5636,-7.01004],[110.56356,-7.00947],[110.56348,-7.00883],[110.5634,-7.00844],[110.56345,-7.00827],[110.56363,-7.00774],[110.56367,-7.00758],[110.56392710000006,-7.007711099999938],[110.56418,-7.00784],[110.56436,-7.00793],[110.56471,-7.00809],[110.56543,-7.00845],[110.56594,-7.00872],[110.56632,-7.00894],[110.56658,-7.0091],[110.56786,-7.00989],[110.56821,-7.01011],[110.56831,-7.01018],[110.56848,-7.01028],[110.56865,-7.01006],[110.56869,-7.0102],[110.56888,-7.0104],[110.56919,-7.01062],[110.57015,-7.01169],[110.57085,-7.01273],[110.57125,-7.01338],[110.57244,-7.01497],[110.57261,-7.0152],[110.57281,-7.01549],[110.57292,-7.01564],[110.57317160000008,-7.015993099999946],[110.574741,-7.012948699999981],[110.57508410000008,-7.012167099999942],[110.57703960000003,-7.01309729999997],[110.57796850000005,-7.013440199999934],[110.57845740000005,-7.013685],[110.57762480000008,-7.014954699999976],[110.577086,-7.015833799999939],[110.57679210000003,-7.016322199999934],[110.57684040000004,-7.017006299999935],[110.57551980000005,-7.01931049999996],[110.57573,-7.01963],[110.5761,-7.01946],[110.57746,-7.0199],[110.5783,-7.02028],[110.57914,-7.02045],[110.57964,-7.02052],[110.57977,-7.0205],[110.58034,-7.02047],[110.58074780000004,-7.020458599999927],[110.58170680000006,-7.018688099999963],[110.58189060000007,-7.018184399999939],[110.58473160000005,-7.019423499999959],[110.58509610000004,-7.019727599999953],[110.58554,-7.01983],[110.58631660000009,-7.019724599999961],[110.58794370000004,-7.015670899999975],[110.59015550000004,-7.016815],[110.59224,-7.01502],[110.59294,-7.01446],[110.5935,-7.01403],[110.59448,-7.01324],[110.59505,-7.01268],[110.59542,-7.01184],[110.59617,-7.01062],[110.59636,-7.00913],[110.59673,-7.00805],[110.5972,-7.00721],[110.59819,-7.00726],[110.59907,-7.00735],[110.60316,-7.00837],[110.60448,-7.00834],[110.60508,-7.00835],[110.60571,-7.00862],[110.60606,-7.00909],[110.60645,-7.00951],[110.60732,-7.01026],[110.60749,-7.01066],[110.60766,-7.01115],[110.60758,-7.01165],[110.60745,-7.01218],[110.60727,-7.01294],[110.60726340000008,-7.013010599999973],[110.60779460000003,-7.013077399999929],[110.60742690000006,-7.014222],[110.60825180000006,-7.014497499999948],[110.60815950000006,-7.015230199999962],[110.60760940000006,-7.015183899999954],[110.60714990000008,-7.016603299999929],[110.60765390000006,-7.016786899999943],[110.60710270000004,-7.018114599999933],[110.60765280000004,-7.018115099999932],[110.60760560000006,-7.019809599999974],[110.60632,-7.019768399999975],[110.60631,-7.01986],[110.60637590000005,-7.019957],[110.60667,-7.02039],[110.60749,-7.02129],[110.6082,-7.02173],[110.61062,-7.02219],[110.61167,-7.02241],[110.61183450000004,-7.022443],[110.61186480000003,-7.02244909999996],[110.612217,-7.022519699999975],[110.61267450000008,-7.021739399999944],[110.61291070000004,-7.021532299999933],[110.61388890000006,-7.020394],[110.61413670000007,-7.020131]]]]}}]}